original_path,output_path,speaker,class,original_format,original_duration,original_sample_rate,original_channels,processing_status,failure_reason
c:\Users\Dell\Desktop\KWS PROJECT\PROXIMA_DATASET\SPK001\proxima\2026-09-05_165834652.wav,c:\Users\Dell\Desktop\KWS PROJECT\PROXIMA_DATA_2\SPK001\proxima\2026-09-05_165834652.wav,SPK001,proxima,.wav,0.9600,48000,1,SUCCESS,
c:\Users\Dell\Desktop\KWS PROJECT\PROXIMA_DATASET\SPK001\proxima\2026-09-05_170206538.wav,c:\Users\Dell\Desktop\KWS PROJECT\PROXIMA_DATA_2\SPK001\proxima\2026-09-05_170206538.wav,SPK001,proxima,.wav,1.5600,48000,1,SUCCESS,
c:\Users\Dell\Desktop\KWS PROJECT\PROXIMA_DATASET\SPK001\proxima\2026-09-05_170218048.wav,c:\Users\Dell\Desktop\KWS PROJECT\PROXIMA_DATA_2\SPK001\proxima\2026-09-05_170218048.wav,SPK001,proxima,.wav,1.5600,48000,1,SUCCESS,
c:\Users\Dell\Desktop\KWS PROJECT\PROXIMA_DATASET\SPK001\proxima\2026-09-05_170234702.wav,c:\Users\Dell\Desktop\KWS PROJECT\PROXIMA_DATA_2\SPK001\proxima\2026-09-05_170234702.wav,SPK001,proxima,.wav,1.2800,48000,1,SUCCESS,
c:\Users\Dell\Desktop\KWS PROJECT\PROXIMA_DATASET\SPK001\proxima\2026-09-05_170258320.wav,c:\Users\Dell\Desktop\KWS PROJECT\PROXIMA_DATA_2\SPK001\proxima\2026-09-05_170258320.wav,SPK001,proxima,.wav,1.9600,48000,1,SUCCESS,
c:\Users\Dell\Desktop\KWS PROJECT\PROXIMA_DATASET\SPK001\proxima\2026-09-05_170303448.wav,c:\Users\Dell\Desktop\KWS PROJECT\PROXIMA_DATA_2\SPK001\proxima\2026-09-05_170303448.wav,SPK001,proxima,.wav,0.9600,48000,1,SUCCESS,
c:\Users\Dell\Desktop\KWS PROJECT\PROXIMA_DATASET\SPK001\proxima\2026-09-05_170308942.wav,c:\Users\Dell\Desktop\KWS PROJECT\PROXIMA_DATA_2\SPK001\proxima\2026-09-05_170308942.wav,SPK001,proxima,.wav,1.4400,48000,1,SUCCESS,
c:\Users\Dell\Desktop\KWS PROJECT\PROXIMA_DATASET\SPK001\proxima\2026-09-05_170316488.wav,c:\Users\Dell\Desktop\KWS PROJECT\PROXIMA_DATA_2\SPK001\proxima\2026-09-05_170316488.wav,SPK001,proxima,.wav,1.9200,48000,1,SUCCESS,
c:\Users\Dell\Desktop\KWS PROJECT\PROXIMA_DATASET\SPK001\proxima\2026-09-05_170354227.wav,c:\Users\Dell\Desktop\KWS PROJECT\PROXIMA_DATA_2\SPK001\proxima\2026-09-05_170354227.wav,SPK001,proxima,.wav,1.9200,48000,1,SUCCESS,
c:\Users\Dell\Desktop\KWS PROJECT\PROXIMA_DATASET\SPK001\proxima\2026-09-05_170400350.wav,c:\Users\Dell\Desktop\KWS PROJECT\PROXIMA_DATA_2\SPK001\proxima\2026-09-05_170400350.wav,SPK001,proxima,.wav,1.8400,48000,1,SUCCESS,
c:\Users\Dell\Desktop\KWS PROJECT\PROXIMA_DATASET\SPK001\proxima\2026-09-05_170410928.wav,c:\Users\Dell\Desktop\KWS PROJECT\PROXIMA_DATA_2\SPK001\proxima\2026-09-05_170410928.wav,SPK001,proxima,.wav,1.1600,48000,1,SUCCESS,
c:\Users\Dell\Desktop\KWS PROJECT\PROXIMA_DATASET\SPK001\proxima\2026-09-05_170425586.wav,c:\Users\Dell\Desktop\KWS PROJECT\PROXIMA_DATA_2\SPK001\proxima\2026-09-05_170425586.wav,SPK001,proxima,.wav,1.0000,48000,1,SUCCESS,
c:\Users\Dell\Desktop\KWS PROJECT\PROXIMA_DATASET\SPK001\proxima\2026-09-05_170431419.wav,c:\Users\Dell\Desktop\KWS PROJECT\PROXIMA_DATA_2\SPK001\proxima\2026-09-05_170431419.wav,SPK001,proxima,.wav,1.4000,48000,1,SUCCESS,
c:\Users\Dell\Desktop\KWS PROJECT\PROXIMA_DATASET\SPK001\proxima\2026-09-05_170456641.wav,c:\Users\Dell\Desktop\KWS PROJECT\PROXIMA_DATA_2\SPK001\proxima\2026-09-05_170456641.wav,SPK001,proxima,.wav,1.6400,48000,1,SUCCESS,
c:\Users\Dell\Desktop\KWS PROJECT\PROXIMA_DATASET\SPK001\proxima\2026-09-05_170511230.wav,c:\Users\Dell\Desktop\KWS PROJECT\PROXIMA_DATA_2\SPK001\proxima\2026-09-05_170511230.wav,SPK001,proxima,.wav,1.3600,48000,1,SUCCESS,
c:\Users\Dell\Desktop\KWS PROJECT\PROXIMA_DATASET\SPK001\proxima\2026-09-05_170527575.wav,c:\Users\Dell\Desktop\KWS PROJECT\PROXIMA_DATA_2\SPK001\proxima\2026-09-05_170527575.wav,SPK001,proxima,.wav,2.0000,48000,1,SUCCESS,
c:\Users\Dell\Desktop\KWS PROJECT\PROXIMA_DATASET\SPK001\proxima\2026-09-05_170609444.wav,c:\Users\Dell\Desktop\KWS PROJECT\PROXIMA_DATA_2\SPK001\proxima\2026-09-05_170609444.wav,SPK001,proxima,.wav,1.6400,48000,1,SUCCESS,
c:\Users\Dell\Desktop\KWS PROJECT\PROXIMA_DATASET\SPK001\proxima\2026-09-05_170618965.wav,c:\Users\Dell\Desktop\KWS PROJECT\PROXIMA_DATA_2\SPK001\proxima\2026-09-05_170618965.wav,SPK001,proxima,.wav,1.0000,48000,1,SUCCESS,
c:\Users\Dell\Desktop\KWS PROJECT\PROXIMA_DATASET\SPK001\proxima\2026-09-05_170624901.wav,c:\Users\Dell\Desktop\KWS PROJECT\PROXIMA_DATA_2\SPK001\proxima\2026-09-05_170624901.wav,SPK001,proxima,.wav,1.0800,48000,1,SUCCESS,
c:\Users\Dell\Desktop\KWS PROJECT\PROXIMA_DATASET\SPK001\proxima\2026-09-05_170632936.wav,c:\Users\Dell\Desktop\KWS PROJECT\PROXIMA_DATA_2\SPK001\proxima\2026-09-05_170632936.wav,SPK001,proxima,.wav,1.7200,48000,1,SUCCESS,
c:\Users\Dell\Desktop\KWS PROJECT\PROXIMA_DATASET\SPK001\proxima\2026-09-05_170636423.wav,c:\Users\Dell\Desktop\KWS PROJECT\PROXIMA_DATA_2\SPK001\proxima\2026-09-05_170636423.wav,SPK001,proxima,.wav,1.5200,48000,1,SUCCESS,
c:\Users\Dell\Desktop\KWS PROJECT\PROXIMA_DATASET\SPK001\proxima\2026-09-05_170642425.wav,c:\Users\Dell\Desktop\KWS PROJECT\PROXIMA_DATA_2\SPK001\proxima\2026-09-05_170642425.wav,SPK001,proxima,.wav,1.8800,48000,1,SUCCESS,
c:\Users\Dell\Desktop\KWS PROJECT\PROXIMA_DATASET\SPK001\proxima\2026-09-05_170703414.wav,c:\Users\Dell\Desktop\KWS PROJECT\PROXIMA_DATA_2\SPK001\proxima\2026-09-05_170703414.wav,SPK001,proxima,.wav,1.4400,48000,1,SUCCESS,
c:\Users\Dell\Desktop\KWS PROJECT\PROXIMA_DATASET\SPK001\proxima\2026-09-05_170707113.wav,c:\Users\Dell\Desktop\KWS PROJECT\PROXIMA_DATA_2\SPK001\proxima\2026-09-05_170707113.wav,SPK001,proxima,.wav,1.4400,48000,1,SUCCESS,
c:\Users\Dell\Desktop\KWS PROJECT\PROXIMA_DATASET\SPK001\proxima\2026-09-05_170710325.wav,c:\Users\Dell\Desktop\KWS PROJECT\PROXIMA_DATA_2\SPK001\proxima\2026-09-05_170710325.wav,SPK001,proxima,.wav,1.4400,48000,1,SUCCESS,
c:\Users\Dell\Desktop\KWS PROJECT\PROXIMA_DATASET\SPK001\proxima\2026-09-05_170715924.wav,c:\Users\Dell\Desktop\KWS PROJECT\PROXIMA_DATA_2\SPK001\proxima\2026-09-05_170715924.wav,SPK001,proxima,.wav,1.1600,48000,1,SUCCESS,
c:\Users\Dell\Desktop\KWS PROJECT\PROXIMA_DATASET\SPK001\proxima\2026-09-05_170725488.wav,c:\Users\Dell\Desktop\KWS PROJECT\PROXIMA_DATA_2\SPK001\proxima\2026-09-05_170725488.wav,SPK001,proxima,.wav,1.1200,48000,1,SUCCESS,
c:\Users\Dell\Desktop\KWS PROJECT\PROXIMA_DATASET\SPK001\proxima\2026-09-05_170800447.wav,c:\Users\Dell\Desktop\KWS PROJECT\PROXIMA_DATA_2\SPK001\proxima\2026-09-05_170800447.wav,SPK001,proxima,.wav,1.5200,48000,1,SUCCESS,
c:\Users\Dell\Desktop\KWS PROJECT\PROXIMA_DATASET\SPK001\proxima\2026-09-05_170836115.wav,c:\Users\Dell\Desktop\KWS PROJECT\PROXIMA_DATA_2\SPK001\proxima\2026-09-05_170836115.wav,SPK001,proxima,.wav,2.1600,48000,1,SUCCESS,
c:\Users\Dell\Desktop\KWS PROJECT\PROXIMA_DATASET\SPK001\proxima\2026-09-05_170901630.wav,c:\Users\Dell\Desktop\KWS PROJECT\PROXIMA_DATA_2\SPK001\proxima\2026-09-05_170901630.wav,SPK001,proxima,.wav,1.8800,48000,1,SUCCESS,
c:\Users\Dell\Desktop\KWS PROJECT\PROXIMA_DATASET\SPK001\proxima\2026-09-05_170905329.wav,c:\Users\Dell\Desktop\KWS PROJECT\PROXIMA_DATA_2\SPK001\proxima\2026-09-05_170905329.wav,SPK001,proxima,.wav,1.4000,48000,1,SUCCESS,
c:\Users\Dell\Desktop\KWS PROJECT\PROXIMA_DATASET\SPK001\unknown\2026-09-05_202110986.wav,c:\Users\Dell\Desktop\KWS PROJECT\PROXIMA_DATA_2\SPK001\unknown\2026-09-05_202110986.wav,SPK001,unknown,.wav,1.3600,48000,1,SUCCESS,
c:\Users\Dell\Desktop\KWS PROJECT\PROXIMA_DATASET\SPK001\unknown\2026-09-05_202115151.wav,c:\Users\Dell\Desktop\KWS PROJECT\PROXIMA_DATA_2\SPK001\unknown\2026-09-05_202115151.wav,SPK001,unknown,.wav,1.3200,48000,1,SUCCESS,
c:\Users\Dell\Desktop\KWS PROJECT\PROXIMA_DATASET\SPK001\unknown\2026-09-05_202118673.wav,c:\Users\Dell\Desktop\KWS PROJECT\PROXIMA_DATA_2\SPK001\unknown\2026-09-05_202118673.wav,SPK001,unknown,.wav,1.2000,48000,1,SUCCESS,
c:\Users\Dell\Desktop\KWS PROJECT\PROXIMA_DATASET\SPK001\unknown\2026-09-05_202121725.wav,c:\Users\Dell\Desktop\KWS PROJECT\PROXIMA_DATA_2\SPK001\unknown\2026-09-05_202121725.wav,SPK001,unknown,.wav,1.2800,48000,1,SUCCESS,
c:\Users\Dell\Desktop\KWS PROJECT\PROXIMA_DATASET\SPK001\unknown\2026-09-05_202124703.wav,c:\Users\Dell\Desktop\KWS PROJECT\PROXIMA_DATA_2\SPK001\unknown\2026-09-05_202124703.wav,SPK001,unknown,.wav,1.2000,48000,1,SUCCESS,
c:\Users\Dell\Desktop\KWS PROJECT\PROXIMA_DATASET\SPK001\unknown\2026-09-05_202130477.wav,c:\Users\Dell\Desktop\KWS PROJECT\PROXIMA_DATA_2\SPK001\unknown\2026-09-05_202130477.wav,SPK001,unknown,.wav,1.2000,48000,1,SUCCESS,
c:\Users\Dell\Desktop\KWS PROJECT\PROXIMA_DATASET\SPK001\unknown\2026-09-05_202134204.wav,c:\Users\Dell\Desktop\KWS PROJECT\PROXIMA_DATA_2\SPK001\unknown\2026-09-05_202134204.wav,SPK001,unknown,.wav,1.4800,48000,1,SUCCESS,
c:\Users\Dell\Desktop\KWS PROJECT\PROXIMA_DATASET\SPK001\unknown\2026-09-05_202138670.wav,c:\Users\Dell\Desktop\KWS PROJECT\PROXIMA_DATA_2\SPK001\unknown\2026-09-05_202138670.wav,SPK001,unknown,.wav,1.2400,48000,1,SUCCESS,
c:\Users\Dell\Desktop\KWS PROJECT\PROXIMA_DATASET\SPK001\unknown\2026-09-05_202141760.wav,c:\Users\Dell\Desktop\KWS PROJECT\PROXIMA_DATA_2\SPK001\unknown\2026-09-05_202141760.wav,SPK001,unknown,.wav,1.4000,48000,1,SUCCESS,
c:\Users\Dell\Desktop\KWS PROJECT\PROXIMA_DATASET\SPK001\unknown\2026-09-05_202145701.wav,c:\Users\Dell\Desktop\KWS PROJECT\PROXIMA_DATA_2\SPK001\unknown\2026-09-05_202145701.wav,SPK001,unknown,.wav,1.4800,48000,1,SUCCESS,
c:\Users\Dell\Desktop\KWS PROJECT\PROXIMA_DATASET\SPK001\unknown\2026-09-05_202151360.wav,c:\Users\Dell\Desktop\KWS PROJECT\PROXIMA_DATA_2\SPK001\unknown\2026-09-05_202151360.wav,SPK001,unknown,.wav,1.3200,48000,1,SUCCESS,
c:\Users\Dell\Desktop\KWS PROJECT\PROXIMA_DATASET\SPK001\unknown\2026-09-05_202155050.wav,c:\Users\Dell\Desktop\KWS PROJECT\PROXIMA_DATA_2\SPK001\unknown\2026-09-05_202155050.wav,SPK001,unknown,.wav,1.2800,48000,1,SUCCESS,
c:\Users\Dell\Desktop\KWS PROJECT\PROXIMA_DATASET\SPK001\unknown\2026-09-05_202158006.wav,c:\Users\Dell\Desktop\KWS PROJECT\PROXIMA_DATA_2\SPK001\unknown\2026-09-05_202158006.wav,SPK001,unknown,.wav,1.4400,48000,1,SUCCESS,
c:\Users\Dell\Desktop\KWS PROJECT\PROXIMA_DATASET\SPK001\unknown\2026-09-05_202200807.wav,c:\Users\Dell\Desktop\KWS PROJECT\PROXIMA_DATA_2\SPK001\unknown\2026-09-05_202200807.wav,SPK001,unknown,.wav,1.4000,48000,1,SUCCESS,
c:\Users\Dell\Desktop\KWS PROJECT\PROXIMA_DATASET\SPK001\unknown\2026-09-05_202203552.wav,c:\Users\Dell\Desktop\KWS PROJECT\PROXIMA_DATA_2\SPK001\unknown\2026-09-05_202203552.wav,SPK001,unknown,.wav,1.3200,48000,1,SUCCESS,
c:\Users\Dell\Desktop\KWS PROJECT\PROXIMA_DATASET\SPK001\unknown\2026-09-05_202206197.wav,c:\Users\Dell\Desktop\KWS PROJECT\PROXIMA_DATA_2\SPK001\unknown\2026-09-05_202206197.wav,SPK001,unknown,.wav,1.6000,48000,1,SUCCESS,
c:\Users\Dell\Desktop\KWS PROJECT\PROXIMA_DATASET\SPK001\unknown\2026-09-05_202209647.wav,c:\Users\Dell\Desktop\KWS PROJECT\PROXIMA_DATA_2\SPK001\unknown\2026-09-05_202209647.wav,SPK001,unknown,.wav,1.3600,48000,1,SUCCESS,
c:\Users\Dell\Desktop\KWS PROJECT\PROXIMA_DATASET\SPK001\unknown\2026-09-05_202212391.wav,c:\Users\Dell\Desktop\KWS PROJECT\PROXIMA_DATA_2\SPK001\unknown\2026-09-05_202212391.wav,SPK001,unknown,.wav,1.4000,48000,1,SUCCESS,
c:\Users\Dell\Desktop\KWS PROJECT\PROXIMA_DATASET\SPK001\unknown\2026-09-05_202215193.wav,c:\Users\Dell\Desktop\KWS PROJECT\PROXIMA_DATA_2\SPK001\unknown\2026-09-05_202215193.wav,SPK001,unknown,.wav,1.3600,48000,1,SUCCESS,
c:\Users\Dell\Desktop\KWS PROJECT\PROXIMA_DATASET\SPK001\unknown\2026-09-05_202217760.wav,c:\Users\Dell\Desktop\KWS PROJECT\PROXIMA_DATA_2\SPK001\unknown\2026-09-05_202217760.wav,SPK001,unknown,.wav,1.1600,48000,1,SUCCESS,
c:\Users\Dell\Desktop\KWS PROJECT\PROXIMA_DATASET\SPK001\unknown\2026-09-05_202223904.wav,c:\Users\Dell\Desktop\KWS PROJECT\PROXIMA_DATA_2\SPK001\unknown\2026-09-05_202223904.wav,SPK001,unknown,.wav,1.2400,48000,1,SUCCESS,
c:\Users\Dell\Desktop\KWS PROJECT\PROXIMA_DATASET\SPK001\unknown\2026-09-05_202227022.wav,c:\Users\Dell\Desktop\KWS PROJECT\PROXIMA_DATA_2\SPK001\unknown\2026-09-05_202227022.wav,SPK001,unknown,.wav,1.2000,48000,1,SUCCESS,
c:\Users\Dell\Desktop\KWS PROJECT\PROXIMA_DATASET\SPK001\unknown\2026-09-05_202230122.wav,c:\Users\Dell\Desktop\KWS PROJECT\PROXIMA_DATA_2\SPK001\unknown\2026-09-05_202230122.wav,SPK001,unknown,.wav,1.5200,48000,1,SUCCESS,
c:\Users\Dell\Desktop\KWS PROJECT\PROXIMA_DATASET\SPK001\unknown\2026-09-05_202233244.wav,c:\Users\Dell\Desktop\KWS PROJECT\PROXIMA_DATA_2\SPK001\unknown\2026-09-05_202233244.wav,SPK001,unknown,.wav,1.3200,48000,1,SUCCESS,
c:\Users\Dell\Desktop\KWS PROJECT\PROXIMA_DATASET\SPK001\unknown\2026-09-05_202235856.wav,c:\Users\Dell\Desktop\KWS PROJECT\PROXIMA_DATA_2\SPK001\unknown\2026-09-05_202235856.wav,SPK001,unknown,.wav,1.2000,48000,1,SUCCESS,
c:\Users\Dell\Desktop\KWS PROJECT\PROXIMA_DATASET\SPK001\unknown\2026-09-05_202239056.wav,c:\Users\Dell\Desktop\KWS PROJECT\PROXIMA_DATA_2\SPK001\unknown\2026-09-05_202239056.wav,SPK001,unknown,.wav,1.2400,48000,1,SUCCESS,
c:\Users\Dell\Desktop\KWS PROJECT\PROXIMA_DATASET\SPK001\unknown\2026-09-05_202241656.wav,c:\Users\Dell\Desktop\KWS PROJECT\PROXIMA_DATA_2\SPK001\unknown\2026-09-05_202241656.wav,SPK001,unknown,.wav,1.2400,48000,1,SUCCESS,
c:\Users\Dell\Desktop\KWS PROJECT\PROXIMA_DATASET\SPK001\unknown\2026-09-05_202247246.wav,c:\Users\Dell\Desktop\KWS PROJECT\PROXIMA_DATA_2\SPK001\unknown\2026-09-05_202247246.wav,SPK001,unknown,.wav,1.2400,48000,1,SUCCESS,
c:\Users\Dell\Desktop\KWS PROJECT\PROXIMA_DATASET\SPK001\unknown\2026-09-05_202249758.wav,c:\Users\Dell\Desktop\KWS PROJECT\PROXIMA_DATA_2\SPK001\unknown\2026-09-05_202249758.wav,SPK001,unknown,.wav,1.4400,48000,1,SUCCESS,
c:\Users\Dell\Desktop\KWS PROJECT\PROXIMA_DATASET\SPK001\unknown\2026-09-05_202258636.wav,c:\Users\Dell\Desktop\KWS PROJECT\PROXIMA_DATA_2\SPK001\unknown\2026-09-05_202258636.wav,SPK001,unknown,.wav,1.4000,48000,1,SUCCESS,
c:\Users\Dell\Desktop\KWS PROJECT\PROXIMA_DATASET\SPK001\unknown\2026-09-05_202301580.wav,c:\Users\Dell\Desktop\KWS PROJECT\PROXIMA_DATA_2\SPK001\unknown\2026-09-05_202301580.wav,SPK001,unknown,.wav,1.3200,48000,1,SUCCESS,
c:\Users\Dell\Desktop\KWS PROJECT\PROXIMA_DATASET\SPK001\unknown\2026-09-05_202304226.wav,c:\Users\Dell\Desktop\KWS PROJECT\PROXIMA_DATA_2\SPK001\unknown\2026-09-05_202304226.wav,SPK001,unknown,.wav,1.3600,48000,1,SUCCESS,
c:\Users\Dell\Desktop\KWS PROJECT\PROXIMA_DATASET\SPK001\unknown\2026-09-05_202306970.wav,c:\Users\Dell\Desktop\KWS PROJECT\PROXIMA_DATA_2\SPK001\unknown\2026-09-05_202306970.wav,SPK001,unknown,.wav,1.4800,48000,1,SUCCESS,
c:\Users\Dell\Desktop\KWS PROJECT\PROXIMA_DATASET\SPK001\unknown\2026-09-05_202310372.wav,c:\Users\Dell\Desktop\KWS PROJECT\PROXIMA_DATA_2\SPK001\unknown\2026-09-05_202310372.wav,SPK001,unknown,.wav,1.3200,48000,1,SUCCESS,
c:\Users\Dell\Desktop\KWS PROJECT\PROXIMA_DATASET\SPK001\unknown\2026-09-05_202312971.wav,c:\Users\Dell\Desktop\KWS PROJECT\PROXIMA_DATA_2\SPK001\unknown\2026-09-05_202312971.wav,SPK001,unknown,.wav,1.4800,48000,1,SUCCESS,
c:\Users\Dell\Desktop\KWS PROJECT\PROXIMA_DATASET\SPK001\unknown\2026-09-05_202315694.wav,c:\Users\Dell\Desktop\KWS PROJECT\PROXIMA_DATA_2\SPK001\unknown\2026-09-05_202315694.wav,SPK001,unknown,.wav,1.6000,48000,1,SUCCESS,
c:\Users\Dell\Desktop\KWS PROJECT\PROXIMA_DATASET\SPK001\unknown\2026-09-05_202319060.wav,c:\Users\Dell\Desktop\KWS PROJECT\PROXIMA_DATA_2\SPK001\unknown\2026-09-05_202319060.wav,SPK001,unknown,.wav,1.6000,48000,1,SUCCESS,
c:\Users\Dell\Desktop\KWS PROJECT\PROXIMA_DATASET\SPK001\unknown\2026-09-05_202321939.wav,c:\Users\Dell\Desktop\KWS PROJECT\PROXIMA_DATA_2\SPK001\unknown\2026-09-05_202321939.wav,SPK001,unknown,.wav,1.6400,48000,1,SUCCESS,
c:\Users\Dell\Desktop\KWS PROJECT\PROXIMA_DATASET\SPK001\unknown\2026-09-05_202330079.wav,c:\Users\Dell\Desktop\KWS PROJECT\PROXIMA_DATA_2\SPK001\unknown\2026-09-05_202330079.wav,SPK001,unknown,.wav,1.4400,48000,1,SUCCESS,
c:\Users\Dell\Desktop\KWS PROJECT\PROXIMA_DATASET\SPK001\unknown\2026-09-05_202332780.wav,c:\Users\Dell\Desktop\KWS PROJECT\PROXIMA_DATA_2\SPK001\unknown\2026-09-05_202332780.wav,SPK001,unknown,.wav,1.6400,48000,1,SUCCESS,
c:\Users\Dell\Desktop\KWS PROJECT\PROXIMA_DATASET\SPK001\unknown\2026-09-05_202336847.wav,c:\Users\Dell\Desktop\KWS PROJECT\PROXIMA_DATA_2\SPK001\unknown\2026-09-05_202336847.wav,SPK001,unknown,.wav,1.8400,48000,1,SUCCESS,
c:\Users\Dell\Desktop\KWS PROJECT\PROXIMA_DATASET\SPK001\unknown\2026-09-05_202339858.wav,c:\Users\Dell\Desktop\KWS PROJECT\PROXIMA_DATA_2\SPK001\unknown\2026-09-05_202339858.wav,SPK001,unknown,.wav,1.6000,48000,1,SUCCESS,
c:\Users\Dell\Desktop\KWS PROJECT\PROXIMA_DATASET\SPK001\unknown\2026-09-05_202349337.wav,c:\Users\Dell\Desktop\KWS PROJECT\PROXIMA_DATA_2\SPK001\unknown\2026-09-05_202349337.wav,SPK001,unknown,.wav,1.4800,48000,1,SUCCESS,
c:\Users\Dell\Desktop\KWS PROJECT\PROXIMA_DATASET\SPK001\unknown\2026-09-05_202352128.wav,c:\Users\Dell\Desktop\KWS PROJECT\PROXIMA_DATA_2\SPK001\unknown\2026-09-05_202352128.wav,SPK001,unknown,.wav,1.2800,48000,1,SUCCESS,
c:\Users\Dell\Desktop\KWS PROJECT\PROXIMA_DATASET\SPK001\unknown\2026-09-05_202355688.wav,c:\Users\Dell\Desktop\KWS PROJECT\PROXIMA_DATA_2\SPK001\unknown\2026-09-05_202355688.wav,SPK001,unknown,.wav,1.3600,48000,1,SUCCESS,
c:\Users\Dell\Desktop\KWS PROJECT\PROXIMA_DATASET\SPK001\unknown\2026-09-05_202358398.wav,c:\Users\Dell\Desktop\KWS PROJECT\PROXIMA_DATA_2\SPK001\unknown\2026-09-05_202358398.wav,SPK001,unknown,.wav,1.1600,48000,1,SUCCESS,
c:\Users\Dell\Desktop\KWS PROJECT\PROXIMA_DATASET\SPK001\unknown\2026-09-05_202400811.wav,c:\Users\Dell\Desktop\KWS PROJECT\PROXIMA_DATA_2\SPK001\unknown\2026-09-05_202400811.wav,SPK001,unknown,.wav,1.2000,48000,1,SUCCESS,
c:\Users\Dell\Desktop\KWS PROJECT\PROXIMA_DATASET\SPK001\unknown\2026-09-05_202416173.wav,c:\Users\Dell\Desktop\KWS PROJECT\PROXIMA_DATA_2\SPK001\unknown\2026-09-05_202416173.wav,SPK001,unknown,.wav,1.1600,48000,1,SUCCESS,
c:\Users\Dell\Desktop\KWS PROJECT\PROXIMA_DATASET\SPK001\unknown\2026-09-05_202418462.wav,c:\Users\Dell\Desktop\KWS PROJECT\PROXIMA_DATA_2\SPK001\unknown\2026-09-05_202418462.wav,SPK001,unknown,.wav,1.1600,48000,1,SUCCESS,
c:\Users\Dell\Desktop\KWS PROJECT\PROXIMA_DATASET\SPK001\unknown\2026-09-05_202420840.wav,c:\Users\Dell\Desktop\KWS PROJECT\PROXIMA_DATA_2\SPK001\unknown\2026-09-05_202420840.wav,SPK001,unknown,.wav,1.2400,48000,1,SUCCESS,
c:\Users\Dell\Desktop\KWS PROJECT\PROXIMA_DATASET\SPK002\proxima\05-09-2026 10.48.wav,c:\Users\Dell\Desktop\KWS PROJECT\PROXIMA_DATA_2\SPK002\proxima\05-09-2026 10.48.wav,SPK002,proxima,.wav,1.4400,16000,1,SUCCESS,
c:\Users\Dell\Desktop\KWS PROJECT\PROXIMA_DATASET\SPK002\proxima\05-09-2026 10.49(2).wav,c:\Users\Dell\Desktop\KWS PROJECT\PROXIMA_DATA_2\SPK002\proxima\05-09-2026 10.49(2).wav,SPK002,proxima,.wav,1.6000,16000,1,SUCCESS,
c:\Users\Dell\Desktop\KWS PROJECT\PROXIMA_DATASET\SPK002\proxima\05-09-2026 10.49.wav,c:\Users\Dell\Desktop\KWS PROJECT\PROXIMA_DATA_2\SPK002\proxima\05-09-2026 10.49.wav,SPK002,proxima,.wav,1.4400,16000,1,SUCCESS,
c:\Users\Dell\Desktop\KWS PROJECT\PROXIMA_DATASET\SPK002\proxima\05-09-2026 10.50(2).wav,c:\Users\Dell\Desktop\KWS PROJECT\PROXIMA_DATA_2\SPK002\proxima\05-09-2026 10.50(2).wav,SPK002,proxima,.wav,1.7600,16000,1,SUCCESS,
c:\Users\Dell\Desktop\KWS PROJECT\PROXIMA_DATASET\SPK002\proxima\05-09-2026 10.50.wav,c:\Users\Dell\Desktop\KWS PROJECT\PROXIMA_DATA_2\SPK002\proxima\05-09-2026 10.50.wav,SPK002,proxima,.wav,1.7000,16000,1,SUCCESS,
c:\Users\Dell\Desktop\KWS PROJECT\PROXIMA_DATASET\SPK002\proxima\05-09-2026 10.51(2).wav,c:\Users\Dell\Desktop\KWS PROJECT\PROXIMA_DATA_2\SPK002\proxima\05-09-2026 10.51(2).wav,SPK002,proxima,.wav,1.7600,16000,1,SUCCESS,
c:\Users\Dell\Desktop\KWS PROJECT\PROXIMA_DATASET\SPK002\proxima\05-09-2026 10.51(3).wav,c:\Users\Dell\Desktop\KWS PROJECT\PROXIMA_DATA_2\SPK002\proxima\05-09-2026 10.51(3).wav,SPK002,proxima,.wav,1.2800,16000,1,SUCCESS,
c:\Users\Dell\Desktop\KWS PROJECT\PROXIMA_DATASET\SPK002\proxima\05-09-2026 10.51.wav,c:\Users\Dell\Desktop\KWS PROJECT\PROXIMA_DATA_2\SPK002\proxima\05-09-2026 10.51.wav,SPK002,proxima,.wav,1.9000,16000,1,SUCCESS,
c:\Users\Dell\Desktop\KWS PROJECT\PROXIMA_DATASET\SPK002\proxima\05-09-2026 10.52(2).wav,c:\Users\Dell\Desktop\KWS PROJECT\PROXIMA_DATA_2\SPK002\proxima\05-09-2026 10.52(2).wav,SPK002,proxima,.wav,1.7400,16000,1,SUCCESS,
c:\Users\Dell\Desktop\KWS PROJECT\PROXIMA_DATASET\SPK002\proxima\05-09-2026 10.52.wav,c:\Users\Dell\Desktop\KWS PROJECT\PROXIMA_DATA_2\SPK002\proxima\05-09-2026 10.52.wav,SPK002,proxima,.wav,1.3400,16000,1,SUCCESS,
c:\Users\Dell\Desktop\KWS PROJECT\PROXIMA_DATASET\SPK002\proxima\05-09-2026 10.53(2).wav,c:\Users\Dell\Desktop\KWS PROJECT\PROXIMA_DATA_2\SPK002\proxima\05-09-2026 10.53(2).wav,SPK002,proxima,.wav,1.6200,16000,1,SUCCESS,
c:\Users\Dell\Desktop\KWS PROJECT\PROXIMA_DATASET\SPK002\proxima\05-09-2026 10.53(3).wav,c:\Users\Dell\Desktop\KWS PROJECT\PROXIMA_DATA_2\SPK002\proxima\05-09-2026 10.53(3).wav,SPK002,proxima,.wav,1.8200,16000,1,SUCCESS,
c:\Users\Dell\Desktop\KWS PROJECT\PROXIMA_DATASET\SPK002\proxima\05-09-2026 10.53.wav,c:\Users\Dell\Desktop\KWS PROJECT\PROXIMA_DATA_2\SPK002\proxima\05-09-2026 10.53.wav,SPK002,proxima,.wav,2.0800,16000,1,SUCCESS,
c:\Users\Dell\Desktop\KWS PROJECT\PROXIMA_DATASET\SPK002\proxima\05-09-2026 10.54(2).wav,c:\Users\Dell\Desktop\KWS PROJECT\PROXIMA_DATA_2\SPK002\proxima\05-09-2026 10.54(2).wav,SPK002,proxima,.wav,1.8000,16000,1,SUCCESS,
c:\Users\Dell\Desktop\KWS PROJECT\PROXIMA_DATASET\SPK002\proxima\05-09-2026 10.54(3).wav,c:\Users\Dell\Desktop\KWS PROJECT\PROXIMA_DATA_2\SPK002\proxima\05-09-2026 10.54(3).wav,SPK002,proxima,.wav,1.9000,16000,1,SUCCESS,
c:\Users\Dell\Desktop\KWS PROJECT\PROXIMA_DATASET\SPK002\proxima\05-09-2026 10.54(4).wav,c:\Users\Dell\Desktop\KWS PROJECT\PROXIMA_DATA_2\SPK002\proxima\05-09-2026 10.54(4).wav,SPK002,proxima,.wav,1.6000,16000,1,SUCCESS,
c:\Users\Dell\Desktop\KWS PROJECT\PROXIMA_DATASET\SPK002\proxima\05-09-2026 10.54(5).wav,c:\Users\Dell\Desktop\KWS PROJECT\PROXIMA_DATA_2\SPK002\proxima\05-09-2026 10.54(5).wav,SPK002,proxima,.wav,1.9200,16000,1,SUCCESS,
c:\Users\Dell\Desktop\KWS PROJECT\PROXIMA_DATASET\SPK002\proxima\05-09-2026 10.54.wav,c:\Users\Dell\Desktop\KWS PROJECT\PROXIMA_DATA_2\SPK002\proxima\05-09-2026 10.54.wav,SPK002,proxima,.wav,1.9200,16000,1,SUCCESS,
c:\Users\Dell\Desktop\KWS PROJECT\PROXIMA_DATASET\SPK002\proxima\05-09-2026 10.55(2).wav,c:\Users\Dell\Desktop\KWS PROJECT\PROXIMA_DATA_2\SPK002\proxima\05-09-2026 10.55(2).wav,SPK002,proxima,.wav,1.6000,16000,1,SUCCESS,
c:\Users\Dell\Desktop\KWS PROJECT\PROXIMA_DATASET\SPK002\proxima\05-09-2026 10.55(3).wav,c:\Users\Dell\Desktop\KWS PROJECT\PROXIMA_DATA_2\SPK002\proxima\05-09-2026 10.55(3).wav,SPK002,proxima,.wav,1.7600,16000,1,SUCCESS,
c:\Users\Dell\Desktop\KWS PROJECT\PROXIMA_DATASET\SPK002\proxima\05-09-2026 10.55(4).wav,c:\Users\Dell\Desktop\KWS PROJECT\PROXIMA_DATA_2\SPK002\proxima\05-09-2026 10.55(4).wav,SPK002,proxima,.wav,1.5800,16000,1,SUCCESS,
c:\Users\Dell\Desktop\KWS PROJECT\PROXIMA_DATASET\SPK002\proxima\05-09-2026 10.55.wav,c:\Users\Dell\Desktop\KWS PROJECT\PROXIMA_DATA_2\SPK002\proxima\05-09-2026 10.55.wav,SPK002,proxima,.wav,2.1000,16000,1,SUCCESS,
c:\Users\Dell\Desktop\KWS PROJECT\PROXIMA_DATASET\SPK002\proxima\05-09-2026 10.58(2).wav,c:\Users\Dell\Desktop\KWS PROJECT\PROXIMA_DATA_2\SPK002\proxima\05-09-2026 10.58(2).wav,SPK002,proxima,.wav,1.6800,16000,1,SUCCESS,
c:\Users\Dell\Desktop\KWS PROJECT\PROXIMA_DATASET\SPK002\proxima\05-09-2026 10.58(3).wav,c:\Users\Dell\Desktop\KWS PROJECT\PROXIMA_DATA_2\SPK002\proxima\05-09-2026 10.58(3).wav,SPK002,proxima,.wav,1.1800,16000,1,SUCCESS,
c:\Users\Dell\Desktop\KWS PROJECT\PROXIMA_DATASET\SPK002\proxima\05-09-2026 10.58(4).wav,c:\Users\Dell\Desktop\KWS PROJECT\PROXIMA_DATA_2\SPK002\proxima\05-09-2026 10.58(4).wav,SPK002,proxima,.wav,1.8400,16000,1,SUCCESS,
c:\Users\Dell\Desktop\KWS PROJECT\PROXIMA_DATASET\SPK002\proxima\05-09-2026 10.58.wav,c:\Users\Dell\Desktop\KWS PROJECT\PROXIMA_DATA_2\SPK002\proxima\05-09-2026 10.58.wav,SPK002,proxima,.wav,1.6000,16000,1,SUCCESS,
c:\Users\Dell\Desktop\KWS PROJECT\PROXIMA_DATASET\SPK002\proxima\05-09-2026 10.59(2).wav,c:\Users\Dell\Desktop\KWS PROJECT\PROXIMA_DATA_2\SPK002\proxima\05-09-2026 10.59(2).wav,SPK002,proxima,.wav,1.8800,16000,1,SUCCESS,
c:\Users\Dell\Desktop\KWS PROJECT\PROXIMA_DATASET\SPK002\proxima\05-09-2026 10.59.wav,c:\Users\Dell\Desktop\KWS PROJECT\PROXIMA_DATA_2\SPK002\proxima\05-09-2026 10.59.wav,SPK002,proxima,.wav,1.8200,16000,1,SUCCESS,
c:\Users\Dell\Desktop\KWS PROJECT\PROXIMA_DATASET\SPK002\proxima\05-09-2026 11.00(2).wav,c:\Users\Dell\Desktop\KWS PROJECT\PROXIMA_DATA_2\SPK002\proxima\05-09-2026 11.00(2).wav,SPK002,proxima,.wav,1.4000,16000,1,SUCCESS,
c:\Users\Dell\Desktop\KWS PROJECT\PROXIMA_DATASET\SPK002\proxima\05-09-2026 11.00(3).wav,c:\Users\Dell\Desktop\KWS PROJECT\PROXIMA_DATA_2\SPK002\proxima\05-09-2026 11.00(3).wav,SPK002,proxima,.wav,1.2800,16000,1,SUCCESS,
c:\Users\Dell\Desktop\KWS PROJECT\PROXIMA_DATASET\SPK002\proxima\05-09-2026 11.00(4).wav,c:\Users\Dell\Desktop\KWS PROJECT\PROXIMA_DATA_2\SPK002\proxima\05-09-2026 11.00(4).wav,SPK002,proxima,.wav,1.9000,16000,1,SUCCESS,
c:\Users\Dell\Desktop\KWS PROJECT\PROXIMA_DATASET\SPK002\proxima\05-09-2026 11.00.wav,c:\Users\Dell\Desktop\KWS PROJECT\PROXIMA_DATA_2\SPK002\proxima\05-09-2026 11.00.wav,SPK002,proxima,.wav,1.9600,16000,1,SUCCESS,
c:\Users\Dell\Desktop\KWS PROJECT\PROXIMA_DATASET\SPK002\proxima\05-09-2026 11.01(2).wav,c:\Users\Dell\Desktop\KWS PROJECT\PROXIMA_DATA_2\SPK002\proxima\05-09-2026 11.01(2).wav,SPK002,proxima,.wav,1.6600,16000,1,SUCCESS,
c:\Users\Dell\Desktop\KWS PROJECT\PROXIMA_DATASET\SPK002\proxima\05-09-2026 11.01(3).wav,c:\Users\Dell\Desktop\KWS PROJECT\PROXIMA_DATA_2\SPK002\proxima\05-09-2026 11.01(3).wav,SPK002,proxima,.wav,1.7400,16000,1,SUCCESS,
c:\Users\Dell\Desktop\KWS PROJECT\PROXIMA_DATASET\SPK002\proxima\05-09-2026 11.01(4).wav,c:\Users\Dell\Desktop\KWS PROJECT\PROXIMA_DATA_2\SPK002\proxima\05-09-2026 11.01(4).wav,SPK002,proxima,.wav,1.1800,16000,1,SUCCESS,
c:\Users\Dell\Desktop\KWS PROJECT\PROXIMA_DATASET\SPK002\proxima\05-09-2026 11.01.wav,c:\Users\Dell\Desktop\KWS PROJECT\PROXIMA_DATA_2\SPK002\proxima\05-09-2026 11.01.wav,SPK002,proxima,.wav,2.2400,16000,1,SUCCESS,
c:\Users\Dell\Desktop\KWS PROJECT\PROXIMA_DATASET\SPK002\proxima\05-09-2026 11.02(2).wav,c:\Users\Dell\Desktop\KWS PROJECT\PROXIMA_DATA_2\SPK002\proxima\05-09-2026 11.02(2).wav,SPK002,proxima,.wav,1.5000,16000,1,SUCCESS,
c:\Users\Dell\Desktop\KWS PROJECT\PROXIMA_DATASET\SPK002\proxima\05-09-2026 11.02(3).wav,c:\Users\Dell\Desktop\KWS PROJECT\PROXIMA_DATA_2\SPK002\proxima\05-09-2026 11.02(3).wav,SPK002,proxima,.wav,1.5600,16000,1,SUCCESS,
c:\Users\Dell\Desktop\KWS PROJECT\PROXIMA_DATASET\SPK002\proxima\05-09-2026 11.02.wav,c:\Users\Dell\Desktop\KWS PROJECT\PROXIMA_DATA_2\SPK002\proxima\05-09-2026 11.02.wav,SPK002,proxima,.wav,1.5600,16000,1,SUCCESS,
c:\Users\Dell\Desktop\KWS PROJECT\PROXIMA_DATASET\SPK002\proxima\05-09-2026 11.03.wav,c:\Users\Dell\Desktop\KWS PROJECT\PROXIMA_DATA_2\SPK002\proxima\05-09-2026 11.03.wav,SPK002,proxima,.wav,1.7800,16000,1,SUCCESS,
c:\Users\Dell\Desktop\KWS PROJECT\PROXIMA_DATASET\SPK002\unknown\05-09-2026 16.54.wav,c:\Users\Dell\Desktop\KWS PROJECT\PROXIMA_DATA_2\SPK002\unknown\05-09-2026 16.54.wav,SPK002,unknown,.wav,1.5400,16000,1,SUCCESS,
c:\Users\Dell\Desktop\KWS PROJECT\PROXIMA_DATASET\SPK002\unknown\05-09-2026 16.55(2).wav,c:\Users\Dell\Desktop\KWS PROJECT\PROXIMA_DATA_2\SPK002\unknown\05-09-2026 16.55(2).wav,SPK002,unknown,.wav,1.7200,16000,1,SUCCESS,
c:\Users\Dell\Desktop\KWS PROJECT\PROXIMA_DATASET\SPK002\unknown\05-09-2026 16.55(3).wav,c:\Users\Dell\Desktop\KWS PROJECT\PROXIMA_DATA_2\SPK002\unknown\05-09-2026 16.55(3).wav,SPK002,unknown,.wav,1.6000,16000,1,SUCCESS,
c:\Users\Dell\Desktop\KWS PROJECT\PROXIMA_DATASET\SPK002\unknown\05-09-2026 16.55(4).wav,c:\Users\Dell\Desktop\KWS PROJECT\PROXIMA_DATA_2\SPK002\unknown\05-09-2026 16.55(4).wav,SPK002,unknown,.wav,1.9000,16000,1,SUCCESS,
c:\Users\Dell\Desktop\KWS PROJECT\PROXIMA_DATASET\SPK002\unknown\05-09-2026 16.55.wav,c:\Users\Dell\Desktop\KWS PROJECT\PROXIMA_DATA_2\SPK002\unknown\05-09-2026 16.55.wav,SPK002,unknown,.wav,1.7000,16000,1,SUCCESS,
c:\Users\Dell\Desktop\KWS PROJECT\PROXIMA_DATASET\SPK002\unknown\05-09-2026 16.56(2).wav,c:\Users\Dell\Desktop\KWS PROJECT\PROXIMA_DATA_2\SPK002\unknown\05-09-2026 16.56(2).wav,SPK002,unknown,.wav,2.1000,16000,1,SUCCESS,
c:\Users\Dell\Desktop\KWS PROJECT\PROXIMA_DATASET\SPK002\unknown\05-09-2026 16.56(3).wav,c:\Users\Dell\Desktop\KWS PROJECT\PROXIMA_DATA_2\SPK002\unknown\05-09-2026 16.56(3).wav,SPK002,unknown,.wav,1.6800,16000,1,SUCCESS,
c:\Users\Dell\Desktop\KWS PROJECT\PROXIMA_DATASET\SPK002\unknown\05-09-2026 16.56(4).wav,c:\Users\Dell\Desktop\KWS PROJECT\PROXIMA_DATA_2\SPK002\unknown\05-09-2026 16.56(4).wav,SPK002,unknown,.wav,1.8800,16000,1,SUCCESS,
c:\Users\Dell\Desktop\KWS PROJECT\PROXIMA_DATASET\SPK002\unknown\05-09-2026 16.56(5).wav,c:\Users\Dell\Desktop\KWS PROJECT\PROXIMA_DATA_2\SPK002\unknown\05-09-2026 16.56(5).wav,SPK002,unknown,.wav,1.6000,16000,1,SUCCESS,
c:\Users\Dell\Desktop\KWS PROJECT\PROXIMA_DATASET\SPK002\unknown\05-09-2026 16.56(6).wav,c:\Users\Dell\Desktop\KWS PROJECT\PROXIMA_DATA_2\SPK002\unknown\05-09-2026 16.56(6).wav,SPK002,unknown,.wav,1.6400,16000,1,SUCCESS,
c:\Users\Dell\Desktop\KWS PROJECT\PROXIMA_DATASET\SPK002\unknown\05-09-2026 16.56(7).wav,c:\Users\Dell\Desktop\KWS PROJECT\PROXIMA_DATA_2\SPK002\unknown\05-09-2026 16.56(7).wav,SPK002,unknown,.wav,1.5000,16000,1,SUCCESS,
c:\Users\Dell\Desktop\KWS PROJECT\PROXIMA_DATASET\SPK002\unknown\05-09-2026 16.56.wav,c:\Users\Dell\Desktop\KWS PROJECT\PROXIMA_DATA_2\SPK002\unknown\05-09-2026 16.56.wav,SPK002,unknown,.wav,1.7800,16000,1,SUCCESS,
c:\Users\Dell\Desktop\KWS PROJECT\PROXIMA_DATASET\SPK002\unknown\05-09-2026 16.57(2).wav,c:\Users\Dell\Desktop\KWS PROJECT\PROXIMA_DATA_2\SPK002\unknown\05-09-2026 16.57(2).wav,SPK002,unknown,.wav,1.7800,16000,1,SUCCESS,
c:\Users\Dell\Desktop\KWS PROJECT\PROXIMA_DATASET\SPK002\unknown\05-09-2026 16.57(3).wav,c:\Users\Dell\Desktop\KWS PROJECT\PROXIMA_DATA_2\SPK002\unknown\05-09-2026 16.57(3).wav,SPK002,unknown,.wav,1.5600,16000,1,SUCCESS,
c:\Users\Dell\Desktop\KWS PROJECT\PROXIMA_DATASET\SPK002\unknown\05-09-2026 16.57(4).wav,c:\Users\Dell\Desktop\KWS PROJECT\PROXIMA_DATA_2\SPK002\unknown\05-09-2026 16.57(4).wav,SPK002,unknown,.wav,1.7400,16000,1,SUCCESS,
c:\Users\Dell\Desktop\KWS PROJECT\PROXIMA_DATASET\SPK002\unknown\05-09-2026 16.57(5).wav,c:\Users\Dell\Desktop\KWS PROJECT\PROXIMA_DATA_2\SPK002\unknown\05-09-2026 16.57(5).wav,SPK002,unknown,.wav,1.8400,16000,1,SUCCESS,
c:\Users\Dell\Desktop\KWS PROJECT\PROXIMA_DATASET\SPK002\unknown\05-09-2026 16.57(6).wav,c:\Users\Dell\Desktop\KWS PROJECT\PROXIMA_DATA_2\SPK002\unknown\05-09-2026 16.57(6).wav,SPK002,unknown,.wav,1.8600,16000,1,SUCCESS,
c:\Users\Dell\Desktop\KWS PROJECT\PROXIMA_DATASET\SPK002\unknown\05-09-2026 16.57.wav,c:\Users\Dell\Desktop\KWS PROJECT\PROXIMA_DATA_2\SPK002\unknown\05-09-2026 16.57.wav,SPK002,unknown,.wav,2.0000,16000,1,SUCCESS,
c:\Users\Dell\Desktop\KWS PROJECT\PROXIMA_DATASET\SPK002\unknown\05-09-2026 16.58(2).wav,c:\Users\Dell\Desktop\KWS PROJECT\PROXIMA_DATA_2\SPK002\unknown\05-09-2026 16.58(2).wav,SPK002,unknown,.wav,1.6000,16000,1,SUCCESS,
c:\Users\Dell\Desktop\KWS PROJECT\PROXIMA_DATASET\SPK002\unknown\05-09-2026 16.58(3).wav,c:\Users\Dell\Desktop\KWS PROJECT\PROXIMA_DATA_2\SPK002\unknown\05-09-2026 16.58(3).wav,SPK002,unknown,.wav,1.7000,16000,1,SUCCESS,
c:\Users\Dell\Desktop\KWS PROJECT\PROXIMA_DATASET\SPK002\unknown\05-09-2026 16.58(4).wav,c:\Users\Dell\Desktop\KWS PROJECT\PROXIMA_DATA_2\SPK002\unknown\05-09-2026 16.58(4).wav,SPK002,unknown,.wav,1.6600,16000,1,SUCCESS,
c:\Users\Dell\Desktop\KWS PROJECT\PROXIMA_DATASET\SPK002\unknown\05-09-2026 16.58.wav,c:\Users\Dell\Desktop\KWS PROJECT\PROXIMA_DATA_2\SPK002\unknown\05-09-2026 16.58.wav,SPK002,unknown,.wav,1.6800,16000,1,SUCCESS,
c:\Users\Dell\Desktop\KWS PROJECT\PROXIMA_DATASET\SPK002\unknown\05-09-2026 16.59(2).wav,c:\Users\Dell\Desktop\KWS PROJECT\PROXIMA_DATA_2\SPK002\unknown\05-09-2026 16.59(2).wav,SPK002,unknown,.wav,1.6400,16000,1,SUCCESS,
c:\Users\Dell\Desktop\KWS PROJECT\PROXIMA_DATASET\SPK002\unknown\05-09-2026 16.59(3).wav,c:\Users\Dell\Desktop\KWS PROJECT\PROXIMA_DATA_2\SPK002\unknown\05-09-2026 16.59(3).wav,SPK002,unknown,.wav,1.4400,16000,1,SUCCESS,
c:\Users\Dell\Desktop\KWS PROJECT\PROXIMA_DATASET\SPK002\unknown\05-09-2026 16.59.wav,c:\Users\Dell\Desktop\KWS PROJECT\PROXIMA_DATA_2\SPK002\unknown\05-09-2026 16.59.wav,SPK002,unknown,.wav,1.4600,16000,1,SUCCESS,
c:\Users\Dell\Desktop\KWS PROJECT\PROXIMA_DATASET\SPK002\unknown\05-09-2026 17.00(10).wav,c:\Users\Dell\Desktop\KWS PROJECT\PROXIMA_DATA_2\SPK002\unknown\05-09-2026 17.00(10).wav,SPK002,unknown,.wav,1.3800,16000,1,SUCCESS,
c:\Users\Dell\Desktop\KWS PROJECT\PROXIMA_DATASET\SPK002\unknown\05-09-2026 17.00(2).wav,c:\Users\Dell\Desktop\KWS PROJECT\PROXIMA_DATA_2\SPK002\unknown\05-09-2026 17.00(2).wav,SPK002,unknown,.wav,1.6000,16000,1,SUCCESS,
c:\Users\Dell\Desktop\KWS PROJECT\PROXIMA_DATASET\SPK002\unknown\05-09-2026 17.00(3).wav,c:\Users\Dell\Desktop\KWS PROJECT\PROXIMA_DATA_2\SPK002\unknown\05-09-2026 17.00(3).wav,SPK002,unknown,.wav,1.4800,16000,1,SUCCESS,
c:\Users\Dell\Desktop\KWS PROJECT\PROXIMA_DATASET\SPK002\unknown\05-09-2026 17.00(4).wav,c:\Users\Dell\Desktop\KWS PROJECT\PROXIMA_DATA_2\SPK002\unknown\05-09-2026 17.00(4).wav,SPK002,unknown,.wav,1.3800,16000,1,SUCCESS,
c:\Users\Dell\Desktop\KWS PROJECT\PROXIMA_DATASET\SPK002\unknown\05-09-2026 17.00(5).wav,c:\Users\Dell\Desktop\KWS PROJECT\PROXIMA_DATA_2\SPK002\unknown\05-09-2026 17.00(5).wav,SPK002,unknown,.wav,1.6000,16000,1,SUCCESS,
c:\Users\Dell\Desktop\KWS PROJECT\PROXIMA_DATASET\SPK002\unknown\05-09-2026 17.00(6).wav,c:\Users\Dell\Desktop\KWS PROJECT\PROXIMA_DATA_2\SPK002\unknown\05-09-2026 17.00(6).wav,SPK002,unknown,.wav,1.7600,16000,1,SUCCESS,
c:\Users\Dell\Desktop\KWS PROJECT\PROXIMA_DATASET\SPK002\unknown\05-09-2026 17.00(7).wav,c:\Users\Dell\Desktop\KWS PROJECT\PROXIMA_DATA_2\SPK002\unknown\05-09-2026 17.00(7).wav,SPK002,unknown,.wav,1.7600,16000,1,SUCCESS,
c:\Users\Dell\Desktop\KWS PROJECT\PROXIMA_DATASET\SPK002\unknown\05-09-2026 17.00(8).wav,c:\Users\Dell\Desktop\KWS PROJECT\PROXIMA_DATA_2\SPK002\unknown\05-09-2026 17.00(8).wav,SPK002,unknown,.wav,2.0200,16000,1,SUCCESS,
c:\Users\Dell\Desktop\KWS PROJECT\PROXIMA_DATASET\SPK002\unknown\05-09-2026 17.00(9).wav,c:\Users\Dell\Desktop\KWS PROJECT\PROXIMA_DATA_2\SPK002\unknown\05-09-2026 17.00(9).wav,SPK002,unknown,.wav,1.5600,16000,1,SUCCESS,
c:\Users\Dell\Desktop\KWS PROJECT\PROXIMA_DATASET\SPK002\unknown\05-09-2026 17.00.wav,c:\Users\Dell\Desktop\KWS PROJECT\PROXIMA_DATA_2\SPK002\unknown\05-09-2026 17.00.wav,SPK002,unknown,.wav,1.7600,16000,1,SUCCESS,
c:\Users\Dell\Desktop\KWS PROJECT\PROXIMA_DATASET\SPK002\unknown\05-09-2026 17.01(2).wav,c:\Users\Dell\Desktop\KWS PROJECT\PROXIMA_DATA_2\SPK002\unknown\05-09-2026 17.01(2).wav,SPK002,unknown,.wav,1.8600,16000,1,SUCCESS,
c:\Users\Dell\Desktop\KWS PROJECT\PROXIMA_DATASET\SPK002\unknown\05-09-2026 17.01(3).wav,c:\Users\Dell\Desktop\KWS PROJECT\PROXIMA_DATA_2\SPK002\unknown\05-09-2026 17.01(3).wav,SPK002,unknown,.wav,1.8200,16000,1,SUCCESS,
c:\Users\Dell\Desktop\KWS PROJECT\PROXIMA_DATASET\SPK002\unknown\05-09-2026 17.01(4).wav,c:\Users\Dell\Desktop\KWS PROJECT\PROXIMA_DATA_2\SPK002\unknown\05-09-2026 17.01(4).wav,SPK002,unknown,.wav,1.7200,16000,1,SUCCESS,
c:\Users\Dell\Desktop\KWS PROJECT\PROXIMA_DATASET\SPK002\unknown\05-09-2026 17.01(5).wav,c:\Users\Dell\Desktop\KWS PROJECT\PROXIMA_DATA_2\SPK002\unknown\05-09-2026 17.01(5).wav,SPK002,unknown,.wav,1.6600,16000,1,SUCCESS,
c:\Users\Dell\Desktop\KWS PROJECT\PROXIMA_DATASET\SPK002\unknown\05-09-2026 17.01(6).wav,c:\Users\Dell\Desktop\KWS PROJECT\PROXIMA_DATA_2\SPK002\unknown\05-09-2026 17.01(6).wav,SPK002,unknown,.wav,2.0400,16000,1,SUCCESS,
c:\Users\Dell\Desktop\KWS PROJECT\PROXIMA_DATASET\SPK002\unknown\05-09-2026 17.01.wav,c:\Users\Dell\Desktop\KWS PROJECT\PROXIMA_DATA_2\SPK002\unknown\05-09-2026 17.01.wav,SPK002,unknown,.wav,1.6200,16000,1,SUCCESS,
c:\Users\Dell\Desktop\KWS PROJECT\PROXIMA_DATASET\SPK002\unknown\05-09-2026 17.02(2).wav,c:\Users\Dell\Desktop\KWS PROJECT\PROXIMA_DATA_2\SPK002\unknown\05-09-2026 17.02(2).wav,SPK002,unknown,.wav,1.9400,16000,1,SUCCESS,
c:\Users\Dell\Desktop\KWS PROJECT\PROXIMA_DATASET\SPK002\unknown\05-09-2026 17.02(3).wav,c:\Users\Dell\Desktop\KWS PROJECT\PROXIMA_DATA_2\SPK002\unknown\05-09-2026 17.02(3).wav,SPK002,unknown,.wav,1.9800,16000,1,SUCCESS,
c:\Users\Dell\Desktop\KWS PROJECT\PROXIMA_DATASET\SPK002\unknown\05-09-2026 17.02(4).wav,c:\Users\Dell\Desktop\KWS PROJECT\PROXIMA_DATA_2\SPK002\unknown\05-09-2026 17.02(4).wav,SPK002,unknown,.wav,1.9200,16000,1,SUCCESS,
c:\Users\Dell\Desktop\KWS PROJECT\PROXIMA_DATASET\SPK002\unknown\05-09-2026 17.02(5).wav,c:\Users\Dell\Desktop\KWS PROJECT\PROXIMA_DATA_2\SPK002\unknown\05-09-2026 17.02(5).wav,SPK002,unknown,.wav,1.9200,16000,1,SUCCESS,
c:\Users\Dell\Desktop\KWS PROJECT\PROXIMA_DATASET\SPK002\unknown\05-09-2026 17.02(6).wav,c:\Users\Dell\Desktop\KWS PROJECT\PROXIMA_DATA_2\SPK002\unknown\05-09-2026 17.02(6).wav,SPK002,unknown,.wav,1.7400,16000,1,SUCCESS,
c:\Users\Dell\Desktop\KWS PROJECT\PROXIMA_DATASET\SPK002\unknown\05-09-2026 17.02(7).wav,c:\Users\Dell\Desktop\KWS PROJECT\PROXIMA_DATA_2\SPK002\unknown\05-09-2026 17.02(7).wav,SPK002,unknown,.wav,1.9800,16000,1,SUCCESS,
c:\Users\Dell\Desktop\KWS PROJECT\PROXIMA_DATASET\SPK002\unknown\05-09-2026 17.02(8).wav,c:\Users\Dell\Desktop\KWS PROJECT\PROXIMA_DATA_2\SPK002\unknown\05-09-2026 17.02(8).wav,SPK002,unknown,.wav,1.8200,16000,1,SUCCESS,
c:\Users\Dell\Desktop\KWS PROJECT\PROXIMA_DATASET\SPK002\unknown\05-09-2026 17.02.wav,c:\Users\Dell\Desktop\KWS PROJECT\PROXIMA_DATA_2\SPK002\unknown\05-09-2026 17.02.wav,SPK002,unknown,.wav,1.6000,16000,1,SUCCESS,
c:\Users\Dell\Desktop\KWS PROJECT\PROXIMA_DATASET\SPK002\unknown\05-09-2026 17.03.wav,c:\Users\Dell\Desktop\KWS PROJECT\PROXIMA_DATA_2\SPK002\unknown\05-09-2026 17.03.wav,SPK002,unknown,.wav,1.8400,16000,1,SUCCESS,
c:\Users\Dell\Desktop\KWS PROJECT\PROXIMA_DATASET\SPK002\unknown\07-09-2026 15.42(2).wav,c:\Users\Dell\Desktop\KWS PROJECT\PROXIMA_DATA_2\SPK002\unknown\07-09-2026 15.42(2).wav,SPK002,unknown,.wav,1.9600,48000,2,SUCCESS,
c:\Users\Dell\Desktop\KWS PROJECT\PROXIMA_DATASET\SPK002\unknown\07-09-2026 15.42(3).wav,c:\Users\Dell\Desktop\KWS PROJECT\PROXIMA_DATA_2\SPK002\unknown\07-09-2026 15.42(3).wav,SPK002,unknown,.wav,2.0800,48000,2,SUCCESS,
c:\Users\Dell\Desktop\KWS PROJECT\PROXIMA_DATASET\SPK002\unknown\07-09-2026 15.42(4).wav,c:\Users\Dell\Desktop\KWS PROJECT\PROXIMA_DATA_2\SPK002\unknown\07-09-2026 15.42(4).wav,SPK002,unknown,.wav,1.8600,48000,2,SUCCESS,
c:\Users\Dell\Desktop\KWS PROJECT\PROXIMA_DATASET\SPK002\unknown\07-09-2026 15.42.wav,c:\Users\Dell\Desktop\KWS PROJECT\PROXIMA_DATA_2\SPK002\unknown\07-09-2026 15.42.wav,SPK002,unknown,.wav,1.9000,48000,2,SUCCESS,
c:\Users\Dell\Desktop\KWS PROJECT\PROXIMA_DATASET\SPK002\unknown\07-09-2026 15.43(2).wav,c:\Users\Dell\Desktop\KWS PROJECT\PROXIMA_DATA_2\SPK002\unknown\07-09-2026 15.43(2).wav,SPK002,unknown,.wav,1.7000,48000,2,SUCCESS,
c:\Users\Dell\Desktop\KWS PROJECT\PROXIMA_DATASET\SPK002\unknown\07-09-2026 15.43(3).wav,c:\Users\Dell\Desktop\KWS PROJECT\PROXIMA_DATA_2\SPK002\unknown\07-09-2026 15.43(3).wav,SPK002,unknown,.wav,1.6400,48000,2,SUCCESS,
c:\Users\Dell\Desktop\KWS PROJECT\PROXIMA_DATASET\SPK002\unknown\07-09-2026 15.43(4).wav,c:\Users\Dell\Desktop\KWS PROJECT\PROXIMA_DATA_2\SPK002\unknown\07-09-2026 15.43(4).wav,SPK002,unknown,.wav,1.7800,48000,2,SUCCESS,
c:\Users\Dell\Desktop\KWS PROJECT\PROXIMA_DATASET\SPK002\unknown\07-09-2026 15.43(5).wav,c:\Users\Dell\Desktop\KWS PROJECT\PROXIMA_DATA_2\SPK002\unknown\07-09-2026 15.43(5).wav,SPK002,unknown,.wav,1.9200,48000,2,SUCCESS,
c:\Users\Dell\Desktop\KWS PROJECT\PROXIMA_DATASET\SPK002\unknown\07-09-2026 15.43(6).wav,c:\Users\Dell\Desktop\KWS PROJECT\PROXIMA_DATA_2\SPK002\unknown\07-09-2026 15.43(6).wav,SPK002,unknown,.wav,2.1600,48000,2,SUCCESS,
c:\Users\Dell\Desktop\KWS PROJECT\PROXIMA_DATASET\SPK002\unknown\07-09-2026 15.43(7).wav,c:\Users\Dell\Desktop\KWS PROJECT\PROXIMA_DATA_2\SPK002\unknown\07-09-2026 15.43(7).wav,SPK002,unknown,.wav,2.0000,48000,2,SUCCESS,
c:\Users\Dell\Desktop\KWS PROJECT\PROXIMA_DATASET\SPK002\unknown\07-09-2026 15.43.wav,c:\Users\Dell\Desktop\KWS PROJECT\PROXIMA_DATA_2\SPK002\unknown\07-09-2026 15.43.wav,SPK002,unknown,.wav,1.6800,48000,2,SUCCESS,
c:\Users\Dell\Desktop\KWS PROJECT\PROXIMA_DATASET\SPK002\unknown\07-09-2026 15.44(2).wav,c:\Users\Dell\Desktop\KWS PROJECT\PROXIMA_DATA_2\SPK002\unknown\07-09-2026 15.44(2).wav,SPK002,unknown,.wav,1.8800,48000,2,SUCCESS,
c:\Users\Dell\Desktop\KWS PROJECT\PROXIMA_DATASET\SPK002\unknown\07-09-2026 15.44(3).wav,c:\Users\Dell\Desktop\KWS PROJECT\PROXIMA_DATA_2\SPK002\unknown\07-09-2026 15.44(3).wav,SPK002,unknown,.wav,1.9800,48000,2,SUCCESS,
c:\Users\Dell\Desktop\KWS PROJECT\PROXIMA_DATASET\SPK002\unknown\07-09-2026 15.44(4).wav,c:\Users\Dell\Desktop\KWS PROJECT\PROXIMA_DATA_2\SPK002\unknown\07-09-2026 15.44(4).wav,SPK002,unknown,.wav,1.7400,48000,2,SUCCESS,
c:\Users\Dell\Desktop\KWS PROJECT\PROXIMA_DATASET\SPK002\unknown\07-09-2026 15.44(5).wav,c:\Users\Dell\Desktop\KWS PROJECT\PROXIMA_DATA_2\SPK002\unknown\07-09-2026 15.44(5).wav,SPK002,unknown,.wav,1.9600,48000,2,SUCCESS,
c:\Users\Dell\Desktop\KWS PROJECT\PROXIMA_DATASET\SPK002\unknown\07-09-2026 15.44.wav,c:\Users\Dell\Desktop\KWS PROJECT\PROXIMA_DATA_2\SPK002\unknown\07-09-2026 15.44.wav,SPK002,unknown,.wav,1.9200,48000,2,SUCCESS,
c:\Users\Dell\Desktop\KWS PROJECT\PROXIMA_DATASET\SPK002\unknown\07-09-2026 15.45(2).wav,c:\Users\Dell\Desktop\KWS PROJECT\PROXIMA_DATA_2\SPK002\unknown\07-09-2026 15.45(2).wav,SPK002,unknown,.wav,1.7800,48000,2,SUCCESS,
c:\Users\Dell\Desktop\KWS PROJECT\PROXIMA_DATASET\SPK002\unknown\07-09-2026 15.45(3).wav,c:\Users\Dell\Desktop\KWS PROJECT\PROXIMA_DATA_2\SPK002\unknown\07-09-2026 15.45(3).wav,SPK002,unknown,.wav,1.9200,48000,2,SUCCESS,
c:\Users\Dell\Desktop\KWS PROJECT\PROXIMA_DATASET\SPK002\unknown\07-09-2026 15.45(4).wav,c:\Users\Dell\Desktop\KWS PROJECT\PROXIMA_DATA_2\SPK002\unknown\07-09-2026 15.45(4).wav,SPK002,unknown,.wav,1.6400,48000,2,SUCCESS,
c:\Users\Dell\Desktop\KWS PROJECT\PROXIMA_DATASET\SPK002\unknown\07-09-2026 15.45.wav,c:\Users\Dell\Desktop\KWS PROJECT\PROXIMA_DATA_2\SPK002\unknown\07-09-2026 15.45.wav,SPK002,unknown,.wav,2.0400,48000,2,SUCCESS,
c:\Users\Dell\Desktop\KWS PROJECT\PROXIMA_DATASET\SPK002\unknown\07-09-2026 15.46(2).wav,c:\Users\Dell\Desktop\KWS PROJECT\PROXIMA_DATA_2\SPK002\unknown\07-09-2026 15.46(2).wav,SPK002,unknown,.wav,1.6400,48000,2,SUCCESS,
c:\Users\Dell\Desktop\KWS PROJECT\PROXIMA_DATASET\SPK002\unknown\07-09-2026 15.46(3).wav,c:\Users\Dell\Desktop\KWS PROJECT\PROXIMA_DATA_2\SPK002\unknown\07-09-2026 15.46(3).wav,SPK002,unknown,.wav,1.8200,48000,2,SUCCESS,
c:\Users\Dell\Desktop\KWS PROJECT\PROXIMA_DATASET\SPK002\unknown\07-09-2026 15.46.wav,c:\Users\Dell\Desktop\KWS PROJECT\PROXIMA_DATA_2\SPK002\unknown\07-09-2026 15.46.wav,SPK002,unknown,.wav,1.7800,48000,2,SUCCESS,
c:\Users\Dell\Desktop\KWS PROJECT\PROXIMA_DATASET\SPK002\unknown\07-09-2026 15.49.wav,c:\Users\Dell\Desktop\KWS PROJECT\PROXIMA_DATA_2\SPK002\unknown\07-09-2026 15.49.wav,SPK002,unknown,.wav,1.3400,48000,2,SUCCESS,
c:\Users\Dell\Desktop\KWS PROJECT\PROXIMA_DATASET\SPK002\unknown\07-09-2026 15.50(2).wav,c:\Users\Dell\Desktop\KWS PROJECT\PROXIMA_DATA_2\SPK002\unknown\07-09-2026 15.50(2).wav,SPK002,unknown,.wav,2.3600,48000,2,SUCCESS,
c:\Users\Dell\Desktop\KWS PROJECT\PROXIMA_DATASET\SPK002\unknown\07-09-2026 15.50(3).wav,c:\Users\Dell\Desktop\KWS PROJECT\PROXIMA_DATA_2\SPK002\unknown\07-09-2026 15.50(3).wav,SPK002,unknown,.wav,1.4200,48000,2,SUCCESS,
c:\Users\Dell\Desktop\KWS PROJECT\PROXIMA_DATASET\SPK002\unknown\07-09-2026 15.50(4).wav,c:\Users\Dell\Desktop\KWS PROJECT\PROXIMA_DATA_2\SPK002\unknown\07-09-2026 15.50(4).wav,SPK002,unknown,.wav,1.4400,48000,2,SUCCESS,
c:\Users\Dell\Desktop\KWS PROJECT\PROXIMA_DATASET\SPK002\unknown\07-09-2026 15.50(5).wav,c:\Users\Dell\Desktop\KWS PROJECT\PROXIMA_DATA_2\SPK002\unknown\07-09-2026 15.50(5).wav,SPK002,unknown,.wav,1.6000,48000,2,SUCCESS,
c:\Users\Dell\Desktop\KWS PROJECT\PROXIMA_DATASET\SPK002\unknown\07-09-2026 15.50(6).wav,c:\Users\Dell\Desktop\KWS PROJECT\PROXIMA_DATA_2\SPK002\unknown\07-09-2026 15.50(6).wav,SPK002,unknown,.wav,1.5200,48000,2,SUCCESS,
c:\Users\Dell\Desktop\KWS PROJECT\PROXIMA_DATASET\SPK002\unknown\07-09-2026 15.50.wav,c:\Users\Dell\Desktop\KWS PROJECT\PROXIMA_DATA_2\SPK002\unknown\07-09-2026 15.50.wav,SPK002,unknown,.wav,1.9400,48000,2,SUCCESS,
c:\Users\Dell\Desktop\KWS PROJECT\PROXIMA_DATASET\SPK002\unknown\07-09-2026 15.51(2).wav,c:\Users\Dell\Desktop\KWS PROJECT\PROXIMA_DATA_2\SPK002\unknown\07-09-2026 15.51(2).wav,SPK002,unknown,.wav,1.6200,48000,2,SUCCESS,
c:\Users\Dell\Desktop\KWS PROJECT\PROXIMA_DATASET\SPK002\unknown\07-09-2026 15.51(3).wav,c:\Users\Dell\Desktop\KWS PROJECT\PROXIMA_DATA_2\SPK002\unknown\07-09-2026 15.51(3).wav,SPK002,unknown,.wav,1.4400,48000,2,SUCCESS,
c:\Users\Dell\Desktop\KWS PROJECT\PROXIMA_DATASET\SPK002\unknown\07-09-2026 15.51(4).wav,c:\Users\Dell\Desktop\KWS PROJECT\PROXIMA_DATA_2\SPK002\unknown\07-09-2026 15.51(4).wav,SPK002,unknown,.wav,2.1400,48000,2,SUCCESS,
c:\Users\Dell\Desktop\KWS PROJECT\PROXIMA_DATASET\SPK002\unknown\07-09-2026 15.51(5).wav,c:\Users\Dell\Desktop\KWS PROJECT\PROXIMA_DATA_2\SPK002\unknown\07-09-2026 15.51(5).wav,SPK002,unknown,.wav,1.6400,48000,2,SUCCESS,
c:\Users\Dell\Desktop\KWS PROJECT\PROXIMA_DATASET\SPK002\unknown\07-09-2026 15.51(6).wav,c:\Users\Dell\Desktop\KWS PROJECT\PROXIMA_DATA_2\SPK002\unknown\07-09-2026 15.51(6).wav,SPK002,unknown,.wav,1.6000,48000,2,SUCCESS,
c:\Users\Dell\Desktop\KWS PROJECT\PROXIMA_DATASET\SPK002\unknown\07-09-2026 15.51.wav,c:\Users\Dell\Desktop\KWS PROJECT\PROXIMA_DATA_2\SPK002\unknown\07-09-2026 15.51.wav,SPK002,unknown,.wav,1.5600,48000,2,SUCCESS,
c:\Users\Dell\Desktop\KWS PROJECT\PROXIMA_DATASET\SPK002\unknown\07-09-2026 15.52(2).wav,c:\Users\Dell\Desktop\KWS PROJECT\PROXIMA_DATA_2\SPK002\unknown\07-09-2026 15.52(2).wav,SPK002,unknown,.wav,1.9600,48000,2,SUCCESS,
c:\Users\Dell\Desktop\KWS PROJECT\PROXIMA_DATASET\SPK002\unknown\07-09-2026 15.52(3).wav,c:\Users\Dell\Desktop\KWS PROJECT\PROXIMA_DATA_2\SPK002\unknown\07-09-2026 15.52(3).wav,SPK002,unknown,.wav,1.3800,48000,2,SUCCESS,
c:\Users\Dell\Desktop\KWS PROJECT\PROXIMA_DATASET\SPK002\unknown\07-09-2026 15.52(4).wav,c:\Users\Dell\Desktop\KWS PROJECT\PROXIMA_DATA_2\SPK002\unknown\07-09-2026 15.52(4).wav,SPK002,unknown,.wav,1.4000,48000,2,SUCCESS,
c:\Users\Dell\Desktop\KWS PROJECT\PROXIMA_DATASET\SPK002\unknown\07-09-2026 15.52.wav,c:\Users\Dell\Desktop\KWS PROJECT\PROXIMA_DATA_2\SPK002\unknown\07-09-2026 15.52.wav,SPK002,unknown,.wav,1.5800,48000,2,SUCCESS,
c:\Users\Dell\Desktop\KWS PROJECT\PROXIMA_DATASET\SPK002\unknown\07-09-2026 15.53(2).wav,c:\Users\Dell\Desktop\KWS PROJECT\PROXIMA_DATA_2\SPK002\unknown\07-09-2026 15.53(2).wav,SPK002,unknown,.wav,1.5000,48000,2,SUCCESS,
c:\Users\Dell\Desktop\KWS PROJECT\PROXIMA_DATASET\SPK002\unknown\07-09-2026 15.53(3).wav,c:\Users\Dell\Desktop\KWS PROJECT\PROXIMA_DATA_2\SPK002\unknown\07-09-2026 15.53(3).wav,SPK002,unknown,.wav,1.5200,48000,2,SUCCESS,
c:\Users\Dell\Desktop\KWS PROJECT\PROXIMA_DATASET\SPK002\unknown\07-09-2026 15.53(4).wav,c:\Users\Dell\Desktop\KWS PROJECT\PROXIMA_DATA_2\SPK002\unknown\07-09-2026 15.53(4).wav,SPK002,unknown,.wav,1.4800,48000,2,SUCCESS,
c:\Users\Dell\Desktop\KWS PROJECT\PROXIMA_DATASET\SPK002\unknown\07-09-2026 15.53.wav,c:\Users\Dell\Desktop\KWS PROJECT\PROXIMA_DATA_2\SPK002\unknown\07-09-2026 15.53.wav,SPK002,unknown,.wav,1.5400,48000,2,SUCCESS,
c:\Users\Dell\Desktop\KWS PROJECT\PROXIMA_DATASET\SPK002\unknown\07-09-2026 15.54(2).wav,c:\Users\Dell\Desktop\KWS PROJECT\PROXIMA_DATA_2\SPK002\unknown\07-09-2026 15.54(2).wav,SPK002,unknown,.wav,1.6600,48000,2,SUCCESS,
c:\Users\Dell\Desktop\KWS PROJECT\PROXIMA_DATASET\SPK002\unknown\07-09-2026 15.54(3).wav,c:\Users\Dell\Desktop\KWS PROJECT\PROXIMA_DATA_2\SPK002\unknown\07-09-2026 15.54(3).wav,SPK002,unknown,.wav,1.6800,48000,2,SUCCESS,
c:\Users\Dell\Desktop\KWS PROJECT\PROXIMA_DATASET\SPK002\unknown\07-09-2026 15.54.wav,c:\Users\Dell\Desktop\KWS PROJECT\PROXIMA_DATA_2\SPK002\unknown\07-09-2026 15.54.wav,SPK002,unknown,.wav,1.4400,48000,2,SUCCESS,
c:\Users\Dell\Desktop\KWS PROJECT\PROXIMA_DATASET\SPK002\unknown\07-09-2026 15.55(2).wav,c:\Users\Dell\Desktop\KWS PROJECT\PROXIMA_DATA_2\SPK002\unknown\07-09-2026 15.55(2).wav,SPK002,unknown,.wav,1.3800,48000,2,SUCCESS,
c:\Users\Dell\Desktop\KWS PROJECT\PROXIMA_DATASET\SPK002\unknown\07-09-2026 15.55(3).wav,c:\Users\Dell\Desktop\KWS PROJECT\PROXIMA_DATA_2\SPK002\unknown\07-09-2026 15.55(3).wav,SPK002,unknown,.wav,1.4000,48000,2,SUCCESS,
c:\Users\Dell\Desktop\KWS PROJECT\PROXIMA_DATASET\SPK002\unknown\07-09-2026 15.55(4).wav,c:\Users\Dell\Desktop\KWS PROJECT\PROXIMA_DATA_2\SPK002\unknown\07-09-2026 15.55(4).wav,SPK002,unknown,.wav,1.4000,48000,2,SUCCESS,
c:\Users\Dell\Desktop\KWS PROJECT\PROXIMA_DATASET\SPK002\unknown\07-09-2026 15.55(5).wav,c:\Users\Dell\Desktop\KWS PROJECT\PROXIMA_DATA_2\SPK002\unknown\07-09-2026 15.55(5).wav,SPK002,unknown,.wav,1.4200,48000,2,SUCCESS,
c:\Users\Dell\Desktop\KWS PROJECT\PROXIMA_DATASET\SPK002\unknown\07-09-2026 15.55(6).wav,c:\Users\Dell\Desktop\KWS PROJECT\PROXIMA_DATA_2\SPK002\unknown\07-09-2026 15.55(6).wav,SPK002,unknown,.wav,1.3600,48000,2,SUCCESS,
c:\Users\Dell\Desktop\KWS PROJECT\PROXIMA_DATASET\SPK002\unknown\07-09-2026 15.55(7).wav,c:\Users\Dell\Desktop\KWS PROJECT\PROXIMA_DATA_2\SPK002\unknown\07-09-2026 15.55(7).wav,SPK002,unknown,.wav,1.2800,48000,2,SUCCESS,
c:\Users\Dell\Desktop\KWS PROJECT\PROXIMA_DATASET\SPK002\unknown\07-09-2026 15.55(8).wav,c:\Users\Dell\Desktop\KWS PROJECT\PROXIMA_DATA_2\SPK002\unknown\07-09-2026 15.55(8).wav,SPK002,unknown,.wav,1.7000,48000,2,SUCCESS,
c:\Users\Dell\Desktop\KWS PROJECT\PROXIMA_DATASET\SPK002\unknown\07-09-2026 15.55.wav,c:\Users\Dell\Desktop\KWS PROJECT\PROXIMA_DATA_2\SPK002\unknown\07-09-2026 15.55.wav,SPK002,unknown,.wav,1.8200,48000,2,SUCCESS,
c:\Users\Dell\Desktop\KWS PROJECT\PROXIMA_DATASET\SPK002\unknown\07-09-2026 15.56(2).wav,c:\Users\Dell\Desktop\KWS PROJECT\PROXIMA_DATA_2\SPK002\unknown\07-09-2026 15.56(2).wav,SPK002,unknown,.wav,2.0800,48000,2,SUCCESS,
c:\Users\Dell\Desktop\KWS PROJECT\PROXIMA_DATASET\SPK002\unknown\07-09-2026 15.56(3).wav,c:\Users\Dell\Desktop\KWS PROJECT\PROXIMA_DATA_2\SPK002\unknown\07-09-2026 15.56(3).wav,SPK002,unknown,.wav,1.3400,48000,2,SUCCESS,
c:\Users\Dell\Desktop\KWS PROJECT\PROXIMA_DATASET\SPK002\unknown\07-09-2026 15.56(4).wav,c:\Users\Dell\Desktop\KWS PROJECT\PROXIMA_DATA_2\SPK002\unknown\07-09-2026 15.56(4).wav,SPK002,unknown,.wav,1.4400,48000,2,SUCCESS,
c:\Users\Dell\Desktop\KWS PROJECT\PROXIMA_DATASET\SPK002\unknown\07-09-2026 15.56(5).wav,c:\Users\Dell\Desktop\KWS PROJECT\PROXIMA_DATA_2\SPK002\unknown\07-09-2026 15.56(5).wav,SPK002,unknown,.wav,1.2600,48000,2,SUCCESS,
c:\Users\Dell\Desktop\KWS PROJECT\PROXIMA_DATASET\SPK002\unknown\07-09-2026 15.56(6).wav,c:\Users\Dell\Desktop\KWS PROJECT\PROXIMA_DATA_2\SPK002\unknown\07-09-2026 15.56(6).wav,SPK002,unknown,.wav,1.3600,48000,2,SUCCESS,
c:\Users\Dell\Desktop\KWS PROJECT\PROXIMA_DATASET\SPK002\unknown\07-09-2026 15.56.wav,c:\Users\Dell\Desktop\KWS PROJECT\PROXIMA_DATA_2\SPK002\unknown\07-09-2026 15.56.wav,SPK002,unknown,.wav,2.5800,48000,2,SUCCESS,
c:\Users\Dell\Desktop\KWS PROJECT\PROXIMA_DATASET\SPK002\unknown\Copy of 05-09-2026 16.56(7).wav,c:\Users\Dell\Desktop\KWS PROJECT\PROXIMA_DATA_2\SPK002\unknown\Copy of 05-09-2026 16.56(7).wav,SPK002,unknown,.wav,1.5000,16000,1,SUCCESS,
c:\Users\Dell\Desktop\KWS PROJECT\PROXIMA_DATASET\SPK002\unknown\Copy of 05-09-2026 16.57(2).wav,c:\Users\Dell\Desktop\KWS PROJECT\PROXIMA_DATA_2\SPK002\unknown\Copy of 05-09-2026 16.57(2).wav,SPK002,unknown,.wav,1.7800,16000,1,SUCCESS,
c:\Users\Dell\Desktop\KWS PROJECT\PROXIMA_DATASET\SPK002\unknown\Copy of 05-09-2026 16.57(3).wav,c:\Users\Dell\Desktop\KWS PROJECT\PROXIMA_DATA_2\SPK002\unknown\Copy of 05-09-2026 16.57(3).wav,SPK002,unknown,.wav,1.5600,16000,1,SUCCESS,
c:\Users\Dell\Desktop\KWS PROJECT\PROXIMA_DATASET\SPK002\unknown\Copy of 05-09-2026 16.57(4).wav,c:\Users\Dell\Desktop\KWS PROJECT\PROXIMA_DATA_2\SPK002\unknown\Copy of 05-09-2026 16.57(4).wav,SPK002,unknown,.wav,1.7400,16000,1,SUCCESS,
c:\Users\Dell\Desktop\KWS PROJECT\PROXIMA_DATASET\SPK002\unknown\Copy of 05-09-2026 16.57(5).wav,c:\Users\Dell\Desktop\KWS PROJECT\PROXIMA_DATA_2\SPK002\unknown\Copy of 05-09-2026 16.57(5).wav,SPK002,unknown,.wav,1.8400,16000,1,SUCCESS,
c:\Users\Dell\Desktop\KWS PROJECT\PROXIMA_DATASET\SPK002\unknown\Copy of 05-09-2026 16.57(6).wav,c:\Users\Dell\Desktop\KWS PROJECT\PROXIMA_DATA_2\SPK002\unknown\Copy of 05-09-2026 16.57(6).wav,SPK002,unknown,.wav,1.8600,16000,1,SUCCESS,
c:\Users\Dell\Desktop\KWS PROJECT\PROXIMA_DATASET\SPK002\unknown\Copy of 05-09-2026 16.57.wav,c:\Users\Dell\Desktop\KWS PROJECT\PROXIMA_DATA_2\SPK002\unknown\Copy of 05-09-2026 16.57.wav,SPK002,unknown,.wav,2.0000,16000,1,SUCCESS,
c:\Users\Dell\Desktop\KWS PROJECT\PROXIMA_DATASET\SPK002\unknown\Copy of 05-09-2026 16.58(2).wav,c:\Users\Dell\Desktop\KWS PROJECT\PROXIMA_DATA_2\SPK002\unknown\Copy of 05-09-2026 16.58(2).wav,SPK002,unknown,.wav,1.6000,16000,1,SUCCESS,
c:\Users\Dell\Desktop\KWS PROJECT\PROXIMA_DATASET\SPK002\unknown\Copy of 05-09-2026 16.58(3).wav,c:\Users\Dell\Desktop\KWS PROJECT\PROXIMA_DATA_2\SPK002\unknown\Copy of 05-09-2026 16.58(3).wav,SPK002,unknown,.wav,1.7000,16000,1,SUCCESS,
c:\Users\Dell\Desktop\KWS PROJECT\PROXIMA_DATASET\SPK002\unknown\Copy of 05-09-2026 16.58(4).wav,c:\Users\Dell\Desktop\KWS PROJECT\PROXIMA_DATA_2\SPK002\unknown\Copy of 05-09-2026 16.58(4).wav,SPK002,unknown,.wav,1.6600,16000,1,SUCCESS,
c:\Users\Dell\Desktop\KWS PROJECT\PROXIMA_DATASET\SPK002\unknown\Copy of 05-09-2026 16.58.wav,c:\Users\Dell\Desktop\KWS PROJECT\PROXIMA_DATA_2\SPK002\unknown\Copy of 05-09-2026 16.58.wav,SPK002,unknown,.wav,1.6800,16000,1,SUCCESS,
c:\Users\Dell\Desktop\KWS PROJECT\PROXIMA_DATASET\SPK002\unknown\Copy of 05-09-2026 16.59(2).wav,c:\Users\Dell\Desktop\KWS PROJECT\PROXIMA_DATA_2\SPK002\unknown\Copy of 05-09-2026 16.59(2).wav,SPK002,unknown,.wav,1.6400,16000,1,SUCCESS,
c:\Users\Dell\Desktop\KWS PROJECT\PROXIMA_DATASET\SPK002\unknown\Copy of 05-09-2026 16.59(3).wav,c:\Users\Dell\Desktop\KWS PROJECT\PROXIMA_DATA_2\SPK002\unknown\Copy of 05-09-2026 16.59(3).wav,SPK002,unknown,.wav,1.4400,16000,1,SUCCESS,
c:\Users\Dell\Desktop\KWS PROJECT\PROXIMA_DATASET\SPK002\unknown\Copy of 05-09-2026 16.59.wav,c:\Users\Dell\Desktop\KWS PROJECT\PROXIMA_DATA_2\SPK002\unknown\Copy of 05-09-2026 16.59.wav,SPK002,unknown,.wav,1.4600,16000,1,SUCCESS,
c:\Users\Dell\Desktop\KWS PROJECT\PROXIMA_DATASET\SPK002\unknown\Copy of 05-09-2026 17.00(10).wav,c:\Users\Dell\Desktop\KWS PROJECT\PROXIMA_DATA_2\SPK002\unknown\Copy of 05-09-2026 17.00(10).wav,SPK002,unknown,.wav,1.3800,16000,1,SUCCESS,
c:\Users\Dell\Desktop\KWS PROJECT\PROXIMA_DATASET\SPK002\unknown\Copy of 05-09-2026 17.00(2).wav,c:\Users\Dell\Desktop\KWS PROJECT\PROXIMA_DATA_2\SPK002\unknown\Copy of 05-09-2026 17.00(2).wav,SPK002,unknown,.wav,1.6000,16000,1,SUCCESS,
c:\Users\Dell\Desktop\KWS PROJECT\PROXIMA_DATASET\SPK002\unknown\Copy of 05-09-2026 17.00(3).wav,c:\Users\Dell\Desktop\KWS PROJECT\PROXIMA_DATA_2\SPK002\unknown\Copy of 05-09-2026 17.00(3).wav,SPK002,unknown,.wav,1.4800,16000,1,SUCCESS,
c:\Users\Dell\Desktop\KWS PROJECT\PROXIMA_DATASET\SPK002\unknown\Copy of 05-09-2026 17.00(4).wav,c:\Users\Dell\Desktop\KWS PROJECT\PROXIMA_DATA_2\SPK002\unknown\Copy of 05-09-2026 17.00(4).wav,SPK002,unknown,.wav,1.3800,16000,1,SUCCESS,
c:\Users\Dell\Desktop\KWS PROJECT\PROXIMA_DATASET\SPK002\unknown\Copy of 05-09-2026 17.00(5).wav,c:\Users\Dell\Desktop\KWS PROJECT\PROXIMA_DATA_2\SPK002\unknown\Copy of 05-09-2026 17.00(5).wav,SPK002,unknown,.wav,1.6000,16000,1,SUCCESS,
c:\Users\Dell\Desktop\KWS PROJECT\PROXIMA_DATASET\SPK002\unknown\Copy of 05-09-2026 17.00(6).wav,c:\Users\Dell\Desktop\KWS PROJECT\PROXIMA_DATA_2\SPK002\unknown\Copy of 05-09-2026 17.00(6).wav,SPK002,unknown,.wav,1.7600,16000,1,SUCCESS,
c:\Users\Dell\Desktop\KWS PROJECT\PROXIMA_DATASET\SPK002\unknown\Copy of 05-09-2026 17.00(7).wav,c:\Users\Dell\Desktop\KWS PROJECT\PROXIMA_DATA_2\SPK002\unknown\Copy of 05-09-2026 17.00(7).wav,SPK002,unknown,.wav,1.7600,16000,1,SUCCESS,
c:\Users\Dell\Desktop\KWS PROJECT\PROXIMA_DATASET\SPK002\unknown\Copy of 05-09-2026 17.00(8).wav,c:\Users\Dell\Desktop\KWS PROJECT\PROXIMA_DATA_2\SPK002\unknown\Copy of 05-09-2026 17.00(8).wav,SPK002,unknown,.wav,2.0200,16000,1,SUCCESS,
c:\Users\Dell\Desktop\KWS PROJECT\PROXIMA_DATASET\SPK002\unknown\Copy of 05-09-2026 17.00(9).wav,c:\Users\Dell\Desktop\KWS PROJECT\PROXIMA_DATA_2\SPK002\unknown\Copy of 05-09-2026 17.00(9).wav,SPK002,unknown,.wav,1.5600,16000,1,SUCCESS,
c:\Users\Dell\Desktop\KWS PROJECT\PROXIMA_DATASET\SPK002\unknown\Copy of 05-09-2026 17.00.wav,c:\Users\Dell\Desktop\KWS PROJECT\PROXIMA_DATA_2\SPK002\unknown\Copy of 05-09-2026 17.00.wav,SPK002,unknown,.wav,1.7600,16000,1,SUCCESS,
c:\Users\Dell\Desktop\KWS PROJECT\PROXIMA_DATASET\SPK002\unknown\Copy of 05-09-2026 17.01(2).wav,c:\Users\Dell\Desktop\KWS PROJECT\PROXIMA_DATA_2\SPK002\unknown\Copy of 05-09-2026 17.01(2).wav,SPK002,unknown,.wav,1.8600,16000,1,SUCCESS,
c:\Users\Dell\Desktop\KWS PROJECT\PROXIMA_DATASET\SPK002\unknown\Copy of 05-09-2026 17.01(3).wav,c:\Users\Dell\Desktop\KWS PROJECT\PROXIMA_DATA_2\SPK002\unknown\Copy of 05-09-2026 17.01(3).wav,SPK002,unknown,.wav,1.8200,16000,1,SUCCESS,
c:\Users\Dell\Desktop\KWS PROJECT\PROXIMA_DATASET\SPK002\unknown\Copy of 05-09-2026 17.01(4).wav,c:\Users\Dell\Desktop\KWS PROJECT\PROXIMA_DATA_2\SPK002\unknown\Copy of 05-09-2026 17.01(4).wav,SPK002,unknown,.wav,1.7200,16000,1,SUCCESS,
c:\Users\Dell\Desktop\KWS PROJECT\PROXIMA_DATASET\SPK002\unknown\Copy of 05-09-2026 17.01(5).wav,c:\Users\Dell\Desktop\KWS PROJECT\PROXIMA_DATA_2\SPK002\unknown\Copy of 05-09-2026 17.01(5).wav,SPK002,unknown,.wav,1.6600,16000,1,SUCCESS,
c:\Users\Dell\Desktop\KWS PROJECT\PROXIMA_DATASET\SPK002\unknown\Copy of 05-09-2026 17.01(6).wav,c:\Users\Dell\Desktop\KWS PROJECT\PROXIMA_DATA_2\SPK002\unknown\Copy of 05-09-2026 17.01(6).wav,SPK002,unknown,.wav,2.0400,16000,1,SUCCESS,
c:\Users\Dell\Desktop\KWS PROJECT\PROXIMA_DATASET\SPK002\unknown\Copy of 05-09-2026 17.01.wav,c:\Users\Dell\Desktop\KWS PROJECT\PROXIMA_DATA_2\SPK002\unknown\Copy of 05-09-2026 17.01.wav,SPK002,unknown,.wav,1.6200,16000,1,SUCCESS,
c:\Users\Dell\Desktop\KWS PROJECT\PROXIMA_DATASET\SPK002\unknown\Copy of 05-09-2026 17.02(2).wav,c:\Users\Dell\Desktop\KWS PROJECT\PROXIMA_DATA_2\SPK002\unknown\Copy of 05-09-2026 17.02(2).wav,SPK002,unknown,.wav,1.9400,16000,1,SUCCESS,
c:\Users\Dell\Desktop\KWS PROJECT\PROXIMA_DATASET\SPK002\unknown\Copy of 05-09-2026 17.02(3).wav,c:\Users\Dell\Desktop\KWS PROJECT\PROXIMA_DATA_2\SPK002\unknown\Copy of 05-09-2026 17.02(3).wav,SPK002,unknown,.wav,1.9800,16000,1,SUCCESS,
c:\Users\Dell\Desktop\KWS PROJECT\PROXIMA_DATASET\SPK002\unknown\Copy of 05-09-2026 17.02(4).wav,c:\Users\Dell\Desktop\KWS PROJECT\PROXIMA_DATA_2\SPK002\unknown\Copy of 05-09-2026 17.02(4).wav,SPK002,unknown,.wav,1.9200,16000,1,SUCCESS,
c:\Users\Dell\Desktop\KWS PROJECT\PROXIMA_DATASET\SPK002\unknown\Copy of 05-09-2026 17.02(5).wav,c:\Users\Dell\Desktop\KWS PROJECT\PROXIMA_DATA_2\SPK002\unknown\Copy of 05-09-2026 17.02(5).wav,SPK002,unknown,.wav,1.9200,16000,1,SUCCESS,
c:\Users\Dell\Desktop\KWS PROJECT\PROXIMA_DATASET\SPK002\unknown\Copy of 05-09-2026 17.02(6).wav,c:\Users\Dell\Desktop\KWS PROJECT\PROXIMA_DATA_2\SPK002\unknown\Copy of 05-09-2026 17.02(6).wav,SPK002,unknown,.wav,1.7400,16000,1,SUCCESS,
c:\Users\Dell\Desktop\KWS PROJECT\PROXIMA_DATASET\SPK002\unknown\Copy of 05-09-2026 17.02(7).wav,c:\Users\Dell\Desktop\KWS PROJECT\PROXIMA_DATA_2\SPK002\unknown\Copy of 05-09-2026 17.02(7).wav,SPK002,unknown,.wav,1.9800,16000,1,SUCCESS,
c:\Users\Dell\Desktop\KWS PROJECT\PROXIMA_DATASET\SPK002\unknown\Copy of 05-09-2026 17.02(8).wav,c:\Users\Dell\Desktop\KWS PROJECT\PROXIMA_DATA_2\SPK002\unknown\Copy of 05-09-2026 17.02(8).wav,SPK002,unknown,.wav,1.8200,16000,1,SUCCESS,
c:\Users\Dell\Desktop\KWS PROJECT\PROXIMA_DATASET\SPK002\unknown\Copy of 05-09-2026 17.02.wav,c:\Users\Dell\Desktop\KWS PROJECT\PROXIMA_DATA_2\SPK002\unknown\Copy of 05-09-2026 17.02.wav,SPK002,unknown,.wav,1.6000,16000,1,SUCCESS,
c:\Users\Dell\Desktop\KWS PROJECT\PROXIMA_DATASET\SPK002\unknown\Copy of 05-09-2026 17.03.wav,c:\Users\Dell\Desktop\KWS PROJECT\PROXIMA_DATA_2\SPK002\unknown\Copy of 05-09-2026 17.03.wav,SPK002,unknown,.wav,1.8400,16000,1,SUCCESS,
c:\Users\Dell\Desktop\KWS PROJECT\PROXIMA_DATASET\SPK002\unknown\Copy of 07-09-2026 15.42(2).wav,c:\Users\Dell\Desktop\KWS PROJECT\PROXIMA_DATA_2\SPK002\unknown\Copy of 07-09-2026 15.42(2).wav,SPK002,unknown,.wav,1.9600,48000,2,SUCCESS,
c:\Users\Dell\Desktop\KWS PROJECT\PROXIMA_DATASET\SPK002\unknown\Copy of 07-09-2026 15.42(3).wav,c:\Users\Dell\Desktop\KWS PROJECT\PROXIMA_DATA_2\SPK002\unknown\Copy of 07-09-2026 15.42(3).wav,SPK002,unknown,.wav,2.0800,48000,2,SUCCESS,
c:\Users\Dell\Desktop\KWS PROJECT\PROXIMA_DATASET\SPK002\unknown\Copy of 07-09-2026 15.42(4).wav,c:\Users\Dell\Desktop\KWS PROJECT\PROXIMA_DATA_2\SPK002\unknown\Copy of 07-09-2026 15.42(4).wav,SPK002,unknown,.wav,1.8600,48000,2,SUCCESS,
c:\Users\Dell\Desktop\KWS PROJECT\PROXIMA_DATASET\SPK002\unknown\Copy of 07-09-2026 15.42.wav,c:\Users\Dell\Desktop\KWS PROJECT\PROXIMA_DATA_2\SPK002\unknown\Copy of 07-09-2026 15.42.wav,SPK002,unknown,.wav,1.9000,48000,2,SUCCESS,
c:\Users\Dell\Desktop\KWS PROJECT\PROXIMA_DATASET\SPK002\unknown\Copy of 07-09-2026 15.43(2).wav,c:\Users\Dell\Desktop\KWS PROJECT\PROXIMA_DATA_2\SPK002\unknown\Copy of 07-09-2026 15.43(2).wav,SPK002,unknown,.wav,1.7000,48000,2,SUCCESS,
c:\Users\Dell\Desktop\KWS PROJECT\PROXIMA_DATASET\SPK002\unknown\Copy of 07-09-2026 15.43(3).wav,c:\Users\Dell\Desktop\KWS PROJECT\PROXIMA_DATA_2\SPK002\unknown\Copy of 07-09-2026 15.43(3).wav,SPK002,unknown,.wav,1.6400,48000,2,SUCCESS,
c:\Users\Dell\Desktop\KWS PROJECT\PROXIMA_DATASET\SPK002\unknown\Copy of 07-09-2026 15.43(4).wav,c:\Users\Dell\Desktop\KWS PROJECT\PROXIMA_DATA_2\SPK002\unknown\Copy of 07-09-2026 15.43(4).wav,SPK002,unknown,.wav,1.7800,48000,2,SUCCESS,
c:\Users\Dell\Desktop\KWS PROJECT\PROXIMA_DATASET\SPK002\unknown\Copy of 07-09-2026 15.43(5).wav,c:\Users\Dell\Desktop\KWS PROJECT\PROXIMA_DATA_2\SPK002\unknown\Copy of 07-09-2026 15.43(5).wav,SPK002,unknown,.wav,1.9200,48000,2,SUCCESS,
c:\Users\Dell\Desktop\KWS PROJECT\PROXIMA_DATASET\SPK002\unknown\Copy of 07-09-2026 15.43(6).wav,c:\Users\Dell\Desktop\KWS PROJECT\PROXIMA_DATA_2\SPK002\unknown\Copy of 07-09-2026 15.43(6).wav,SPK002,unknown,.wav,2.1600,48000,2,SUCCESS,
c:\Users\Dell\Desktop\KWS PROJECT\PROXIMA_DATASET\SPK002\unknown\Copy of 07-09-2026 15.43(7).wav,c:\Users\Dell\Desktop\KWS PROJECT\PROXIMA_DATA_2\SPK002\unknown\Copy of 07-09-2026 15.43(7).wav,SPK002,unknown,.wav,2.0000,48000,2,SUCCESS,
c:\Users\Dell\Desktop\KWS PROJECT\PROXIMA_DATASET\SPK002\unknown\Copy of 07-09-2026 15.43.wav,c:\Users\Dell\Desktop\KWS PROJECT\PROXIMA_DATA_2\SPK002\unknown\Copy of 07-09-2026 15.43.wav,SPK002,unknown,.wav,1.6800,48000,2,SUCCESS,
c:\Users\Dell\Desktop\KWS PROJECT\PROXIMA_DATASET\SPK002\unknown\Copy of 07-09-2026 15.44(2).wav,c:\Users\Dell\Desktop\KWS PROJECT\PROXIMA_DATA_2\SPK002\unknown\Copy of 07-09-2026 15.44(2).wav,SPK002,unknown,.wav,1.8800,48000,2,SUCCESS,
c:\Users\Dell\Desktop\KWS PROJECT\PROXIMA_DATASET\SPK002\unknown\Copy of 07-09-2026 15.44(3).wav,c:\Users\Dell\Desktop\KWS PROJECT\PROXIMA_DATA_2\SPK002\unknown\Copy of 07-09-2026 15.44(3).wav,SPK002,unknown,.wav,1.9800,48000,2,SUCCESS,
c:\Users\Dell\Desktop\KWS PROJECT\PROXIMA_DATASET\SPK002\unknown\Copy of 07-09-2026 15.44(4).wav,c:\Users\Dell\Desktop\KWS PROJECT\PROXIMA_DATA_2\SPK002\unknown\Copy of 07-09-2026 15.44(4).wav,SPK002,unknown,.wav,1.7400,48000,2,SUCCESS,
c:\Users\Dell\Desktop\KWS PROJECT\PROXIMA_DATASET\SPK002\unknown\Copy of 07-09-2026 15.44(5).wav,c:\Users\Dell\Desktop\KWS PROJECT\PROXIMA_DATA_2\SPK002\unknown\Copy of 07-09-2026 15.44(5).wav,SPK002,unknown,.wav,1.9600,48000,2,SUCCESS,
c:\Users\Dell\Desktop\KWS PROJECT\PROXIMA_DATASET\SPK002\unknown\Copy of 07-09-2026 15.44.wav,c:\Users\Dell\Desktop\KWS PROJECT\PROXIMA_DATA_2\SPK002\unknown\Copy of 07-09-2026 15.44.wav,SPK002,unknown,.wav,1.9200,48000,2,SUCCESS,
c:\Users\Dell\Desktop\KWS PROJECT\PROXIMA_DATASET\SPK002\unknown\Copy of 07-09-2026 15.45(2).wav,c:\Users\Dell\Desktop\KWS PROJECT\PROXIMA_DATA_2\SPK002\unknown\Copy of 07-09-2026 15.45(2).wav,SPK002,unknown,.wav,1.7800,48000,2,SUCCESS,
c:\Users\Dell\Desktop\KWS PROJECT\PROXIMA_DATASET\SPK002\unknown\Copy of 07-09-2026 15.45(3).wav,c:\Users\Dell\Desktop\KWS PROJECT\PROXIMA_DATA_2\SPK002\unknown\Copy of 07-09-2026 15.45(3).wav,SPK002,unknown,.wav,1.9200,48000,2,SUCCESS,
c:\Users\Dell\Desktop\KWS PROJECT\PROXIMA_DATASET\SPK002\unknown\Copy of 07-09-2026 15.45(4).wav,c:\Users\Dell\Desktop\KWS PROJECT\PROXIMA_DATA_2\SPK002\unknown\Copy of 07-09-2026 15.45(4).wav,SPK002,unknown,.wav,1.6400,48000,2,SUCCESS,
c:\Users\Dell\Desktop\KWS PROJECT\PROXIMA_DATASET\SPK002\unknown\Copy of 07-09-2026 15.45.wav,c:\Users\Dell\Desktop\KWS PROJECT\PROXIMA_DATA_2\SPK002\unknown\Copy of 07-09-2026 15.45.wav,SPK002,unknown,.wav,2.0400,48000,2,SUCCESS,
c:\Users\Dell\Desktop\KWS PROJECT\PROXIMA_DATASET\SPK002\unknown\Copy of 07-09-2026 15.46(2).wav,c:\Users\Dell\Desktop\KWS PROJECT\PROXIMA_DATA_2\SPK002\unknown\Copy of 07-09-2026 15.46(2).wav,SPK002,unknown,.wav,1.6400,48000,2,SUCCESS,
c:\Users\Dell\Desktop\KWS PROJECT\PROXIMA_DATASET\SPK002\unknown\Copy of 07-09-2026 15.46(3).wav,c:\Users\Dell\Desktop\KWS PROJECT\PROXIMA_DATA_2\SPK002\unknown\Copy of 07-09-2026 15.46(3).wav,SPK002,unknown,.wav,1.8200,48000,2,SUCCESS,
c:\Users\Dell\Desktop\KWS PROJECT\PROXIMA_DATASET\SPK002\unknown\Copy of 07-09-2026 15.46.wav,c:\Users\Dell\Desktop\KWS PROJECT\PROXIMA_DATA_2\SPK002\unknown\Copy of 07-09-2026 15.46.wav,SPK002,unknown,.wav,1.7800,48000,2,SUCCESS,
c:\Users\Dell\Desktop\KWS PROJECT\PROXIMA_DATASET\SPK002\unknown\Copy of 07-09-2026 15.49.wav,c:\Users\Dell\Desktop\KWS PROJECT\PROXIMA_DATA_2\SPK002\unknown\Copy of 07-09-2026 15.49.wav,SPK002,unknown,.wav,1.3400,48000,2,SUCCESS,
c:\Users\Dell\Desktop\KWS PROJECT\PROXIMA_DATASET\SPK002\unknown\Copy of 07-09-2026 15.50(2).wav,c:\Users\Dell\Desktop\KWS PROJECT\PROXIMA_DATA_2\SPK002\unknown\Copy of 07-09-2026 15.50(2).wav,SPK002,unknown,.wav,2.3600,48000,2,SUCCESS,
c:\Users\Dell\Desktop\KWS PROJECT\PROXIMA_DATASET\SPK002\unknown\Copy of 07-09-2026 15.50(3).wav,c:\Users\Dell\Desktop\KWS PROJECT\PROXIMA_DATA_2\SPK002\unknown\Copy of 07-09-2026 15.50(3).wav,SPK002,unknown,.wav,1.4200,48000,2,SUCCESS,
c:\Users\Dell\Desktop\KWS PROJECT\PROXIMA_DATASET\SPK002\unknown\Copy of 07-09-2026 15.50(4).wav,c:\Users\Dell\Desktop\KWS PROJECT\PROXIMA_DATA_2\SPK002\unknown\Copy of 07-09-2026 15.50(4).wav,SPK002,unknown,.wav,1.4400,48000,2,SUCCESS,
c:\Users\Dell\Desktop\KWS PROJECT\PROXIMA_DATASET\SPK002\unknown\Copy of 07-09-2026 15.50(5).wav,c:\Users\Dell\Desktop\KWS PROJECT\PROXIMA_DATA_2\SPK002\unknown\Copy of 07-09-2026 15.50(5).wav,SPK002,unknown,.wav,1.6000,48000,2,SUCCESS,
c:\Users\Dell\Desktop\KWS PROJECT\PROXIMA_DATASET\SPK002\unknown\Copy of 07-09-2026 15.50(6).wav,c:\Users\Dell\Desktop\KWS PROJECT\PROXIMA_DATA_2\SPK002\unknown\Copy of 07-09-2026 15.50(6).wav,SPK002,unknown,.wav,1.5200,48000,2,SUCCESS,
c:\Users\Dell\Desktop\KWS PROJECT\PROXIMA_DATASET\SPK002\unknown\Copy of 07-09-2026 15.50.wav,c:\Users\Dell\Desktop\KWS PROJECT\PROXIMA_DATA_2\SPK002\unknown\Copy of 07-09-2026 15.50.wav,SPK002,unknown,.wav,1.9400,48000,2,SUCCESS,
c:\Users\Dell\Desktop\KWS PROJECT\PROXIMA_DATASET\SPK002\unknown\Copy of 07-09-2026 15.51(2).wav,c:\Users\Dell\Desktop\KWS PROJECT\PROXIMA_DATA_2\SPK002\unknown\Copy of 07-09-2026 15.51(2).wav,SPK002,unknown,.wav,1.6200,48000,2,SUCCESS,
c:\Users\Dell\Desktop\KWS PROJECT\PROXIMA_DATASET\SPK002\unknown\Copy of 07-09-2026 15.51(3).wav,c:\Users\Dell\Desktop\KWS PROJECT\PROXIMA_DATA_2\SPK002\unknown\Copy of 07-09-2026 15.51(3).wav,SPK002,unknown,.wav,1.4400,48000,2,SUCCESS,
c:\Users\Dell\Desktop\KWS PROJECT\PROXIMA_DATASET\SPK002\unknown\Copy of 07-09-2026 15.51(4).wav,c:\Users\Dell\Desktop\KWS PROJECT\PROXIMA_DATA_2\SPK002\unknown\Copy of 07-09-2026 15.51(4).wav,SPK002,unknown,.wav,2.1400,48000,2,SUCCESS,
c:\Users\Dell\Desktop\KWS PROJECT\PROXIMA_DATASET\SPK002\unknown\Copy of 07-09-2026 15.51(5).wav,c:\Users\Dell\Desktop\KWS PROJECT\PROXIMA_DATA_2\SPK002\unknown\Copy of 07-09-2026 15.51(5).wav,SPK002,unknown,.wav,1.6400,48000,2,SUCCESS,
c:\Users\Dell\Desktop\KWS PROJECT\PROXIMA_DATASET\SPK002\unknown\Copy of 07-09-2026 15.51(6).wav,c:\Users\Dell\Desktop\KWS PROJECT\PROXIMA_DATA_2\SPK002\unknown\Copy of 07-09-2026 15.51(6).wav,SPK002,unknown,.wav,1.6000,48000,2,SUCCESS,
c:\Users\Dell\Desktop\KWS PROJECT\PROXIMA_DATASET\SPK002\unknown\Copy of 07-09-2026 15.51.wav,c:\Users\Dell\Desktop\KWS PROJECT\PROXIMA_DATA_2\SPK002\unknown\Copy of 07-09-2026 15.51.wav,SPK002,unknown,.wav,1.5600,48000,2,SUCCESS,
c:\Users\Dell\Desktop\KWS PROJECT\PROXIMA_DATASET\SPK002\unknown\Copy of 07-09-2026 15.52(2).wav,c:\Users\Dell\Desktop\KWS PROJECT\PROXIMA_DATA_2\SPK002\unknown\Copy of 07-09-2026 15.52(2).wav,SPK002,unknown,.wav,1.9600,48000,2,SUCCESS,
c:\Users\Dell\Desktop\KWS PROJECT\PROXIMA_DATASET\SPK002\unknown\Copy of 07-09-2026 15.52(3).wav,c:\Users\Dell\Desktop\KWS PROJECT\PROXIMA_DATA_2\SPK002\unknown\Copy of 07-09-2026 15.52(3).wav,SPK002,unknown,.wav,1.3800,48000,2,SUCCESS,
c:\Users\Dell\Desktop\KWS PROJECT\PROXIMA_DATASET\SPK002\unknown\Copy of 07-09-2026 15.52(4).wav,c:\Users\Dell\Desktop\KWS PROJECT\PROXIMA_DATA_2\SPK002\unknown\Copy of 07-09-2026 15.52(4).wav,SPK002,unknown,.wav,1.4000,48000,2,SUCCESS,
c:\Users\Dell\Desktop\KWS PROJECT\PROXIMA_DATASET\SPK002\unknown\Copy of 07-09-2026 15.52.wav,c:\Users\Dell\Desktop\KWS PROJECT\PROXIMA_DATA_2\SPK002\unknown\Copy of 07-09-2026 15.52.wav,SPK002,unknown,.wav,1.5800,48000,2,SUCCESS,
c:\Users\Dell\Desktop\KWS PROJECT\PROXIMA_DATASET\SPK002\unknown\Copy of 07-09-2026 15.53(2).wav,c:\Users\Dell\Desktop\KWS PROJECT\PROXIMA_DATA_2\SPK002\unknown\Copy of 07-09-2026 15.53(2).wav,SPK002,unknown,.wav,1.5000,48000,2,SUCCESS,
c:\Users\Dell\Desktop\KWS PROJECT\PROXIMA_DATASET\SPK002\unknown\Copy of 07-09-2026 15.53(3).wav,c:\Users\Dell\Desktop\KWS PROJECT\PROXIMA_DATA_2\SPK002\unknown\Copy of 07-09-2026 15.53(3).wav,SPK002,unknown,.wav,1.5200,48000,2,SUCCESS,
c:\Users\Dell\Desktop\KWS PROJECT\PROXIMA_DATASET\SPK002\unknown\Copy of 07-09-2026 15.53(4).wav,c:\Users\Dell\Desktop\KWS PROJECT\PROXIMA_DATA_2\SPK002\unknown\Copy of 07-09-2026 15.53(4).wav,SPK002,unknown,.wav,1.4800,48000,2,SUCCESS,
c:\Users\Dell\Desktop\KWS PROJECT\PROXIMA_DATASET\SPK002\unknown\Copy of 07-09-2026 15.53.wav,c:\Users\Dell\Desktop\KWS PROJECT\PROXIMA_DATA_2\SPK002\unknown\Copy of 07-09-2026 15.53.wav,SPK002,unknown,.wav,1.5400,48000,2,SUCCESS,
c:\Users\Dell\Desktop\KWS PROJECT\PROXIMA_DATASET\SPK002\unknown\Copy of 07-09-2026 15.54(2).wav,c:\Users\Dell\Desktop\KWS PROJECT\PROXIMA_DATA_2\SPK002\unknown\Copy of 07-09-2026 15.54(2).wav,SPK002,unknown,.wav,1.6600,48000,2,SUCCESS,
c:\Users\Dell\Desktop\KWS PROJECT\PROXIMA_DATASET\SPK002\unknown\Copy of 07-09-2026 15.54(3).wav,c:\Users\Dell\Desktop\KWS PROJECT\PROXIMA_DATA_2\SPK002\unknown\Copy of 07-09-2026 15.54(3).wav,SPK002,unknown,.wav,1.6800,48000,2,SUCCESS,
c:\Users\Dell\Desktop\KWS PROJECT\PROXIMA_DATASET\SPK002\unknown\Copy of 07-09-2026 15.54.wav,c:\Users\Dell\Desktop\KWS PROJECT\PROXIMA_DATA_2\SPK002\unknown\Copy of 07-09-2026 15.54.wav,SPK002,unknown,.wav,1.4400,48000,2,SUCCESS,
c:\Users\Dell\Desktop\KWS PROJECT\PROXIMA_DATASET\SPK002\unknown\Copy of 07-09-2026 15.55(2).wav,c:\Users\Dell\Desktop\KWS PROJECT\PROXIMA_DATA_2\SPK002\unknown\Copy of 07-09-2026 15.55(2).wav,SPK002,unknown,.wav,1.3800,48000,2,SUCCESS,
c:\Users\Dell\Desktop\KWS PROJECT\PROXIMA_DATASET\SPK002\unknown\Copy of 07-09-2026 15.55(3).wav,c:\Users\Dell\Desktop\KWS PROJECT\PROXIMA_DATA_2\SPK002\unknown\Copy of 07-09-2026 15.55(3).wav,SPK002,unknown,.wav,1.4000,48000,2,SUCCESS,
c:\Users\Dell\Desktop\KWS PROJECT\PROXIMA_DATASET\SPK002\unknown\Copy of 07-09-2026 15.55(4).wav,c:\Users\Dell\Desktop\KWS PROJECT\PROXIMA_DATA_2\SPK002\unknown\Copy of 07-09-2026 15.55(4).wav,SPK002,unknown,.wav,1.4000,48000,2,SUCCESS,
c:\Users\Dell\Desktop\KWS PROJECT\PROXIMA_DATASET\SPK002\unknown\Copy of 07-09-2026 15.55(5).wav,c:\Users\Dell\Desktop\KWS PROJECT\PROXIMA_DATA_2\SPK002\unknown\Copy of 07-09-2026 15.55(5).wav,SPK002,unknown,.wav,1.4200,48000,2,SUCCESS,
c:\Users\Dell\Desktop\KWS PROJECT\PROXIMA_DATASET\SPK002\unknown\Copy of 07-09-2026 15.55(6).wav,c:\Users\Dell\Desktop\KWS PROJECT\PROXIMA_DATA_2\SPK002\unknown\Copy of 07-09-2026 15.55(6).wav,SPK002,unknown,.wav,1.3600,48000,2,SUCCESS,
c:\Users\Dell\Desktop\KWS PROJECT\PROXIMA_DATASET\SPK002\unknown\Copy of 07-09-2026 15.55(7).wav,c:\Users\Dell\Desktop\KWS PROJECT\PROXIMA_DATA_2\SPK002\unknown\Copy of 07-09-2026 15.55(7).wav,SPK002,unknown,.wav,1.2800,48000,2,SUCCESS,
c:\Users\Dell\Desktop\KWS PROJECT\PROXIMA_DATASET\SPK002\unknown\Copy of 07-09-2026 15.55(8).wav,c:\Users\Dell\Desktop\KWS PROJECT\PROXIMA_DATA_2\SPK002\unknown\Copy of 07-09-2026 15.55(8).wav,SPK002,unknown,.wav,1.7000,48000,2,SUCCESS,
c:\Users\Dell\Desktop\KWS PROJECT\PROXIMA_DATASET\SPK002\unknown\Copy of 07-09-2026 15.55.wav,c:\Users\Dell\Desktop\KWS PROJECT\PROXIMA_DATA_2\SPK002\unknown\Copy of 07-09-2026 15.55.wav,SPK002,unknown,.wav,1.8200,48000,2,SUCCESS,
c:\Users\Dell\Desktop\KWS PROJECT\PROXIMA_DATASET\SPK002\unknown\Copy of 07-09-2026 15.56(2).wav,c:\Users\Dell\Desktop\KWS PROJECT\PROXIMA_DATA_2\SPK002\unknown\Copy of 07-09-2026 15.56(2).wav,SPK002,unknown,.wav,2.0800,48000,2,SUCCESS,
c:\Users\Dell\Desktop\KWS PROJECT\PROXIMA_DATASET\SPK002\unknown\Copy of 07-09-2026 15.56(3).wav,c:\Users\Dell\Desktop\KWS PROJECT\PROXIMA_DATA_2\SPK002\unknown\Copy of 07-09-2026 15.56(3).wav,SPK002,unknown,.wav,1.3400,48000,2,SUCCESS,
c:\Users\Dell\Desktop\KWS PROJECT\PROXIMA_DATASET\SPK002\unknown\Copy of 07-09-2026 15.56(4).wav,c:\Users\Dell\Desktop\KWS PROJECT\PROXIMA_DATA_2\SPK002\unknown\Copy of 07-09-2026 15.56(4).wav,SPK002,unknown,.wav,1.4400,48000,2,SUCCESS,
c:\Users\Dell\Desktop\KWS PROJECT\PROXIMA_DATASET\SPK002\unknown\Copy of 07-09-2026 15.56(5).wav,c:\Users\Dell\Desktop\KWS PROJECT\PROXIMA_DATA_2\SPK002\unknown\Copy of 07-09-2026 15.56(5).wav,SPK002,unknown,.wav,1.2600,48000,2,SUCCESS,
c:\Users\Dell\Desktop\KWS PROJECT\PROXIMA_DATASET\SPK002\unknown\Copy of 07-09-2026 15.56(6).wav,c:\Users\Dell\Desktop\KWS PROJECT\PROXIMA_DATA_2\SPK002\unknown\Copy of 07-09-2026 15.56(6).wav,SPK002,unknown,.wav,1.3600,48000,2,SUCCESS,
c:\Users\Dell\Desktop\KWS PROJECT\PROXIMA_DATASET\SPK002\unknown\Copy of 07-09-2026 15.56.wav,c:\Users\Dell\Desktop\KWS PROJECT\PROXIMA_DATA_2\SPK002\unknown\Copy of 07-09-2026 15.56.wav,SPK002,unknown,.wav,2.5800,48000,2,SUCCESS,
c:\Users\Dell\Desktop\KWS PROJECT\PROXIMA_DATASET\SPK003\proxima\New recording 1.m4a,c:\Users\Dell\Desktop\KWS PROJECT\PROXIMA_DATA_2\SPK003\proxima\New recording 1.wav,SPK003,proxima,.m4a,1.3227,48000,2,SUCCESS,
c:\Users\Dell\Desktop\KWS PROJECT\PROXIMA_DATASET\SPK003\proxima\New recording 10.m4a,c:\Users\Dell\Desktop\KWS PROJECT\PROXIMA_DATA_2\SPK003\proxima\New recording 10.wav,SPK003,proxima,.m4a,1.6640,48000,2,SUCCESS,
c:\Users\Dell\Desktop\KWS PROJECT\PROXIMA_DATASET\SPK003\proxima\New recording 11.m4a,c:\Users\Dell\Desktop\KWS PROJECT\PROXIMA_DATA_2\SPK003\proxima\New recording 11.wav,SPK003,proxima,.m4a,1.9200,48000,2,SUCCESS,
c:\Users\Dell\Desktop\KWS PROJECT\PROXIMA_DATASET\SPK003\proxima\New recording 12.m4a,c:\Users\Dell\Desktop\KWS PROJECT\PROXIMA_DATA_2\SPK003\proxima\New recording 12.wav,SPK003,proxima,.m4a,1.3440,48000,2,SUCCESS,
c:\Users\Dell\Desktop\KWS PROJECT\PROXIMA_DATASET\SPK003\proxima\New recording 13.m4a,c:\Users\Dell\Desktop\KWS PROJECT\PROXIMA_DATA_2\SPK003\proxima\New recording 13.wav,SPK003,proxima,.m4a,1.6427,48000,2,SUCCESS,
c:\Users\Dell\Desktop\KWS PROJECT\PROXIMA_DATASET\SPK003\proxima\New recording 14.m4a,c:\Users\Dell\Desktop\KWS PROJECT\PROXIMA_DATA_2\SPK003\proxima\New recording 14.wav,SPK003,proxima,.m4a,1.8773,48000,2,SUCCESS,
c:\Users\Dell\Desktop\KWS PROJECT\PROXIMA_DATASET\SPK003\proxima\New recording 15.m4a,c:\Users\Dell\Desktop\KWS PROJECT\PROXIMA_DATA_2\SPK003\proxima\New recording 15.wav,SPK003,proxima,.m4a,1.6853,48000,2,SUCCESS,
c:\Users\Dell\Desktop\KWS PROJECT\PROXIMA_DATASET\SPK003\proxima\New recording 16.m4a,c:\Users\Dell\Desktop\KWS PROJECT\PROXIMA_DATA_2\SPK003\proxima\New recording 16.wav,SPK003,proxima,.m4a,2.1973,48000,2,SUCCESS,
c:\Users\Dell\Desktop\KWS PROJECT\PROXIMA_DATASET\SPK003\proxima\New recording 17.m4a,c:\Users\Dell\Desktop\KWS PROJECT\PROXIMA_DATA_2\SPK003\proxima\New recording 17.wav,SPK003,proxima,.m4a,1.8987,48000,2,SUCCESS,
c:\Users\Dell\Desktop\KWS PROJECT\PROXIMA_DATASET\SPK003\proxima\New recording 18.m4a,c:\Users\Dell\Desktop\KWS PROJECT\PROXIMA_DATA_2\SPK003\proxima\New recording 18.wav,SPK003,proxima,.m4a,1.7493,48000,2,SUCCESS,
c:\Users\Dell\Desktop\KWS PROJECT\PROXIMA_DATASET\SPK003\proxima\New recording 19.m4a,c:\Users\Dell\Desktop\KWS PROJECT\PROXIMA_DATA_2\SPK003\proxima\New recording 19.wav,SPK003,proxima,.m4a,1.5573,48000,2,SUCCESS,
c:\Users\Dell\Desktop\KWS PROJECT\PROXIMA_DATASET\SPK003\proxima\New recording 2.m4a,c:\Users\Dell\Desktop\KWS PROJECT\PROXIMA_DATA_2\SPK003\proxima\New recording 2.wav,SPK003,proxima,.m4a,1.6427,48000,2,SUCCESS,
c:\Users\Dell\Desktop\KWS PROJECT\PROXIMA_DATASET\SPK003\proxima\New recording 20.m4a,c:\Users\Dell\Desktop\KWS PROJECT\PROXIMA_DATA_2\SPK003\proxima\New recording 20.wav,SPK003,proxima,.m4a,1.8347,48000,2,SUCCESS,
c:\Users\Dell\Desktop\KWS PROJECT\PROXIMA_DATASET\SPK003\proxima\New recording 21.m4a,c:\Users\Dell\Desktop\KWS PROJECT\PROXIMA_DATA_2\SPK003\proxima\New recording 21.wav,SPK003,proxima,.m4a,1.4720,48000,2,SUCCESS,
c:\Users\Dell\Desktop\KWS PROJECT\PROXIMA_DATASET\SPK003\proxima\New recording 22.m4a,c:\Users\Dell\Desktop\KWS PROJECT\PROXIMA_DATA_2\SPK003\proxima\New recording 22.wav,SPK003,proxima,.m4a,1.8560,48000,2,SUCCESS,
c:\Users\Dell\Desktop\KWS PROJECT\PROXIMA_DATASET\SPK003\proxima\New recording 23.m4a,c:\Users\Dell\Desktop\KWS PROJECT\PROXIMA_DATA_2\SPK003\proxima\New recording 23.wav,SPK003,proxima,.m4a,1.6427,48000,2,SUCCESS,
c:\Users\Dell\Desktop\KWS PROJECT\PROXIMA_DATASET\SPK003\proxima\New recording 24.m4a,c:\Users\Dell\Desktop\KWS PROJECT\PROXIMA_DATA_2\SPK003\proxima\New recording 24.wav,SPK003,proxima,.m4a,2.4533,48000,2,SUCCESS,
c:\Users\Dell\Desktop\KWS PROJECT\PROXIMA_DATASET\SPK003\proxima\New recording 25.m4a,c:\Users\Dell\Desktop\KWS PROJECT\PROXIMA_DATA_2\SPK003\proxima\New recording 25.wav,SPK003,proxima,.m4a,1.7280,48000,2,SUCCESS,
c:\Users\Dell\Desktop\KWS PROJECT\PROXIMA_DATASET\SPK003\proxima\New recording 26.m4a,c:\Users\Dell\Desktop\KWS PROJECT\PROXIMA_DATA_2\SPK003\proxima\New recording 26.wav,SPK003,proxima,.m4a,1.7280,48000,2,SUCCESS,
c:\Users\Dell\Desktop\KWS PROJECT\PROXIMA_DATASET\SPK003\proxima\New recording 27.m4a,c:\Users\Dell\Desktop\KWS PROJECT\PROXIMA_DATA_2\SPK003\proxima\New recording 27.wav,SPK003,proxima,.m4a,1.7920,48000,2,SUCCESS,
c:\Users\Dell\Desktop\KWS PROJECT\PROXIMA_DATASET\SPK003\proxima\New recording 28.m4a,c:\Users\Dell\Desktop\KWS PROJECT\PROXIMA_DATA_2\SPK003\proxima\New recording 28.wav,SPK003,proxima,.m4a,2.1120,48000,2,SUCCESS,
c:\Users\Dell\Desktop\KWS PROJECT\PROXIMA_DATASET\SPK003\proxima\New recording 29.m4a,c:\Users\Dell\Desktop\KWS PROJECT\PROXIMA_DATA_2\SPK003\proxima\New recording 29.wav,SPK003,proxima,.m4a,2.0480,48000,2,SUCCESS,
c:\Users\Dell\Desktop\KWS PROJECT\PROXIMA_DATASET\SPK003\proxima\New recording 3.m4a,c:\Users\Dell\Desktop\KWS PROJECT\PROXIMA_DATA_2\SPK003\proxima\New recording 3.wav,SPK003,proxima,.m4a,2.5813,48000,2,SUCCESS,
c:\Users\Dell\Desktop\KWS PROJECT\PROXIMA_DATASET\SPK003\proxima\New recording 30.m4a,c:\Users\Dell\Desktop\KWS PROJECT\PROXIMA_DATA_2\SPK003\proxima\New recording 30.wav,SPK003,proxima,.m4a,1.3440,48000,2,SUCCESS,
c:\Users\Dell\Desktop\KWS PROJECT\PROXIMA_DATASET\SPK003\proxima\New recording 31.m4a,c:\Users\Dell\Desktop\KWS PROJECT\PROXIMA_DATA_2\SPK003\proxima\New recording 31.wav,SPK003,proxima,.m4a,2.1120,48000,2,SUCCESS,
c:\Users\Dell\Desktop\KWS PROJECT\PROXIMA_DATASET\SPK003\proxima\New recording 32.m4a,c:\Users\Dell\Desktop\KWS PROJECT\PROXIMA_DATA_2\SPK003\proxima\New recording 32.wav,SPK003,proxima,.m4a,1.6213,48000,2,SUCCESS,
c:\Users\Dell\Desktop\KWS PROJECT\PROXIMA_DATASET\SPK003\proxima\New recording 33.m4a,c:\Users\Dell\Desktop\KWS PROJECT\PROXIMA_DATA_2\SPK003\proxima\New recording 33.wav,SPK003,proxima,.m4a,2.1973,48000,2,SUCCESS,
c:\Users\Dell\Desktop\KWS PROJECT\PROXIMA_DATASET\SPK003\proxima\New recording 34.m4a,c:\Users\Dell\Desktop\KWS PROJECT\PROXIMA_DATA_2\SPK003\proxima\New recording 34.wav,SPK003,proxima,.m4a,1.5573,48000,2,SUCCESS,
c:\Users\Dell\Desktop\KWS PROJECT\PROXIMA_DATASET\SPK003\proxima\New recording 35.m4a,c:\Users\Dell\Desktop\KWS PROJECT\PROXIMA_DATA_2\SPK003\proxima\New recording 35.wav,SPK003,proxima,.m4a,2.2400,48000,2,SUCCESS,
c:\Users\Dell\Desktop\KWS PROJECT\PROXIMA_DATASET\SPK003\proxima\New recording 36.m4a,c:\Users\Dell\Desktop\KWS PROJECT\PROXIMA_DATA_2\SPK003\proxima\New recording 36.wav,SPK003,proxima,.m4a,1.8347,48000,2,SUCCESS,
c:\Users\Dell\Desktop\KWS PROJECT\PROXIMA_DATASET\SPK003\proxima\New recording 37.m4a,c:\Users\Dell\Desktop\KWS PROJECT\PROXIMA_DATA_2\SPK003\proxima\New recording 37.wav,SPK003,proxima,.m4a,1.6000,48000,2,SUCCESS,
c:\Users\Dell\Desktop\KWS PROJECT\PROXIMA_DATASET\SPK003\proxima\New recording 38.m4a,c:\Users\Dell\Desktop\KWS PROJECT\PROXIMA_DATA_2\SPK003\proxima\New recording 38.wav,SPK003,proxima,.m4a,1.6853,48000,2,SUCCESS,
c:\Users\Dell\Desktop\KWS PROJECT\PROXIMA_DATASET\SPK003\proxima\New recording 39.m4a,c:\Users\Dell\Desktop\KWS PROJECT\PROXIMA_DATA_2\SPK003\proxima\New recording 39.wav,SPK003,proxima,.m4a,2.3467,48000,2,SUCCESS,
c:\Users\Dell\Desktop\KWS PROJECT\PROXIMA_DATASET\SPK003\proxima\New recording 4.m4a,c:\Users\Dell\Desktop\KWS PROJECT\PROXIMA_DATA_2\SPK003\proxima\New recording 4.wav,SPK003,proxima,.m4a,1.8347,48000,2,SUCCESS,
c:\Users\Dell\Desktop\KWS PROJECT\PROXIMA_DATASET\SPK003\proxima\New recording 40.m4a,c:\Users\Dell\Desktop\KWS PROJECT\PROXIMA_DATA_2\SPK003\proxima\New recording 40.wav,SPK003,proxima,.m4a,1.7493,48000,2,SUCCESS,
c:\Users\Dell\Desktop\KWS PROJECT\PROXIMA_DATASET\SPK003\proxima\New recording 5.m4a,c:\Users\Dell\Desktop\KWS PROJECT\PROXIMA_DATA_2\SPK003\proxima\New recording 5.wav,SPK003,proxima,.m4a,1.5787,48000,2,SUCCESS,
c:\Users\Dell\Desktop\KWS PROJECT\PROXIMA_DATASET\SPK003\proxima\New recording 6.m4a,c:\Users\Dell\Desktop\KWS PROJECT\PROXIMA_DATA_2\SPK003\proxima\New recording 6.wav,SPK003,proxima,.m4a,1.7280,48000,2,SUCCESS,
c:\Users\Dell\Desktop\KWS PROJECT\PROXIMA_DATASET\SPK003\proxima\New recording 7.m4a,c:\Users\Dell\Desktop\KWS PROJECT\PROXIMA_DATA_2\SPK003\proxima\New recording 7.wav,SPK003,proxima,.m4a,1.7707,48000,2,SUCCESS,
c:\Users\Dell\Desktop\KWS PROJECT\PROXIMA_DATASET\SPK003\proxima\New recording 8.m4a,c:\Users\Dell\Desktop\KWS PROJECT\PROXIMA_DATA_2\SPK003\proxima\New recording 8.wav,SPK003,proxima,.m4a,1.8133,48000,2,SUCCESS,
c:\Users\Dell\Desktop\KWS PROJECT\PROXIMA_DATASET\SPK003\proxima\New recording 9.m4a,c:\Users\Dell\Desktop\KWS PROJECT\PROXIMA_DATA_2\SPK003\proxima\New recording 9.wav,SPK003,proxima,.m4a,2.1120,48000,2,SUCCESS,
c:\Users\Dell\Desktop\KWS PROJECT\PROXIMA_DATASET\SPK005\proxima\Copy of Recording (10).m4a,c:\Users\Dell\Desktop\KWS PROJECT\PROXIMA_DATA_2\SPK005\proxima\Copy of Recording (10).wav,SPK005,proxima,.m4a,2.4320,48000,2,SUCCESS,
c:\Users\Dell\Desktop\KWS PROJECT\PROXIMA_DATASET\SPK005\proxima\Copy of Recording (11).m4a,c:\Users\Dell\Desktop\KWS PROJECT\PROXIMA_DATA_2\SPK005\proxima\Copy of Recording (11).wav,SPK005,proxima,.m4a,2.5813,48000,2,SUCCESS,
c:\Users\Dell\Desktop\KWS PROJECT\PROXIMA_DATASET\SPK005\proxima\Copy of Recording (12).m4a,c:\Users\Dell\Desktop\KWS PROJECT\PROXIMA_DATA_2\SPK005\proxima\Copy of Recording (12).wav,SPK005,proxima,.m4a,2.7307,48000,2,SUCCESS,
c:\Users\Dell\Desktop\KWS PROJECT\PROXIMA_DATASET\SPK005\proxima\Copy of Recording (13).m4a,c:\Users\Dell\Desktop\KWS PROJECT\PROXIMA_DATA_2\SPK005\proxima\Copy of Recording (13).wav,SPK005,proxima,.m4a,3.2427,48000,2,SUCCESS,
c:\Users\Dell\Desktop\KWS PROJECT\PROXIMA_DATASET\SPK005\proxima\Copy of Recording (14).m4a,c:\Users\Dell\Desktop\KWS PROJECT\PROXIMA_DATA_2\SPK005\proxima\Copy of Recording (14).wav,SPK005,proxima,.m4a,3.1787,48000,2,SUCCESS,
c:\Users\Dell\Desktop\KWS PROJECT\PROXIMA_DATASET\SPK005\proxima\Copy of Recording (15).m4a,c:\Users\Dell\Desktop\KWS PROJECT\PROXIMA_DATA_2\SPK005\proxima\Copy of Recording (15).wav,SPK005,proxima,.m4a,3.2000,48000,2,SUCCESS,
c:\Users\Dell\Desktop\KWS PROJECT\PROXIMA_DATASET\SPK005\proxima\Copy of Recording (16).m4a,c:\Users\Dell\Desktop\KWS PROJECT\PROXIMA_DATA_2\SPK005\proxima\Copy of Recording (16).wav,SPK005,proxima,.m4a,3.0080,48000,2,SUCCESS,
c:\Users\Dell\Desktop\KWS PROJECT\PROXIMA_DATASET\SPK005\proxima\Copy of Recording (17).m4a,c:\Users\Dell\Desktop\KWS PROJECT\PROXIMA_DATA_2\SPK005\proxima\Copy of Recording (17).wav,SPK005,proxima,.m4a,2.5600,48000,2,SUCCESS,
c:\Users\Dell\Desktop\KWS PROJECT\PROXIMA_DATASET\SPK005\proxima\Copy of Recording (18).m4a,c:\Users\Dell\Desktop\KWS PROJECT\PROXIMA_DATA_2\SPK005\proxima\Copy of Recording (18).wav,SPK005,proxima,.m4a,2.9867,48000,2,SUCCESS,
c:\Users\Dell\Desktop\KWS PROJECT\PROXIMA_DATASET\SPK005\proxima\Copy of Recording (19).m4a,c:\Users\Dell\Desktop\KWS PROJECT\PROXIMA_DATA_2\SPK005\proxima\Copy of Recording (19).wav,SPK005,proxima,.m4a,3.0933,48000,2,SUCCESS,
c:\Users\Dell\Desktop\KWS PROJECT\PROXIMA_DATASET\SPK005\proxima\Copy of Recording (2).m4a,c:\Users\Dell\Desktop\KWS PROJECT\PROXIMA_DATA_2\SPK005\proxima\Copy of Recording (2).wav,SPK005,proxima,.m4a,2.7947,48000,2,SUCCESS,
c:\Users\Dell\Desktop\KWS PROJECT\PROXIMA_DATASET\SPK005\proxima\Copy of Recording (20).m4a,c:\Users\Dell\Desktop\KWS PROJECT\PROXIMA_DATA_2\SPK005\proxima\Copy of Recording (20).wav,SPK005,proxima,.m4a,4.1600,48000,2,SUCCESS,
c:\Users\Dell\Desktop\KWS PROJECT\PROXIMA_DATASET\SPK005\proxima\Copy of Recording (21).m4a,c:\Users\Dell\Desktop\KWS PROJECT\PROXIMA_DATA_2\SPK005\proxima\Copy of Recording (21).wav,SPK005,proxima,.m4a,2.7520,48000,2,SUCCESS,
c:\Users\Dell\Desktop\KWS PROJECT\PROXIMA_DATASET\SPK005\proxima\Copy of Recording (22).m4a,c:\Users\Dell\Desktop\KWS PROJECT\PROXIMA_DATA_2\SPK005\proxima\Copy of Recording (22).wav,SPK005,proxima,.m4a,3.7547,48000,2,SUCCESS,
c:\Users\Dell\Desktop\KWS PROJECT\PROXIMA_DATASET\SPK005\proxima\Copy of Recording (23).m4a,c:\Users\Dell\Desktop\KWS PROJECT\PROXIMA_DATA_2\SPK005\proxima\Copy of Recording (23).wav,SPK005,proxima,.m4a,3.3920,48000,2,SUCCESS,
c:\Users\Dell\Desktop\KWS PROJECT\PROXIMA_DATASET\SPK005\proxima\Copy of Recording (24).m4a,c:\Users\Dell\Desktop\KWS PROJECT\PROXIMA_DATA_2\SPK005\proxima\Copy of Recording (24).wav,SPK005,proxima,.m4a,2.7520,48000,2,SUCCESS,
c:\Users\Dell\Desktop\KWS PROJECT\PROXIMA_DATASET\SPK005\proxima\Copy of Recording (25).m4a,c:\Users\Dell\Desktop\KWS PROJECT\PROXIMA_DATA_2\SPK005\proxima\Copy of Recording (25).wav,SPK005,proxima,.m4a,3.0080,48000,2,SUCCESS,
c:\Users\Dell\Desktop\KWS PROJECT\PROXIMA_DATASET\SPK005\proxima\Copy of Recording (26).m4a,c:\Users\Dell\Desktop\KWS PROJECT\PROXIMA_DATA_2\SPK005\proxima\Copy of Recording (26).wav,SPK005,proxima,.m4a,3.1360,48000,2,SUCCESS,
c:\Users\Dell\Desktop\KWS PROJECT\PROXIMA_DATASET\SPK005\proxima\Copy of Recording (27).m4a,c:\Users\Dell\Desktop\KWS PROJECT\PROXIMA_DATA_2\SPK005\proxima\Copy of Recording (27).wav,SPK005,proxima,.m4a,2.2400,48000,2,SUCCESS,
c:\Users\Dell\Desktop\KWS PROJECT\PROXIMA_DATASET\SPK005\proxima\Copy of Recording (28).m4a,c:\Users\Dell\Desktop\KWS PROJECT\PROXIMA_DATA_2\SPK005\proxima\Copy of Recording (28).wav,SPK005,proxima,.m4a,2.6667,48000,2,SUCCESS,
c:\Users\Dell\Desktop\KWS PROJECT\PROXIMA_DATASET\SPK005\proxima\Copy of Recording (29).m4a,c:\Users\Dell\Desktop\KWS PROJECT\PROXIMA_DATA_2\SPK005\proxima\Copy of Recording (29).wav,SPK005,proxima,.m4a,2.8160,48000,2,SUCCESS,
c:\Users\Dell\Desktop\KWS PROJECT\PROXIMA_DATASET\SPK005\proxima\Copy of Recording (30).m4a,c:\Users\Dell\Desktop\KWS PROJECT\PROXIMA_DATA_2\SPK005\proxima\Copy of Recording (30).wav,SPK005,proxima,.m4a,2.4533,48000,2,SUCCESS,
c:\Users\Dell\Desktop\KWS PROJECT\PROXIMA_DATASET\SPK005\proxima\Copy of Recording (31).m4a,c:\Users\Dell\Desktop\KWS PROJECT\PROXIMA_DATA_2\SPK005\proxima\Copy of Recording (31).wav,SPK005,proxima,.m4a,3.5627,48000,2,SUCCESS,
c:\Users\Dell\Desktop\KWS PROJECT\PROXIMA_DATASET\SPK005\proxima\Copy of Recording (32).m4a,c:\Users\Dell\Desktop\KWS PROJECT\PROXIMA_DATA_2\SPK005\proxima\Copy of Recording (32).wav,SPK005,proxima,.m4a,2.8800,48000,2,SUCCESS,
c:\Users\Dell\Desktop\KWS PROJECT\PROXIMA_DATASET\SPK005\proxima\Copy of Recording (33).m4a,c:\Users\Dell\Desktop\KWS PROJECT\PROXIMA_DATA_2\SPK005\proxima\Copy of Recording (33).wav,SPK005,proxima,.m4a,2.9013,48000,2,SUCCESS,
c:\Users\Dell\Desktop\KWS PROJECT\PROXIMA_DATASET\SPK005\proxima\Copy of Recording (34).m4a,c:\Users\Dell\Desktop\KWS PROJECT\PROXIMA_DATA_2\SPK005\proxima\Copy of Recording (34).wav,SPK005,proxima,.m4a,3.2000,48000,2,SUCCESS,
c:\Users\Dell\Desktop\KWS PROJECT\PROXIMA_DATASET\SPK005\proxima\Copy of Recording (35).m4a,c:\Users\Dell\Desktop\KWS PROJECT\PROXIMA_DATA_2\SPK005\proxima\Copy of Recording (35).wav,SPK005,proxima,.m4a,2.6667,48000,2,SUCCESS,
c:\Users\Dell\Desktop\KWS PROJECT\PROXIMA_DATASET\SPK005\proxima\Copy of Recording (36).m4a,c:\Users\Dell\Desktop\KWS PROJECT\PROXIMA_DATA_2\SPK005\proxima\Copy of Recording (36).wav,SPK005,proxima,.m4a,2.4747,48000,2,SUCCESS,
c:\Users\Dell\Desktop\KWS PROJECT\PROXIMA_DATASET\SPK005\proxima\Copy of Recording (37).m4a,c:\Users\Dell\Desktop\KWS PROJECT\PROXIMA_DATA_2\SPK005\proxima\Copy of Recording (37).wav,SPK005,proxima,.m4a,2.1120,48000,2,SUCCESS,
c:\Users\Dell\Desktop\KWS PROJECT\PROXIMA_DATASET\SPK005\proxima\Copy of Recording (38).m4a,c:\Users\Dell\Desktop\KWS PROJECT\PROXIMA_DATA_2\SPK005\proxima\Copy of Recording (38).wav,SPK005,proxima,.m4a,2.4960,48000,2,SUCCESS,
c:\Users\Dell\Desktop\KWS PROJECT\PROXIMA_DATASET\SPK005\proxima\Copy of Recording (39).m4a,c:\Users\Dell\Desktop\KWS PROJECT\PROXIMA_DATA_2\SPK005\proxima\Copy of Recording (39).wav,SPK005,proxima,.m4a,2.9013,48000,2,SUCCESS,
c:\Users\Dell\Desktop\KWS PROJECT\PROXIMA_DATASET\SPK005\proxima\Copy of Recording (4).m4a,c:\Users\Dell\Desktop\KWS PROJECT\PROXIMA_DATA_2\SPK005\proxima\Copy of Recording (4).wav,SPK005,proxima,.m4a,2.1547,48000,2,SUCCESS,
c:\Users\Dell\Desktop\KWS PROJECT\PROXIMA_DATASET\SPK005\proxima\Copy of Recording (40).m4a,c:\Users\Dell\Desktop\KWS PROJECT\PROXIMA_DATA_2\SPK005\proxima\Copy of Recording (40).wav,SPK005,proxima,.m4a,2.4107,48000,2,SUCCESS,
c:\Users\Dell\Desktop\KWS PROJECT\PROXIMA_DATASET\SPK005\proxima\Copy of Recording (41).m4a,c:\Users\Dell\Desktop\KWS PROJECT\PROXIMA_DATA_2\SPK005\proxima\Copy of Recording (41).wav,SPK005,proxima,.m4a,2.0693,48000,2,SUCCESS,
c:\Users\Dell\Desktop\KWS PROJECT\PROXIMA_DATASET\SPK005\proxima\Copy of Recording (42).m4a,c:\Users\Dell\Desktop\KWS PROJECT\PROXIMA_DATA_2\SPK005\proxima\Copy of Recording (42).wav,SPK005,proxima,.m4a,2.4533,48000,2,SUCCESS,
c:\Users\Dell\Desktop\KWS PROJECT\PROXIMA_DATASET\SPK005\proxima\Copy of Recording (43).m4a,c:\Users\Dell\Desktop\KWS PROJECT\PROXIMA_DATA_2\SPK005\proxima\Copy of Recording (43).wav,SPK005,proxima,.m4a,2.2400,48000,2,SUCCESS,
c:\Users\Dell\Desktop\KWS PROJECT\PROXIMA_DATASET\SPK005\proxima\Copy of Recording (44).m4a,c:\Users\Dell\Desktop\KWS PROJECT\PROXIMA_DATA_2\SPK005\proxima\Copy of Recording (44).wav,SPK005,proxima,.m4a,2.4320,48000,2,SUCCESS,
c:\Users\Dell\Desktop\KWS PROJECT\PROXIMA_DATASET\SPK005\proxima\Copy of Recording (45).m4a,c:\Users\Dell\Desktop\KWS PROJECT\PROXIMA_DATA_2\SPK005\proxima\Copy of Recording (45).wav,SPK005,proxima,.m4a,2.8160,48000,2,SUCCESS,
c:\Users\Dell\Desktop\KWS PROJECT\PROXIMA_DATASET\SPK005\proxima\Copy of Recording (46).m4a,c:\Users\Dell\Desktop\KWS PROJECT\PROXIMA_DATA_2\SPK005\proxima\Copy of Recording (46).wav,SPK005,proxima,.m4a,2.6240,48000,2,SUCCESS,
c:\Users\Dell\Desktop\KWS PROJECT\PROXIMA_DATASET\SPK005\proxima\Copy of Recording (47).m4a,c:\Users\Dell\Desktop\KWS PROJECT\PROXIMA_DATA_2\SPK005\proxima\Copy of Recording (47).wav,SPK005,proxima,.m4a,2.9013,48000,2,SUCCESS,
c:\Users\Dell\Desktop\KWS PROJECT\PROXIMA_DATASET\SPK005\proxima\Copy of Recording (48).m4a,c:\Users\Dell\Desktop\KWS PROJECT\PROXIMA_DATA_2\SPK005\proxima\Copy of Recording (48).wav,SPK005,proxima,.m4a,2.3467,48000,2,SUCCESS,
c:\Users\Dell\Desktop\KWS PROJECT\PROXIMA_DATASET\SPK005\proxima\Copy of Recording (49).m4a,c:\Users\Dell\Desktop\KWS PROJECT\PROXIMA_DATA_2\SPK005\proxima\Copy of Recording (49).wav,SPK005,proxima,.m4a,1.7707,48000,2,SUCCESS,
c:\Users\Dell\Desktop\KWS PROJECT\PROXIMA_DATASET\SPK005\proxima\Copy of Recording (5).m4a,c:\Users\Dell\Desktop\KWS PROJECT\PROXIMA_DATA_2\SPK005\proxima\Copy of Recording (5).wav,SPK005,proxima,.m4a,2.8160,48000,2,SUCCESS,
c:\Users\Dell\Desktop\KWS PROJECT\PROXIMA_DATASET\SPK005\proxima\Copy of Recording (50).m4a,c:\Users\Dell\Desktop\KWS PROJECT\PROXIMA_DATA_2\SPK005\proxima\Copy of Recording (50).wav,SPK005,proxima,.m4a,2.4960,48000,2,SUCCESS,
c:\Users\Dell\Desktop\KWS PROJECT\PROXIMA_DATASET\SPK005\proxima\Copy of Recording (51).m4a,c:\Users\Dell\Desktop\KWS PROJECT\PROXIMA_DATA_2\SPK005\proxima\Copy of Recording (51).wav,SPK005,proxima,.m4a,2.0693,48000,2,SUCCESS,
c:\Users\Dell\Desktop\KWS PROJECT\PROXIMA_DATASET\SPK005\proxima\Copy of Recording (6).m4a,c:\Users\Dell\Desktop\KWS PROJECT\PROXIMA_DATA_2\SPK005\proxima\Copy of Recording (6).wav,SPK005,proxima,.m4a,2.7307,48000,2,SUCCESS,
c:\Users\Dell\Desktop\KWS PROJECT\PROXIMA_DATASET\SPK005\proxima\Copy of Recording (7).m4a,c:\Users\Dell\Desktop\KWS PROJECT\PROXIMA_DATA_2\SPK005\proxima\Copy of Recording (7).wav,SPK005,proxima,.m4a,1.9627,48000,2,SUCCESS,
c:\Users\Dell\Desktop\KWS PROJECT\PROXIMA_DATASET\SPK005\proxima\Copy of Recording (8).m4a,c:\Users\Dell\Desktop\KWS PROJECT\PROXIMA_DATA_2\SPK005\proxima\Copy of Recording (8).wav,SPK005,proxima,.m4a,2.4533,48000,2,SUCCESS,
c:\Users\Dell\Desktop\KWS PROJECT\PROXIMA_DATASET\SPK005\proxima\Copy of Recording (9).m4a,c:\Users\Dell\Desktop\KWS PROJECT\PROXIMA_DATA_2\SPK005\proxima\Copy of Recording (9).wav,SPK005,proxima,.m4a,2.8800,48000,2,SUCCESS,
c:\Users\Dell\Desktop\KWS PROJECT\PROXIMA_DATASET\SPK005\proxima\Copy of Recording.m4a,c:\Users\Dell\Desktop\KWS PROJECT\PROXIMA_DATA_2\SPK005\proxima\Copy of Recording.wav,SPK005,proxima,.m4a,2.8587,48000,2,SUCCESS,
c:\Users\Dell\Desktop\KWS PROJECT\PROXIMA_DATASET\SPK005\proxima\Recording (10).m4a,c:\Users\Dell\Desktop\KWS PROJECT\PROXIMA_DATA_2\SPK005\proxima\Recording (10).wav,SPK005,proxima,.m4a,2.4320,48000,2,SUCCESS,
c:\Users\Dell\Desktop\KWS PROJECT\PROXIMA_DATASET\SPK005\proxima\Recording (11).m4a,c:\Users\Dell\Desktop\KWS PROJECT\PROXIMA_DATA_2\SPK005\proxima\Recording (11).wav,SPK005,proxima,.m4a,2.5813,48000,2,SUCCESS,
c:\Users\Dell\Desktop\KWS PROJECT\PROXIMA_DATASET\SPK005\proxima\Recording (12).m4a,c:\Users\Dell\Desktop\KWS PROJECT\PROXIMA_DATA_2\SPK005\proxima\Recording (12).wav,SPK005,proxima,.m4a,2.7307,48000,2,SUCCESS,
c:\Users\Dell\Desktop\KWS PROJECT\PROXIMA_DATASET\SPK005\proxima\Recording (13).m4a,c:\Users\Dell\Desktop\KWS PROJECT\PROXIMA_DATA_2\SPK005\proxima\Recording (13).wav,SPK005,proxima,.m4a,3.2427,48000,2,SUCCESS,
c:\Users\Dell\Desktop\KWS PROJECT\PROXIMA_DATASET\SPK005\proxima\Recording (14).m4a,c:\Users\Dell\Desktop\KWS PROJECT\PROXIMA_DATA_2\SPK005\proxima\Recording (14).wav,SPK005,proxima,.m4a,3.1787,48000,2,SUCCESS,
c:\Users\Dell\Desktop\KWS PROJECT\PROXIMA_DATASET\SPK005\proxima\Recording (15).m4a,c:\Users\Dell\Desktop\KWS PROJECT\PROXIMA_DATA_2\SPK005\proxima\Recording (15).wav,SPK005,proxima,.m4a,3.2000,48000,2,SUCCESS,
c:\Users\Dell\Desktop\KWS PROJECT\PROXIMA_DATASET\SPK005\proxima\Recording (16).m4a,c:\Users\Dell\Desktop\KWS PROJECT\PROXIMA_DATA_2\SPK005\proxima\Recording (16).wav,SPK005,proxima,.m4a,3.0080,48000,2,SUCCESS,
c:\Users\Dell\Desktop\KWS PROJECT\PROXIMA_DATASET\SPK005\proxima\Recording (17).m4a,c:\Users\Dell\Desktop\KWS PROJECT\PROXIMA_DATA_2\SPK005\proxima\Recording (17).wav,SPK005,proxima,.m4a,2.5600,48000,2,SUCCESS,
c:\Users\Dell\Desktop\KWS PROJECT\PROXIMA_DATASET\SPK005\proxima\Recording (18).m4a,c:\Users\Dell\Desktop\KWS PROJECT\PROXIMA_DATA_2\SPK005\proxima\Recording (18).wav,SPK005,proxima,.m4a,2.9867,48000,2,SUCCESS,
c:\Users\Dell\Desktop\KWS PROJECT\PROXIMA_DATASET\SPK005\proxima\Recording (19).m4a,c:\Users\Dell\Desktop\KWS PROJECT\PROXIMA_DATA_2\SPK005\proxima\Recording (19).wav,SPK005,proxima,.m4a,3.0933,48000,2,SUCCESS,
c:\Users\Dell\Desktop\KWS PROJECT\PROXIMA_DATASET\SPK005\proxima\Recording (2).m4a,c:\Users\Dell\Desktop\KWS PROJECT\PROXIMA_DATA_2\SPK005\proxima\Recording (2).wav,SPK005,proxima,.m4a,2.7947,48000,2,SUCCESS,
c:\Users\Dell\Desktop\KWS PROJECT\PROXIMA_DATASET\SPK005\proxima\Recording (20).m4a,c:\Users\Dell\Desktop\KWS PROJECT\PROXIMA_DATA_2\SPK005\proxima\Recording (20).wav,SPK005,proxima,.m4a,4.1600,48000,2,SUCCESS,
c:\Users\Dell\Desktop\KWS PROJECT\PROXIMA_DATASET\SPK005\proxima\Recording (21).m4a,c:\Users\Dell\Desktop\KWS PROJECT\PROXIMA_DATA_2\SPK005\proxima\Recording (21).wav,SPK005,proxima,.m4a,2.7520,48000,2,SUCCESS,
c:\Users\Dell\Desktop\KWS PROJECT\PROXIMA_DATASET\SPK005\proxima\Recording (22).m4a,c:\Users\Dell\Desktop\KWS PROJECT\PROXIMA_DATA_2\SPK005\proxima\Recording (22).wav,SPK005,proxima,.m4a,3.7547,48000,2,SUCCESS,
c:\Users\Dell\Desktop\KWS PROJECT\PROXIMA_DATASET\SPK005\proxima\Recording (23).m4a,c:\Users\Dell\Desktop\KWS PROJECT\PROXIMA_DATA_2\SPK005\proxima\Recording (23).wav,SPK005,proxima,.m4a,3.3920,48000,2,SUCCESS,
c:\Users\Dell\Desktop\KWS PROJECT\PROXIMA_DATASET\SPK005\proxima\Recording (24).m4a,c:\Users\Dell\Desktop\KWS PROJECT\PROXIMA_DATA_2\SPK005\proxima\Recording (24).wav,SPK005,proxima,.m4a,2.7520,48000,2,SUCCESS,
c:\Users\Dell\Desktop\KWS PROJECT\PROXIMA_DATASET\SPK005\proxima\Recording (25).m4a,c:\Users\Dell\Desktop\KWS PROJECT\PROXIMA_DATA_2\SPK005\proxima\Recording (25).wav,SPK005,proxima,.m4a,3.0080,48000,2,SUCCESS,
c:\Users\Dell\Desktop\KWS PROJECT\PROXIMA_DATASET\SPK005\proxima\Recording (26).m4a,c:\Users\Dell\Desktop\KWS PROJECT\PROXIMA_DATA_2\SPK005\proxima\Recording (26).wav,SPK005,proxima,.m4a,3.1360,48000,2,SUCCESS,
c:\Users\Dell\Desktop\KWS PROJECT\PROXIMA_DATASET\SPK005\proxima\Recording (27).m4a,c:\Users\Dell\Desktop\KWS PROJECT\PROXIMA_DATA_2\SPK005\proxima\Recording (27).wav,SPK005,proxima,.m4a,2.2400,48000,2,SUCCESS,
c:\Users\Dell\Desktop\KWS PROJECT\PROXIMA_DATASET\SPK005\proxima\Recording (28).m4a,c:\Users\Dell\Desktop\KWS PROJECT\PROXIMA_DATA_2\SPK005\proxima\Recording (28).wav,SPK005,proxima,.m4a,2.6667,48000,2,SUCCESS,
c:\Users\Dell\Desktop\KWS PROJECT\PROXIMA_DATASET\SPK005\proxima\Recording (29).m4a,c:\Users\Dell\Desktop\KWS PROJECT\PROXIMA_DATA_2\SPK005\proxima\Recording (29).wav,SPK005,proxima,.m4a,2.8160,48000,2,SUCCESS,
c:\Users\Dell\Desktop\KWS PROJECT\PROXIMA_DATASET\SPK005\proxima\Recording (30).m4a,c:\Users\Dell\Desktop\KWS PROJECT\PROXIMA_DATA_2\SPK005\proxima\Recording (30).wav,SPK005,proxima,.m4a,2.4533,48000,2,SUCCESS,
c:\Users\Dell\Desktop\KWS PROJECT\PROXIMA_DATASET\SPK005\proxima\Recording (31).m4a,c:\Users\Dell\Desktop\KWS PROJECT\PROXIMA_DATA_2\SPK005\proxima\Recording (31).wav,SPK005,proxima,.m4a,3.5627,48000,2,SUCCESS,
c:\Users\Dell\Desktop\KWS PROJECT\PROXIMA_DATASET\SPK005\proxima\Recording (32).m4a,c:\Users\Dell\Desktop\KWS PROJECT\PROXIMA_DATA_2\SPK005\proxima\Recording (32).wav,SPK005,proxima,.m4a,2.8800,48000,2,SUCCESS,
c:\Users\Dell\Desktop\KWS PROJECT\PROXIMA_DATASET\SPK005\proxima\Recording (33).m4a,c:\Users\Dell\Desktop\KWS PROJECT\PROXIMA_DATA_2\SPK005\proxima\Recording (33).wav,SPK005,proxima,.m4a,2.9013,48000,2,SUCCESS,
c:\Users\Dell\Desktop\KWS PROJECT\PROXIMA_DATASET\SPK005\proxima\Recording (34).m4a,c:\Users\Dell\Desktop\KWS PROJECT\PROXIMA_DATA_2\SPK005\proxima\Recording (34).wav,SPK005,proxima,.m4a,3.2000,48000,2,SUCCESS,
c:\Users\Dell\Desktop\KWS PROJECT\PROXIMA_DATASET\SPK005\proxima\Recording (35).m4a,c:\Users\Dell\Desktop\KWS PROJECT\PROXIMA_DATA_2\SPK005\proxima\Recording (35).wav,SPK005,proxima,.m4a,2.6667,48000,2,SUCCESS,
c:\Users\Dell\Desktop\KWS PROJECT\PROXIMA_DATASET\SPK005\proxima\Recording (36).m4a,c:\Users\Dell\Desktop\KWS PROJECT\PROXIMA_DATA_2\SPK005\proxima\Recording (36).wav,SPK005,proxima,.m4a,2.4747,48000,2,SUCCESS,
c:\Users\Dell\Desktop\KWS PROJECT\PROXIMA_DATASET\SPK005\proxima\Recording (37).m4a,c:\Users\Dell\Desktop\KWS PROJECT\PROXIMA_DATA_2\SPK005\proxima\Recording (37).wav,SPK005,proxima,.m4a,2.1120,48000,2,SUCCESS,
c:\Users\Dell\Desktop\KWS PROJECT\PROXIMA_DATASET\SPK005\proxima\Recording (38).m4a,c:\Users\Dell\Desktop\KWS PROJECT\PROXIMA_DATA_2\SPK005\proxima\Recording (38).wav,SPK005,proxima,.m4a,2.4960,48000,2,SUCCESS,
c:\Users\Dell\Desktop\KWS PROJECT\PROXIMA_DATASET\SPK005\proxima\Recording (39).m4a,c:\Users\Dell\Desktop\KWS PROJECT\PROXIMA_DATA_2\SPK005\proxima\Recording (39).wav,SPK005,proxima,.m4a,2.9013,48000,2,SUCCESS,
c:\Users\Dell\Desktop\KWS PROJECT\PROXIMA_DATASET\SPK005\proxima\Recording (4).m4a,c:\Users\Dell\Desktop\KWS PROJECT\PROXIMA_DATA_2\SPK005\proxima\Recording (4).wav,SPK005,proxima,.m4a,2.1547,48000,2,SUCCESS,
c:\Users\Dell\Desktop\KWS PROJECT\PROXIMA_DATASET\SPK005\proxima\Recording (40).m4a,c:\Users\Dell\Desktop\KWS PROJECT\PROXIMA_DATA_2\SPK005\proxima\Recording (40).wav,SPK005,proxima,.m4a,2.4107,48000,2,SUCCESS,
c:\Users\Dell\Desktop\KWS PROJECT\PROXIMA_DATASET\SPK005\proxima\Recording (41).m4a,c:\Users\Dell\Desktop\KWS PROJECT\PROXIMA_DATA_2\SPK005\proxima\Recording (41).wav,SPK005,proxima,.m4a,2.0693,48000,2,SUCCESS,
c:\Users\Dell\Desktop\KWS PROJECT\PROXIMA_DATASET\SPK005\proxima\Recording (42).m4a,c:\Users\Dell\Desktop\KWS PROJECT\PROXIMA_DATA_2\SPK005\proxima\Recording (42).wav,SPK005,proxima,.m4a,2.4533,48000,2,SUCCESS,
c:\Users\Dell\Desktop\KWS PROJECT\PROXIMA_DATASET\SPK005\proxima\Recording (43).m4a,c:\Users\Dell\Desktop\KWS PROJECT\PROXIMA_DATA_2\SPK005\proxima\Recording (43).wav,SPK005,proxima,.m4a,2.2400,48000,2,SUCCESS,
c:\Users\Dell\Desktop\KWS PROJECT\PROXIMA_DATASET\SPK005\proxima\Recording (44).m4a,c:\Users\Dell\Desktop\KWS PROJECT\PROXIMA_DATA_2\SPK005\proxima\Recording (44).wav,SPK005,proxima,.m4a,2.4320,48000,2,SUCCESS,
c:\Users\Dell\Desktop\KWS PROJECT\PROXIMA_DATASET\SPK005\proxima\Recording (45).m4a,c:\Users\Dell\Desktop\KWS PROJECT\PROXIMA_DATA_2\SPK005\proxima\Recording (45).wav,SPK005,proxima,.m4a,2.8160,48000,2,SUCCESS,
c:\Users\Dell\Desktop\KWS PROJECT\PROXIMA_DATASET\SPK005\proxima\Recording (46).m4a,c:\Users\Dell\Desktop\KWS PROJECT\PROXIMA_DATA_2\SPK005\proxima\Recording (46).wav,SPK005,proxima,.m4a,2.6240,48000,2,SUCCESS,
c:\Users\Dell\Desktop\KWS PROJECT\PROXIMA_DATASET\SPK005\proxima\Recording (47).m4a,c:\Users\Dell\Desktop\KWS PROJECT\PROXIMA_DATA_2\SPK005\proxima\Recording (47).wav,SPK005,proxima,.m4a,2.9013,48000,2,SUCCESS,
c:\Users\Dell\Desktop\KWS PROJECT\PROXIMA_DATASET\SPK005\proxima\Recording (48).m4a,c:\Users\Dell\Desktop\KWS PROJECT\PROXIMA_DATA_2\SPK005\proxima\Recording (48).wav,SPK005,proxima,.m4a,2.3467,48000,2,SUCCESS,
c:\Users\Dell\Desktop\KWS PROJECT\PROXIMA_DATASET\SPK005\proxima\Recording (49).m4a,c:\Users\Dell\Desktop\KWS PROJECT\PROXIMA_DATA_2\SPK005\proxima\Recording (49).wav,SPK005,proxima,.m4a,1.7707,48000,2,SUCCESS,
c:\Users\Dell\Desktop\KWS PROJECT\PROXIMA_DATASET\SPK005\proxima\Recording (5).m4a,c:\Users\Dell\Desktop\KWS PROJECT\PROXIMA_DATA_2\SPK005\proxima\Recording (5).wav,SPK005,proxima,.m4a,2.8160,48000,2,SUCCESS,
c:\Users\Dell\Desktop\KWS PROJECT\PROXIMA_DATASET\SPK005\proxima\Recording (50).m4a,c:\Users\Dell\Desktop\KWS PROJECT\PROXIMA_DATA_2\SPK005\proxima\Recording (50).wav,SPK005,proxima,.m4a,2.4960,48000,2,SUCCESS,
c:\Users\Dell\Desktop\KWS PROJECT\PROXIMA_DATASET\SPK005\proxima\Recording (51).m4a,c:\Users\Dell\Desktop\KWS PROJECT\PROXIMA_DATA_2\SPK005\proxima\Recording (51).wav,SPK005,proxima,.m4a,2.0693,48000,2,SUCCESS,
c:\Users\Dell\Desktop\KWS PROJECT\PROXIMA_DATASET\SPK005\proxima\Recording (6).m4a,c:\Users\Dell\Desktop\KWS PROJECT\PROXIMA_DATA_2\SPK005\proxima\Recording (6).wav,SPK005,proxima,.m4a,2.7307,48000,2,SUCCESS,
c:\Users\Dell\Desktop\KWS PROJECT\PROXIMA_DATASET\SPK005\proxima\Recording (7).m4a,c:\Users\Dell\Desktop\KWS PROJECT\PROXIMA_DATA_2\SPK005\proxima\Recording (7).wav,SPK005,proxima,.m4a,1.9627,48000,2,SUCCESS,
c:\Users\Dell\Desktop\KWS PROJECT\PROXIMA_DATASET\SPK005\proxima\Recording (8).m4a,c:\Users\Dell\Desktop\KWS PROJECT\PROXIMA_DATA_2\SPK005\proxima\Recording (8).wav,SPK005,proxima,.m4a,2.4533,48000,2,SUCCESS,
c:\Users\Dell\Desktop\KWS PROJECT\PROXIMA_DATASET\SPK005\proxima\Recording (9).m4a,c:\Users\Dell\Desktop\KWS PROJECT\PROXIMA_DATA_2\SPK005\proxima\Recording (9).wav,SPK005,proxima,.m4a,2.8800,48000,2,SUCCESS,
c:\Users\Dell\Desktop\KWS PROJECT\PROXIMA_DATASET\SPK005\proxima\Recording.m4a,c:\Users\Dell\Desktop\KWS PROJECT\PROXIMA_DATA_2\SPK005\proxima\Recording.wav,SPK005,proxima,.m4a,2.8587,48000,2,SUCCESS,
c:\Users\Dell\Desktop\KWS PROJECT\PROXIMA_DATASET\SPK005\unknown\Recording (10).m4a,c:\Users\Dell\Desktop\KWS PROJECT\PROXIMA_DATA_2\SPK005\unknown\Recording (10).wav,SPK005,unknown,.m4a,1.9840,48000,2,SUCCESS,
c:\Users\Dell\Desktop\KWS PROJECT\PROXIMA_DATASET\SPK005\unknown\Recording (11).m4a,c:\Users\Dell\Desktop\KWS PROJECT\PROXIMA_DATA_2\SPK005\unknown\Recording (11).wav,SPK005,unknown,.m4a,1.7707,48000,2,SUCCESS,
c:\Users\Dell\Desktop\KWS PROJECT\PROXIMA_DATASET\SPK005\unknown\Recording (12).m4a,c:\Users\Dell\Desktop\KWS PROJECT\PROXIMA_DATA_2\SPK005\unknown\Recording (12).wav,SPK005,unknown,.m4a,2.0693,48000,2,SUCCESS,
c:\Users\Dell\Desktop\KWS PROJECT\PROXIMA_DATASET\SPK005\unknown\Recording (13).m4a,c:\Users\Dell\Desktop\KWS PROJECT\PROXIMA_DATA_2\SPK005\unknown\Recording (13).wav,SPK005,unknown,.m4a,3.4133,48000,2,SUCCESS,
c:\Users\Dell\Desktop\KWS PROJECT\PROXIMA_DATASET\SPK005\unknown\Recording (14).m4a,c:\Users\Dell\Desktop\KWS PROJECT\PROXIMA_DATA_2\SPK005\unknown\Recording (14).wav,SPK005,unknown,.m4a,2.8160,48000,2,SUCCESS,
c:\Users\Dell\Desktop\KWS PROJECT\PROXIMA_DATASET\SPK005\unknown\Recording (15).m4a,c:\Users\Dell\Desktop\KWS PROJECT\PROXIMA_DATA_2\SPK005\unknown\Recording (15).wav,SPK005,unknown,.m4a,3.4133,48000,2,SUCCESS,
c:\Users\Dell\Desktop\KWS PROJECT\PROXIMA_DATASET\SPK005\unknown\Recording (16).m4a,c:\Users\Dell\Desktop\KWS PROJECT\PROXIMA_DATA_2\SPK005\unknown\Recording (16).wav,SPK005,unknown,.m4a,2.5387,48000,2,SUCCESS,
c:\Users\Dell\Desktop\KWS PROJECT\PROXIMA_DATASET\SPK005\unknown\Recording (17).m4a,c:\Users\Dell\Desktop\KWS PROJECT\PROXIMA_DATA_2\SPK005\unknown\Recording (17).wav,SPK005,unknown,.m4a,2.8373,48000,2,SUCCESS,
c:\Users\Dell\Desktop\KWS PROJECT\PROXIMA_DATASET\SPK005\unknown\Recording (18).m4a,c:\Users\Dell\Desktop\KWS PROJECT\PROXIMA_DATA_2\SPK005\unknown\Recording (18).wav,SPK005,unknown,.m4a,2.4320,48000,2,SUCCESS,
c:\Users\Dell\Desktop\KWS PROJECT\PROXIMA_DATASET\SPK005\unknown\Recording (19).m4a,c:\Users\Dell\Desktop\KWS PROJECT\PROXIMA_DATA_2\SPK005\unknown\Recording (19).wav,SPK005,unknown,.m4a,1.8347,48000,2,SUCCESS,
c:\Users\Dell\Desktop\KWS PROJECT\PROXIMA_DATASET\SPK005\unknown\Recording (2).m4a,c:\Users\Dell\Desktop\KWS PROJECT\PROXIMA_DATA_2\SPK005\unknown\Recording (2).wav,SPK005,unknown,.m4a,1.8347,48000,2,SUCCESS,
c:\Users\Dell\Desktop\KWS PROJECT\PROXIMA_DATASET\SPK005\unknown\Recording (20).m4a,c:\Users\Dell\Desktop\KWS PROJECT\PROXIMA_DATA_2\SPK005\unknown\Recording (20).wav,SPK005,unknown,.m4a,2.1973,48000,2,SUCCESS,
c:\Users\Dell\Desktop\KWS PROJECT\PROXIMA_DATASET\SPK005\unknown\Recording (21).m4a,c:\Users\Dell\Desktop\KWS PROJECT\PROXIMA_DATA_2\SPK005\unknown\Recording (21).wav,SPK005,unknown,.m4a,2.7947,48000,2,SUCCESS,
c:\Users\Dell\Desktop\KWS PROJECT\PROXIMA_DATASET\SPK005\unknown\Recording (22).m4a,c:\Users\Dell\Desktop\KWS PROJECT\PROXIMA_DATA_2\SPK005\unknown\Recording (22).wav,SPK005,unknown,.m4a,4.2880,48000,2,SUCCESS,
c:\Users\Dell\Desktop\KWS PROJECT\PROXIMA_DATASET\SPK005\unknown\Recording (23).m4a,c:\Users\Dell\Desktop\KWS PROJECT\PROXIMA_DATA_2\SPK005\unknown\Recording (23).wav,SPK005,unknown,.m4a,1.9627,48000,2,SUCCESS,
c:\Users\Dell\Desktop\KWS PROJECT\PROXIMA_DATASET\SPK005\unknown\Recording (24).m4a,c:\Users\Dell\Desktop\KWS PROJECT\PROXIMA_DATA_2\SPK005\unknown\Recording (24).wav,SPK005,unknown,.m4a,1.8347,48000,2,SUCCESS,
c:\Users\Dell\Desktop\KWS PROJECT\PROXIMA_DATASET\SPK005\unknown\Recording (25).m4a,c:\Users\Dell\Desktop\KWS PROJECT\PROXIMA_DATA_2\SPK005\unknown\Recording (25).wav,SPK005,unknown,.m4a,1.7920,48000,2,SUCCESS,
c:\Users\Dell\Desktop\KWS PROJECT\PROXIMA_DATASET\SPK005\unknown\Recording (26).m4a,c:\Users\Dell\Desktop\KWS PROJECT\PROXIMA_DATA_2\SPK005\unknown\Recording (26).wav,SPK005,unknown,.m4a,2.2827,48000,2,SUCCESS,
c:\Users\Dell\Desktop\KWS PROJECT\PROXIMA_DATASET\SPK005\unknown\Recording (27).m4a,c:\Users\Dell\Desktop\KWS PROJECT\PROXIMA_DATA_2\SPK005\unknown\Recording (27).wav,SPK005,unknown,.m4a,2.1120,48000,2,SUCCESS,
c:\Users\Dell\Desktop\KWS PROJECT\PROXIMA_DATASET\SPK005\unknown\Recording (28).m4a,c:\Users\Dell\Desktop\KWS PROJECT\PROXIMA_DATA_2\SPK005\unknown\Recording (28).wav,SPK005,unknown,.m4a,2.9867,48000,2,SUCCESS,
c:\Users\Dell\Desktop\KWS PROJECT\PROXIMA_DATASET\SPK005\unknown\Recording (29).m4a,c:\Users\Dell\Desktop\KWS PROJECT\PROXIMA_DATA_2\SPK005\unknown\Recording (29).wav,SPK005,unknown,.m4a,2.8587,48000,2,SUCCESS,
c:\Users\Dell\Desktop\KWS PROJECT\PROXIMA_DATASET\SPK005\unknown\Recording (3).m4a,c:\Users\Dell\Desktop\KWS PROJECT\PROXIMA_DATA_2\SPK005\unknown\Recording (3).wav,SPK005,unknown,.m4a,1.9840,48000,2,SUCCESS,
c:\Users\Dell\Desktop\KWS PROJECT\PROXIMA_DATASET\SPK005\unknown\Recording (30).m4a,c:\Users\Dell\Desktop\KWS PROJECT\PROXIMA_DATA_2\SPK005\unknown\Recording (30).wav,SPK005,unknown,.m4a,3.1360,48000,2,SUCCESS,
c:\Users\Dell\Desktop\KWS PROJECT\PROXIMA_DATASET\SPK005\unknown\Recording (31).m4a,c:\Users\Dell\Desktop\KWS PROJECT\PROXIMA_DATA_2\SPK005\unknown\Recording (31).wav,SPK005,unknown,.m4a,2.8373,48000,2,SUCCESS,
c:\Users\Dell\Desktop\KWS PROJECT\PROXIMA_DATASET\SPK005\unknown\Recording (32).m4a,c:\Users\Dell\Desktop\KWS PROJECT\PROXIMA_DATA_2\SPK005\unknown\Recording (32).wav,SPK005,unknown,.m4a,2.0693,48000,2,SUCCESS,
c:\Users\Dell\Desktop\KWS PROJECT\PROXIMA_DATASET\SPK005\unknown\Recording (33).m4a,c:\Users\Dell\Desktop\KWS PROJECT\PROXIMA_DATA_2\SPK005\unknown\Recording (33).wav,SPK005,unknown,.m4a,2.2187,48000,2,SUCCESS,
c:\Users\Dell\Desktop\KWS PROJECT\PROXIMA_DATASET\SPK005\unknown\Recording (34).m4a,c:\Users\Dell\Desktop\KWS PROJECT\PROXIMA_DATA_2\SPK005\unknown\Recording (34).wav,SPK005,unknown,.m4a,2.9440,48000,2,SUCCESS,
c:\Users\Dell\Desktop\KWS PROJECT\PROXIMA_DATASET\SPK005\unknown\Recording (35).m4a,c:\Users\Dell\Desktop\KWS PROJECT\PROXIMA_DATA_2\SPK005\unknown\Recording (35).wav,SPK005,unknown,.m4a,2.7947,48000,2,SUCCESS,
c:\Users\Dell\Desktop\KWS PROJECT\PROXIMA_DATASET\SPK005\unknown\Recording (36).m4a,c:\Users\Dell\Desktop\KWS PROJECT\PROXIMA_DATA_2\SPK005\unknown\Recording (36).wav,SPK005,unknown,.m4a,2.2400,48000,2,SUCCESS,
c:\Users\Dell\Desktop\KWS PROJECT\PROXIMA_DATASET\SPK005\unknown\Recording (37).m4a,c:\Users\Dell\Desktop\KWS PROJECT\PROXIMA_DATA_2\SPK005\unknown\Recording (37).wav,SPK005,unknown,.m4a,3.1147,48000,2,SUCCESS,
c:\Users\Dell\Desktop\KWS PROJECT\PROXIMA_DATASET\SPK005\unknown\Recording (38).m4a,c:\Users\Dell\Desktop\KWS PROJECT\PROXIMA_DATA_2\SPK005\unknown\Recording (38).wav,SPK005,unknown,.m4a,2.6667,48000,2,SUCCESS,
c:\Users\Dell\Desktop\KWS PROJECT\PROXIMA_DATASET\SPK005\unknown\Recording (39).m4a,c:\Users\Dell\Desktop\KWS PROJECT\PROXIMA_DATA_2\SPK005\unknown\Recording (39).wav,SPK005,unknown,.m4a,2.4320,48000,2,SUCCESS,
c:\Users\Dell\Desktop\KWS PROJECT\PROXIMA_DATASET\SPK005\unknown\Recording (4).m4a,c:\Users\Dell\Desktop\KWS PROJECT\PROXIMA_DATA_2\SPK005\unknown\Recording (4).wav,SPK005,unknown,.m4a,1.7707,48000,2,SUCCESS,
c:\Users\Dell\Desktop\KWS PROJECT\PROXIMA_DATASET\SPK005\unknown\Recording (40).m4a,c:\Users\Dell\Desktop\KWS PROJECT\PROXIMA_DATA_2\SPK005\unknown\Recording (40).wav,SPK005,unknown,.m4a,4.6293,48000,2,SUCCESS,
c:\Users\Dell\Desktop\KWS PROJECT\PROXIMA_DATASET\SPK005\unknown\Recording (5).m4a,c:\Users\Dell\Desktop\KWS PROJECT\PROXIMA_DATA_2\SPK005\unknown\Recording (5).wav,SPK005,unknown,.m4a,1.9627,48000,2,SUCCESS,
c:\Users\Dell\Desktop\KWS PROJECT\PROXIMA_DATASET\SPK005\unknown\Recording (6).m4a,c:\Users\Dell\Desktop\KWS PROJECT\PROXIMA_DATA_2\SPK005\unknown\Recording (6).wav,SPK005,unknown,.m4a,1.8347,48000,2,SUCCESS,
c:\Users\Dell\Desktop\KWS PROJECT\PROXIMA_DATASET\SPK005\unknown\Recording (7).m4a,c:\Users\Dell\Desktop\KWS PROJECT\PROXIMA_DATA_2\SPK005\unknown\Recording (7).wav,SPK005,unknown,.m4a,2.2400,48000,2,SUCCESS,
c:\Users\Dell\Desktop\KWS PROJECT\PROXIMA_DATASET\SPK005\unknown\Recording (8).m4a,c:\Users\Dell\Desktop\KWS PROJECT\PROXIMA_DATA_2\SPK005\unknown\Recording (8).wav,SPK005,unknown,.m4a,1.9413,48000,2,SUCCESS,
c:\Users\Dell\Desktop\KWS PROJECT\PROXIMA_DATASET\SPK005\unknown\Recording (9).m4a,c:\Users\Dell\Desktop\KWS PROJECT\PROXIMA_DATA_2\SPK005\unknown\Recording (9).wav,SPK005,unknown,.m4a,2.3040,48000,2,SUCCESS,
c:\Users\Dell\Desktop\KWS PROJECT\PROXIMA_DATASET\SPK005\unknown\Recording.m4a,c:\Users\Dell\Desktop\KWS PROJECT\PROXIMA_DATA_2\SPK005\unknown\Recording.wav,SPK005,unknown,.m4a,1.9413,48000,2,SUCCESS,
c:\Users\Dell\Desktop\KWS PROJECT\PROXIMA_DATASET\SPK006\proxima\New recording 1.m4a,c:\Users\Dell\Desktop\KWS PROJECT\PROXIMA_DATA_2\SPK006\proxima\New recording 1.wav,SPK006,proxima,.m4a,1.6853,48000,2,SUCCESS,
c:\Users\Dell\Desktop\KWS PROJECT\PROXIMA_DATASET\SPK006\proxima\New recording 10.m4a,c:\Users\Dell\Desktop\KWS PROJECT\PROXIMA_DATA_2\SPK006\proxima\New recording 10.wav,SPK006,proxima,.m4a,1.9200,48000,2,SUCCESS,
c:\Users\Dell\Desktop\KWS PROJECT\PROXIMA_DATASET\SPK006\proxima\New recording 11.m4a,c:\Users\Dell\Desktop\KWS PROJECT\PROXIMA_DATA_2\SPK006\proxima\New recording 11.wav,SPK006,proxima,.m4a,1.7280,48000,2,SUCCESS,
c:\Users\Dell\Desktop\KWS PROJECT\PROXIMA_DATASET\SPK006\proxima\New recording 12.m4a,c:\Users\Dell\Desktop\KWS PROJECT\PROXIMA_DATA_2\SPK006\proxima\New recording 12.wav,SPK006,proxima,.m4a,1.4933,48000,2,SUCCESS,
c:\Users\Dell\Desktop\KWS PROJECT\PROXIMA_DATASET\SPK006\proxima\New recording 13.m4a,c:\Users\Dell\Desktop\KWS PROJECT\PROXIMA_DATA_2\SPK006\proxima\New recording 13.wav,SPK006,proxima,.m4a,3.1787,48000,2,SUCCESS,
c:\Users\Dell\Desktop\KWS PROJECT\PROXIMA_DATASET\SPK006\proxima\New recording 14.m4a,c:\Users\Dell\Desktop\KWS PROJECT\PROXIMA_DATA_2\SPK006\proxima\New recording 14.wav,SPK006,proxima,.m4a,1.6640,48000,2,SUCCESS,
c:\Users\Dell\Desktop\KWS PROJECT\PROXIMA_DATASET\SPK006\proxima\New recording 15.m4a,c:\Users\Dell\Desktop\KWS PROJECT\PROXIMA_DATA_2\SPK006\proxima\New recording 15.wav,SPK006,proxima,.m4a,1.6000,48000,2,SUCCESS,
c:\Users\Dell\Desktop\KWS PROJECT\PROXIMA_DATASET\SPK006\proxima\New recording 16.m4a,c:\Users\Dell\Desktop\KWS PROJECT\PROXIMA_DATA_2\SPK006\proxima\New recording 16.wav,SPK006,proxima,.m4a,1.9413,48000,2,SUCCESS,
c:\Users\Dell\Desktop\KWS PROJECT\PROXIMA_DATASET\SPK006\proxima\New recording 17.m4a,c:\Users\Dell\Desktop\KWS PROJECT\PROXIMA_DATA_2\SPK006\proxima\New recording 17.wav,SPK006,proxima,.m4a,1.7067,48000,2,SUCCESS,
c:\Users\Dell\Desktop\KWS PROJECT\PROXIMA_DATASET\SPK006\proxima\New recording 18.m4a,c:\Users\Dell\Desktop\KWS PROJECT\PROXIMA_DATA_2\SPK006\proxima\New recording 18.wav,SPK006,proxima,.m4a,1.9627,48000,2,SUCCESS,
c:\Users\Dell\Desktop\KWS PROJECT\PROXIMA_DATASET\SPK006\proxima\New recording 19.m4a,c:\Users\Dell\Desktop\KWS PROJECT\PROXIMA_DATA_2\SPK006\proxima\New recording 19.wav,SPK006,proxima,.m4a,1.7707,48000,2,SUCCESS,
c:\Users\Dell\Desktop\KWS PROJECT\PROXIMA_DATASET\SPK006\proxima\New recording 2.m4a,c:\Users\Dell\Desktop\KWS PROJECT\PROXIMA_DATA_2\SPK006\proxima\New recording 2.wav,SPK006,proxima,.m4a,1.8987,48000,2,SUCCESS,
c:\Users\Dell\Desktop\KWS PROJECT\PROXIMA_DATASET\SPK006\proxima\New recording 20.m4a,c:\Users\Dell\Desktop\KWS PROJECT\PROXIMA_DATA_2\SPK006\proxima\New recording 20.wav,SPK006,proxima,.m4a,1.6640,48000,2,SUCCESS,
c:\Users\Dell\Desktop\KWS PROJECT\PROXIMA_DATASET\SPK006\proxima\New recording 21.m4a,c:\Users\Dell\Desktop\KWS PROJECT\PROXIMA_DATA_2\SPK006\proxima\New recording 21.wav,SPK006,proxima,.m4a,1.4080,48000,2,SUCCESS,
c:\Users\Dell\Desktop\KWS PROJECT\PROXIMA_DATASET\SPK006\proxima\New recording 22.m4a,c:\Users\Dell\Desktop\KWS PROJECT\PROXIMA_DATA_2\SPK006\proxima\New recording 22.wav,SPK006,proxima,.m4a,1.6000,48000,2,SUCCESS,
c:\Users\Dell\Desktop\KWS PROJECT\PROXIMA_DATASET\SPK006\proxima\New recording 23.m4a,c:\Users\Dell\Desktop\KWS PROJECT\PROXIMA_DATA_2\SPK006\proxima\New recording 23.wav,SPK006,proxima,.m4a,1.6213,48000,2,SUCCESS,
c:\Users\Dell\Desktop\KWS PROJECT\PROXIMA_DATASET\SPK006\proxima\New recording 24.m4a,c:\Users\Dell\Desktop\KWS PROJECT\PROXIMA_DATA_2\SPK006\proxima\New recording 24.wav,SPK006,proxima,.m4a,1.8773,48000,2,SUCCESS,
c:\Users\Dell\Desktop\KWS PROJECT\PROXIMA_DATASET\SPK006\proxima\New recording 25.m4a,c:\Users\Dell\Desktop\KWS PROJECT\PROXIMA_DATA_2\SPK006\proxima\New recording 25.wav,SPK006,proxima,.m4a,1.6853,48000,2,SUCCESS,
c:\Users\Dell\Desktop\KWS PROJECT\PROXIMA_DATASET\SPK006\proxima\New recording 26.m4a,c:\Users\Dell\Desktop\KWS PROJECT\PROXIMA_DATA_2\SPK006\proxima\New recording 26.wav,SPK006,proxima,.m4a,1.7493,48000,2,SUCCESS,
c:\Users\Dell\Desktop\KWS PROJECT\PROXIMA_DATASET\SPK006\proxima\New recording 27.m4a,c:\Users\Dell\Desktop\KWS PROJECT\PROXIMA_DATA_2\SPK006\proxima\New recording 27.wav,SPK006,proxima,.m4a,1.7280,48000,2,SUCCESS,
c:\Users\Dell\Desktop\KWS PROJECT\PROXIMA_DATASET\SPK006\proxima\New recording 28.m4a,c:\Users\Dell\Desktop\KWS PROJECT\PROXIMA_DATA_2\SPK006\proxima\New recording 28.wav,SPK006,proxima,.m4a,1.7493,48000,2,SUCCESS,
c:\Users\Dell\Desktop\KWS PROJECT\PROXIMA_DATASET\SPK006\proxima\New recording 29.m4a,c:\Users\Dell\Desktop\KWS PROJECT\PROXIMA_DATA_2\SPK006\proxima\New recording 29.wav,SPK006,proxima,.m4a,1.8560,48000,2,SUCCESS,
c:\Users\Dell\Desktop\KWS PROJECT\PROXIMA_DATASET\SPK006\proxima\New recording 3.m4a,c:\Users\Dell\Desktop\KWS PROJECT\PROXIMA_DATA_2\SPK006\proxima\New recording 3.wav,SPK006,proxima,.m4a,1.8987,48000,2,SUCCESS,
c:\Users\Dell\Desktop\KWS PROJECT\PROXIMA_DATASET\SPK006\proxima\New recording 30.m4a,c:\Users\Dell\Desktop\KWS PROJECT\PROXIMA_DATA_2\SPK006\proxima\New recording 30.wav,SPK006,proxima,.m4a,1.3653,48000,2,SUCCESS,
c:\Users\Dell\Desktop\KWS PROJECT\PROXIMA_DATASET\SPK006\proxima\New recording 31.m4a,c:\Users\Dell\Desktop\KWS PROJECT\PROXIMA_DATA_2\SPK006\proxima\New recording 31.wav,SPK006,proxima,.m4a,1.6853,48000,2,SUCCESS,
c:\Users\Dell\Desktop\KWS PROJECT\PROXIMA_DATASET\SPK006\proxima\New recording 32.m4a,c:\Users\Dell\Desktop\KWS PROJECT\PROXIMA_DATA_2\SPK006\proxima\New recording 32.wav,SPK006,proxima,.m4a,1.8560,48000,2,SUCCESS,
c:\Users\Dell\Desktop\KWS PROJECT\PROXIMA_DATASET\SPK006\proxima\New recording 33.m4a,c:\Users\Dell\Desktop\KWS PROJECT\PROXIMA_DATA_2\SPK006\proxima\New recording 33.wav,SPK006,proxima,.m4a,1.7280,48000,2,SUCCESS,
c:\Users\Dell\Desktop\KWS PROJECT\PROXIMA_DATASET\SPK006\proxima\New recording 34.m4a,c:\Users\Dell\Desktop\KWS PROJECT\PROXIMA_DATA_2\SPK006\proxima\New recording 34.wav,SPK006,proxima,.m4a,1.7707,48000,2,SUCCESS,
c:\Users\Dell\Desktop\KWS PROJECT\PROXIMA_DATASET\SPK006\proxima\New recording 35.m4a,c:\Users\Dell\Desktop\KWS PROJECT\PROXIMA_DATA_2\SPK006\proxima\New recording 35.wav,SPK006,proxima,.m4a,1.7493,48000,2,SUCCESS,
c:\Users\Dell\Desktop\KWS PROJECT\PROXIMA_DATASET\SPK006\proxima\New recording 36.m4a,c:\Users\Dell\Desktop\KWS PROJECT\PROXIMA_DATA_2\SPK006\proxima\New recording 36.wav,SPK006,proxima,.m4a,1.5787,48000,2,SUCCESS,
c:\Users\Dell\Desktop\KWS PROJECT\PROXIMA_DATASET\SPK006\proxima\New recording 37.m4a,c:\Users\Dell\Desktop\KWS PROJECT\PROXIMA_DATA_2\SPK006\proxima\New recording 37.wav,SPK006,proxima,.m4a,1.5360,48000,2,SUCCESS,
c:\Users\Dell\Desktop\KWS PROJECT\PROXIMA_DATASET\SPK006\proxima\New recording 38.m4a,c:\Users\Dell\Desktop\KWS PROJECT\PROXIMA_DATA_2\SPK006\proxima\New recording 38.wav,SPK006,proxima,.m4a,1.6213,48000,2,SUCCESS,
c:\Users\Dell\Desktop\KWS PROJECT\PROXIMA_DATASET\SPK006\proxima\New recording 39.m4a,c:\Users\Dell\Desktop\KWS PROJECT\PROXIMA_DATA_2\SPK006\proxima\New recording 39.wav,SPK006,proxima,.m4a,2.4747,48000,2,SUCCESS,
c:\Users\Dell\Desktop\KWS PROJECT\PROXIMA_DATASET\SPK006\proxima\New recording 4.m4a,c:\Users\Dell\Desktop\KWS PROJECT\PROXIMA_DATA_2\SPK006\proxima\New recording 4.wav,SPK006,proxima,.m4a,2.0053,48000,2,SUCCESS,
c:\Users\Dell\Desktop\KWS PROJECT\PROXIMA_DATASET\SPK006\proxima\New recording 40.m4a,c:\Users\Dell\Desktop\KWS PROJECT\PROXIMA_DATA_2\SPK006\proxima\New recording 40.wav,SPK006,proxima,.m4a,1.4507,48000,2,SUCCESS,
c:\Users\Dell\Desktop\KWS PROJECT\PROXIMA_DATASET\SPK006\proxima\New recording 5.m4a,c:\Users\Dell\Desktop\KWS PROJECT\PROXIMA_DATA_2\SPK006\proxima\New recording 5.wav,SPK006,proxima,.m4a,1.9200,48000,2,SUCCESS,
c:\Users\Dell\Desktop\KWS PROJECT\PROXIMA_DATASET\SPK006\proxima\New recording 6.m4a,c:\Users\Dell\Desktop\KWS PROJECT\PROXIMA_DATA_2\SPK006\proxima\New recording 6.wav,SPK006,proxima,.m4a,2.1760,48000,2,SUCCESS,
c:\Users\Dell\Desktop\KWS PROJECT\PROXIMA_DATASET\SPK006\proxima\New recording 7.m4a,c:\Users\Dell\Desktop\KWS PROJECT\PROXIMA_DATA_2\SPK006\proxima\New recording 7.wav,SPK006,proxima,.m4a,1.5147,48000,2,SUCCESS,
c:\Users\Dell\Desktop\KWS PROJECT\PROXIMA_DATASET\SPK006\proxima\New recording 8.m4a,c:\Users\Dell\Desktop\KWS PROJECT\PROXIMA_DATA_2\SPK006\proxima\New recording 8.wav,SPK006,proxima,.m4a,1.8347,48000,2,SUCCESS,
c:\Users\Dell\Desktop\KWS PROJECT\PROXIMA_DATASET\SPK006\proxima\New recording 9.m4a,c:\Users\Dell\Desktop\KWS PROJECT\PROXIMA_DATA_2\SPK006\proxima\New recording 9.wav,SPK006,proxima,.m4a,1.8560,48000,2,SUCCESS,
c:\Users\Dell\Desktop\KWS PROJECT\PROXIMA_DATASET\SPK006\unknown\New recording 1.m4a,c:\Users\Dell\Desktop\KWS PROJECT\PROXIMA_DATA_2\SPK006\unknown\New recording 1.wav,SPK006,unknown,.m4a,1.9200,48000,2,SUCCESS,
c:\Users\Dell\Desktop\KWS PROJECT\PROXIMA_DATASET\SPK006\unknown\New recording 10.m4a,c:\Users\Dell\Desktop\KWS PROJECT\PROXIMA_DATA_2\SPK006\unknown\New recording 10.wav,SPK006,unknown,.m4a,2.7093,48000,2,SUCCESS,
c:\Users\Dell\Desktop\KWS PROJECT\PROXIMA_DATASET\SPK006\unknown\New recording 11.m4a,c:\Users\Dell\Desktop\KWS PROJECT\PROXIMA_DATA_2\SPK006\unknown\New recording 11.wav,SPK006,unknown,.m4a,1.7920,48000,2,SUCCESS,
c:\Users\Dell\Desktop\KWS PROJECT\PROXIMA_DATASET\SPK006\unknown\New recording 12.m4a,c:\Users\Dell\Desktop\KWS PROJECT\PROXIMA_DATA_2\SPK006\unknown\New recording 12.wav,SPK006,unknown,.m4a,1.6000,48000,2,SUCCESS,
c:\Users\Dell\Desktop\KWS PROJECT\PROXIMA_DATASET\SPK006\unknown\New recording 13.m4a,c:\Users\Dell\Desktop\KWS PROJECT\PROXIMA_DATA_2\SPK006\unknown\New recording 13.wav,SPK006,unknown,.m4a,2.4533,48000,2,SUCCESS,
c:\Users\Dell\Desktop\KWS PROJECT\PROXIMA_DATASET\SPK006\unknown\New recording 14.m4a,c:\Users\Dell\Desktop\KWS PROJECT\PROXIMA_DATA_2\SPK006\unknown\New recording 14.wav,SPK006,unknown,.m4a,2.5600,48000,2,SUCCESS,
c:\Users\Dell\Desktop\KWS PROJECT\PROXIMA_DATASET\SPK006\unknown\New recording 15.m4a,c:\Users\Dell\Desktop\KWS PROJECT\PROXIMA_DATA_2\SPK006\unknown\New recording 15.wav,SPK006,unknown,.m4a,1.8773,48000,2,SUCCESS,
c:\Users\Dell\Desktop\KWS PROJECT\PROXIMA_DATASET\SPK006\unknown\New recording 16.m4a,c:\Users\Dell\Desktop\KWS PROJECT\PROXIMA_DATA_2\SPK006\unknown\New recording 16.wav,SPK006,unknown,.m4a,1.2800,48000,2,SUCCESS,
c:\Users\Dell\Desktop\KWS PROJECT\PROXIMA_DATASET\SPK006\unknown\New recording 17.m4a,c:\Users\Dell\Desktop\KWS PROJECT\PROXIMA_DATA_2\SPK006\unknown\New recording 17.wav,SPK006,unknown,.m4a,1.4507,48000,2,SUCCESS,
c:\Users\Dell\Desktop\KWS PROJECT\PROXIMA_DATASET\SPK006\unknown\New recording 18.m4a,c:\Users\Dell\Desktop\KWS PROJECT\PROXIMA_DATA_2\SPK006\unknown\New recording 18.wav,SPK006,unknown,.m4a,1.9840,48000,2,SUCCESS,
c:\Users\Dell\Desktop\KWS PROJECT\PROXIMA_DATASET\SPK006\unknown\New recording 19.m4a,c:\Users\Dell\Desktop\KWS PROJECT\PROXIMA_DATA_2\SPK006\unknown\New recording 19.wav,SPK006,unknown,.m4a,1.9200,48000,2,SUCCESS,
c:\Users\Dell\Desktop\KWS PROJECT\PROXIMA_DATASET\SPK006\unknown\New recording 2.m4a,c:\Users\Dell\Desktop\KWS PROJECT\PROXIMA_DATA_2\SPK006\unknown\New recording 2.wav,SPK006,unknown,.m4a,1.8773,48000,2,SUCCESS,
c:\Users\Dell\Desktop\KWS PROJECT\PROXIMA_DATASET\SPK006\unknown\New recording 20.m4a,c:\Users\Dell\Desktop\KWS PROJECT\PROXIMA_DATA_2\SPK006\unknown\New recording 20.wav,SPK006,unknown,.m4a,2.0267,48000,2,SUCCESS,
c:\Users\Dell\Desktop\KWS PROJECT\PROXIMA_DATASET\SPK006\unknown\New recording 21.m4a,c:\Users\Dell\Desktop\KWS PROJECT\PROXIMA_DATA_2\SPK006\unknown\New recording 21.wav,SPK006,unknown,.m4a,1.8133,48000,2,SUCCESS,
c:\Users\Dell\Desktop\KWS PROJECT\PROXIMA_DATASET\SPK006\unknown\New recording 22.m4a,c:\Users\Dell\Desktop\KWS PROJECT\PROXIMA_DATA_2\SPK006\unknown\New recording 22.wav,SPK006,unknown,.m4a,1.7707,48000,2,SUCCESS,
c:\Users\Dell\Desktop\KWS PROJECT\PROXIMA_DATASET\SPK006\unknown\New recording 23.m4a,c:\Users\Dell\Desktop\KWS PROJECT\PROXIMA_DATA_2\SPK006\unknown\New recording 23.wav,SPK006,unknown,.m4a,1.5360,48000,2,SUCCESS,
c:\Users\Dell\Desktop\KWS PROJECT\PROXIMA_DATASET\SPK006\unknown\New recording 24.m4a,c:\Users\Dell\Desktop\KWS PROJECT\PROXIMA_DATA_2\SPK006\unknown\New recording 24.wav,SPK006,unknown,.m4a,1.9627,48000,2,SUCCESS,
c:\Users\Dell\Desktop\KWS PROJECT\PROXIMA_DATASET\SPK006\unknown\New recording 25.m4a,c:\Users\Dell\Desktop\KWS PROJECT\PROXIMA_DATA_2\SPK006\unknown\New recording 25.wav,SPK006,unknown,.m4a,1.9840,48000,2,SUCCESS,
c:\Users\Dell\Desktop\KWS PROJECT\PROXIMA_DATASET\SPK006\unknown\New recording 26.m4a,c:\Users\Dell\Desktop\KWS PROJECT\PROXIMA_DATA_2\SPK006\unknown\New recording 26.wav,SPK006,unknown,.m4a,1.9840,48000,2,SUCCESS,
c:\Users\Dell\Desktop\KWS PROJECT\PROXIMA_DATASET\SPK006\unknown\New recording 27.m4a,c:\Users\Dell\Desktop\KWS PROJECT\PROXIMA_DATA_2\SPK006\unknown\New recording 27.wav,SPK006,unknown,.m4a,1.7280,48000,2,SUCCESS,
c:\Users\Dell\Desktop\KWS PROJECT\PROXIMA_DATASET\SPK006\unknown\New recording 28.m4a,c:\Users\Dell\Desktop\KWS PROJECT\PROXIMA_DATA_2\SPK006\unknown\New recording 28.wav,SPK006,unknown,.m4a,1.2587,48000,2,SUCCESS,
c:\Users\Dell\Desktop\KWS PROJECT\PROXIMA_DATASET\SPK006\unknown\New recording 29.m4a,c:\Users\Dell\Desktop\KWS PROJECT\PROXIMA_DATA_2\SPK006\unknown\New recording 29.wav,SPK006,unknown,.m4a,1.6853,48000,2,SUCCESS,
c:\Users\Dell\Desktop\KWS PROJECT\PROXIMA_DATASET\SPK006\unknown\New recording 3.m4a,c:\Users\Dell\Desktop\KWS PROJECT\PROXIMA_DATA_2\SPK006\unknown\New recording 3.wav,SPK006,unknown,.m4a,1.6640,48000,2,SUCCESS,
c:\Users\Dell\Desktop\KWS PROJECT\PROXIMA_DATASET\SPK006\unknown\New recording 30.m4a,c:\Users\Dell\Desktop\KWS PROJECT\PROXIMA_DATA_2\SPK006\unknown\New recording 30.wav,SPK006,unknown,.m4a,1.6640,48000,2,SUCCESS,
c:\Users\Dell\Desktop\KWS PROJECT\PROXIMA_DATASET\SPK006\unknown\New recording 31.m4a,c:\Users\Dell\Desktop\KWS PROJECT\PROXIMA_DATA_2\SPK006\unknown\New recording 31.wav,SPK006,unknown,.m4a,1.7280,48000,2,SUCCESS,
c:\Users\Dell\Desktop\KWS PROJECT\PROXIMA_DATASET\SPK006\unknown\New recording 32.m4a,c:\Users\Dell\Desktop\KWS PROJECT\PROXIMA_DATA_2\SPK006\unknown\New recording 32.wav,SPK006,unknown,.m4a,2.0907,48000,2,SUCCESS,
c:\Users\Dell\Desktop\KWS PROJECT\PROXIMA_DATASET\SPK006\unknown\New recording 33.m4a,c:\Users\Dell\Desktop\KWS PROJECT\PROXIMA_DATA_2\SPK006\unknown\New recording 33.wav,SPK006,unknown,.m4a,1.4933,48000,2,SUCCESS,
c:\Users\Dell\Desktop\KWS PROJECT\PROXIMA_DATASET\SPK006\unknown\New recording 34.m4a,c:\Users\Dell\Desktop\KWS PROJECT\PROXIMA_DATA_2\SPK006\unknown\New recording 34.wav,SPK006,unknown,.m4a,1.4080,48000,2,SUCCESS,
c:\Users\Dell\Desktop\KWS PROJECT\PROXIMA_DATASET\SPK006\unknown\New recording 35.m4a,c:\Users\Dell\Desktop\KWS PROJECT\PROXIMA_DATA_2\SPK006\unknown\New recording 35.wav,SPK006,unknown,.m4a,2.0480,48000,2,SUCCESS,
c:\Users\Dell\Desktop\KWS PROJECT\PROXIMA_DATASET\SPK006\unknown\New recording 36.m4a,c:\Users\Dell\Desktop\KWS PROJECT\PROXIMA_DATA_2\SPK006\unknown\New recording 36.wav,SPK006,unknown,.m4a,1.4507,48000,2,SUCCESS,
c:\Users\Dell\Desktop\KWS PROJECT\PROXIMA_DATASET\SPK006\unknown\New recording 37.m4a,c:\Users\Dell\Desktop\KWS PROJECT\PROXIMA_DATA_2\SPK006\unknown\New recording 37.wav,SPK006,unknown,.m4a,1.8987,48000,2,SUCCESS,
c:\Users\Dell\Desktop\KWS PROJECT\PROXIMA_DATASET\SPK006\unknown\New recording 38.m4a,c:\Users\Dell\Desktop\KWS PROJECT\PROXIMA_DATA_2\SPK006\unknown\New recording 38.wav,SPK006,unknown,.m4a,2.1760,48000,2,SUCCESS,
c:\Users\Dell\Desktop\KWS PROJECT\PROXIMA_DATASET\SPK006\unknown\New recording 39.m4a,c:\Users\Dell\Desktop\KWS PROJECT\PROXIMA_DATA_2\SPK006\unknown\New recording 39.wav,SPK006,unknown,.m4a,2.0480,48000,2,SUCCESS,
c:\Users\Dell\Desktop\KWS PROJECT\PROXIMA_DATASET\SPK006\unknown\New recording 4.m4a,c:\Users\Dell\Desktop\KWS PROJECT\PROXIMA_DATA_2\SPK006\unknown\New recording 4.wav,SPK006,unknown,.m4a,1.5147,48000,2,SUCCESS,
c:\Users\Dell\Desktop\KWS PROJECT\PROXIMA_DATASET\SPK006\unknown\New recording 40.m4a,c:\Users\Dell\Desktop\KWS PROJECT\PROXIMA_DATA_2\SPK006\unknown\New recording 40.wav,SPK006,unknown,.m4a,2.0693,48000,2,SUCCESS,
c:\Users\Dell\Desktop\KWS PROJECT\PROXIMA_DATASET\SPK006\unknown\New recording 41.m4a,c:\Users\Dell\Desktop\KWS PROJECT\PROXIMA_DATA_2\SPK006\unknown\New recording 41.wav,SPK006,unknown,.m4a,2.1120,48000,2,SUCCESS,
c:\Users\Dell\Desktop\KWS PROJECT\PROXIMA_DATASET\SPK006\unknown\New recording 42.m4a,c:\Users\Dell\Desktop\KWS PROJECT\PROXIMA_DATA_2\SPK006\unknown\New recording 42.wav,SPK006,unknown,.m4a,3.1360,48000,2,SUCCESS,
c:\Users\Dell\Desktop\KWS PROJECT\PROXIMA_DATASET\SPK006\unknown\New recording 43.m4a,c:\Users\Dell\Desktop\KWS PROJECT\PROXIMA_DATA_2\SPK006\unknown\New recording 43.wav,SPK006,unknown,.m4a,2.1547,48000,2,SUCCESS,
c:\Users\Dell\Desktop\KWS PROJECT\PROXIMA_DATASET\SPK006\unknown\New recording 44.m4a,c:\Users\Dell\Desktop\KWS PROJECT\PROXIMA_DATA_2\SPK006\unknown\New recording 44.wav,SPK006,unknown,.m4a,2.1547,48000,2,SUCCESS,
c:\Users\Dell\Desktop\KWS PROJECT\PROXIMA_DATASET\SPK006\unknown\New recording 45.m4a,c:\Users\Dell\Desktop\KWS PROJECT\PROXIMA_DATA_2\SPK006\unknown\New recording 45.wav,SPK006,unknown,.m4a,2.2400,48000,2,SUCCESS,
c:\Users\Dell\Desktop\KWS PROJECT\PROXIMA_DATASET\SPK006\unknown\New recording 46.m4a,c:\Users\Dell\Desktop\KWS PROJECT\PROXIMA_DATA_2\SPK006\unknown\New recording 46.wav,SPK006,unknown,.m4a,2.2613,48000,2,SUCCESS,
c:\Users\Dell\Desktop\KWS PROJECT\PROXIMA_DATASET\SPK006\unknown\New recording 47.m4a,c:\Users\Dell\Desktop\KWS PROJECT\PROXIMA_DATA_2\SPK006\unknown\New recording 47.wav,SPK006,unknown,.m4a,2.4533,48000,2,SUCCESS,
c:\Users\Dell\Desktop\KWS PROJECT\PROXIMA_DATASET\SPK006\unknown\New recording 48.m4a,c:\Users\Dell\Desktop\KWS PROJECT\PROXIMA_DATA_2\SPK006\unknown\New recording 48.wav,SPK006,unknown,.m4a,1.7493,48000,2,SUCCESS,
c:\Users\Dell\Desktop\KWS PROJECT\PROXIMA_DATASET\SPK006\unknown\New recording 49.m4a,c:\Users\Dell\Desktop\KWS PROJECT\PROXIMA_DATA_2\SPK006\unknown\New recording 49.wav,SPK006,unknown,.m4a,1.4507,48000,2,SUCCESS,
c:\Users\Dell\Desktop\KWS PROJECT\PROXIMA_DATASET\SPK006\unknown\New recording 5.m4a,c:\Users\Dell\Desktop\KWS PROJECT\PROXIMA_DATA_2\SPK006\unknown\New recording 5.wav,SPK006,unknown,.m4a,1.8560,48000,2,SUCCESS,
c:\Users\Dell\Desktop\KWS PROJECT\PROXIMA_DATASET\SPK006\unknown\New recording 50.m4a,c:\Users\Dell\Desktop\KWS PROJECT\PROXIMA_DATA_2\SPK006\unknown\New recording 50.wav,SPK006,unknown,.m4a,2.2613,48000,2,SUCCESS,
c:\Users\Dell\Desktop\KWS PROJECT\PROXIMA_DATASET\SPK006\unknown\New recording 51.m4a,c:\Users\Dell\Desktop\KWS PROJECT\PROXIMA_DATA_2\SPK006\unknown\New recording 51.wav,SPK006,unknown,.m4a,1.7067,48000,2,SUCCESS,
c:\Users\Dell\Desktop\KWS PROJECT\PROXIMA_DATASET\SPK006\unknown\New recording 52.m4a,c:\Users\Dell\Desktop\KWS PROJECT\PROXIMA_DATA_2\SPK006\unknown\New recording 52.wav,SPK006,unknown,.m4a,1.6000,48000,2,SUCCESS,
c:\Users\Dell\Desktop\KWS PROJECT\PROXIMA_DATASET\SPK006\unknown\New recording 53.m4a,c:\Users\Dell\Desktop\KWS PROJECT\PROXIMA_DATA_2\SPK006\unknown\New recording 53.wav,SPK006,unknown,.m4a,1.6000,48000,2,SUCCESS,
c:\Users\Dell\Desktop\KWS PROJECT\PROXIMA_DATASET\SPK006\unknown\New recording 54.m4a,c:\Users\Dell\Desktop\KWS PROJECT\PROXIMA_DATA_2\SPK006\unknown\New recording 54.wav,SPK006,unknown,.m4a,1.7493,48000,2,SUCCESS,
c:\Users\Dell\Desktop\KWS PROJECT\PROXIMA_DATASET\SPK006\unknown\New recording 55.m4a,c:\Users\Dell\Desktop\KWS PROJECT\PROXIMA_DATA_2\SPK006\unknown\New recording 55.wav,SPK006,unknown,.m4a,1.7493,48000,2,SUCCESS,
c:\Users\Dell\Desktop\KWS PROJECT\PROXIMA_DATASET\SPK006\unknown\New recording 56.m4a,c:\Users\Dell\Desktop\KWS PROJECT\PROXIMA_DATA_2\SPK006\unknown\New recording 56.wav,SPK006,unknown,.m4a,2.0907,48000,2,SUCCESS,
c:\Users\Dell\Desktop\KWS PROJECT\PROXIMA_DATASET\SPK006\unknown\New recording 57.m4a,c:\Users\Dell\Desktop\KWS PROJECT\PROXIMA_DATA_2\SPK006\unknown\New recording 57.wav,SPK006,unknown,.m4a,2.5600,48000,2,SUCCESS,
c:\Users\Dell\Desktop\KWS PROJECT\PROXIMA_DATASET\SPK006\unknown\New recording 58.m4a,c:\Users\Dell\Desktop\KWS PROJECT\PROXIMA_DATA_2\SPK006\unknown\New recording 58.wav,SPK006,unknown,.m4a,2.1973,48000,2,SUCCESS,
c:\Users\Dell\Desktop\KWS PROJECT\PROXIMA_DATASET\SPK006\unknown\New recording 59.m4a,c:\Users\Dell\Desktop\KWS PROJECT\PROXIMA_DATA_2\SPK006\unknown\New recording 59.wav,SPK006,unknown,.m4a,1.5787,48000,2,SUCCESS,
c:\Users\Dell\Desktop\KWS PROJECT\PROXIMA_DATASET\SPK006\unknown\New recording 6.m4a,c:\Users\Dell\Desktop\KWS PROJECT\PROXIMA_DATA_2\SPK006\unknown\New recording 6.wav,SPK006,unknown,.m4a,1.6853,48000,2,SUCCESS,
c:\Users\Dell\Desktop\KWS PROJECT\PROXIMA_DATASET\SPK006\unknown\New recording 60.m4a,c:\Users\Dell\Desktop\KWS PROJECT\PROXIMA_DATA_2\SPK006\unknown\New recording 60.wav,SPK006,unknown,.m4a,2.3680,48000,2,SUCCESS,
c:\Users\Dell\Desktop\KWS PROJECT\PROXIMA_DATASET\SPK006\unknown\New recording 61.m4a,c:\Users\Dell\Desktop\KWS PROJECT\PROXIMA_DATA_2\SPK006\unknown\New recording 61.wav,SPK006,unknown,.m4a,1.8347,48000,2,SUCCESS,
c:\Users\Dell\Desktop\KWS PROJECT\PROXIMA_DATASET\SPK006\unknown\New recording 62.m4a,c:\Users\Dell\Desktop\KWS PROJECT\PROXIMA_DATA_2\SPK006\unknown\New recording 62.wav,SPK006,unknown,.m4a,1.5787,48000,2,SUCCESS,
c:\Users\Dell\Desktop\KWS PROJECT\PROXIMA_DATASET\SPK006\unknown\New recording 63.m4a,c:\Users\Dell\Desktop\KWS PROJECT\PROXIMA_DATA_2\SPK006\unknown\New recording 63.wav,SPK006,unknown,.m4a,2.0053,48000,2,SUCCESS,
c:\Users\Dell\Desktop\KWS PROJECT\PROXIMA_DATASET\SPK006\unknown\New recording 64.m4a,c:\Users\Dell\Desktop\KWS PROJECT\PROXIMA_DATA_2\SPK006\unknown\New recording 64.wav,SPK006,unknown,.m4a,1.5360,48000,2,SUCCESS,
c:\Users\Dell\Desktop\KWS PROJECT\PROXIMA_DATASET\SPK006\unknown\New recording 65.m4a,c:\Users\Dell\Desktop\KWS PROJECT\PROXIMA_DATA_2\SPK006\unknown\New recording 65.wav,SPK006,unknown,.m4a,1.8347,48000,2,SUCCESS,
c:\Users\Dell\Desktop\KWS PROJECT\PROXIMA_DATASET\SPK006\unknown\New recording 66.m4a,c:\Users\Dell\Desktop\KWS PROJECT\PROXIMA_DATA_2\SPK006\unknown\New recording 66.wav,SPK006,unknown,.m4a,1.8773,48000,2,SUCCESS,
c:\Users\Dell\Desktop\KWS PROJECT\PROXIMA_DATASET\SPK006\unknown\New recording 67.m4a,c:\Users\Dell\Desktop\KWS PROJECT\PROXIMA_DATA_2\SPK006\unknown\New recording 67.wav,SPK006,unknown,.m4a,1.7920,48000,2,SUCCESS,
c:\Users\Dell\Desktop\KWS PROJECT\PROXIMA_DATASET\SPK006\unknown\New recording 68.m4a,c:\Users\Dell\Desktop\KWS PROJECT\PROXIMA_DATA_2\SPK006\unknown\New recording 68.wav,SPK006,unknown,.m4a,1.7707,48000,2,SUCCESS,
c:\Users\Dell\Desktop\KWS PROJECT\PROXIMA_DATASET\SPK006\unknown\New recording 69.m4a,c:\Users\Dell\Desktop\KWS PROJECT\PROXIMA_DATA_2\SPK006\unknown\New recording 69.wav,SPK006,unknown,.m4a,1.6000,48000,2,SUCCESS,
c:\Users\Dell\Desktop\KWS PROJECT\PROXIMA_DATASET\SPK006\unknown\New recording 7.m4a,c:\Users\Dell\Desktop\KWS PROJECT\PROXIMA_DATA_2\SPK006\unknown\New recording 7.wav,SPK006,unknown,.m4a,2.7520,48000,2,SUCCESS,
c:\Users\Dell\Desktop\KWS PROJECT\PROXIMA_DATASET\SPK006\unknown\New recording 70.m4a,c:\Users\Dell\Desktop\KWS PROJECT\PROXIMA_DATA_2\SPK006\unknown\New recording 70.wav,SPK006,unknown,.m4a,1.9200,48000,2,SUCCESS,
c:\Users\Dell\Desktop\KWS PROJECT\PROXIMA_DATASET\SPK006\unknown\New recording 8.m4a,c:\Users\Dell\Desktop\KWS PROJECT\PROXIMA_DATA_2\SPK006\unknown\New recording 8.wav,SPK006,unknown,.m4a,1.7280,48000,2,SUCCESS,
c:\Users\Dell\Desktop\KWS PROJECT\PROXIMA_DATASET\SPK006\unknown\New recording 9.m4a,c:\Users\Dell\Desktop\KWS PROJECT\PROXIMA_DATA_2\SPK006\unknown\New recording 9.wav,SPK006,unknown,.m4a,1.7493,48000,2,SUCCESS,
c:\Users\Dell\Desktop\KWS PROJECT\PROXIMA_DATASET\SPK008\proxima\New recording 1.m4a,c:\Users\Dell\Desktop\KWS PROJECT\PROXIMA_DATA_2\SPK008\proxima\New recording 1.wav,SPK008,proxima,.m4a,2.1760,48000,2,SUCCESS,
c:\Users\Dell\Desktop\KWS PROJECT\PROXIMA_DATASET\SPK008\proxima\New recording 10.m4a,c:\Users\Dell\Desktop\KWS PROJECT\PROXIMA_DATA_2\SPK008\proxima\New recording 10.wav,SPK008,proxima,.m4a,1.4293,48000,2,SUCCESS,
c:\Users\Dell\Desktop\KWS PROJECT\PROXIMA_DATASET\SPK008\proxima\New recording 11.m4a,c:\Users\Dell\Desktop\KWS PROJECT\PROXIMA_DATA_2\SPK008\proxima\New recording 11.wav,SPK008,proxima,.m4a,1.5147,48000,2,SUCCESS,
c:\Users\Dell\Desktop\KWS PROJECT\PROXIMA_DATASET\SPK008\proxima\New recording 12.m4a,c:\Users\Dell\Desktop\KWS PROJECT\PROXIMA_DATA_2\SPK008\proxima\New recording 12.wav,SPK008,proxima,.m4a,1.6213,48000,2,SUCCESS,
c:\Users\Dell\Desktop\KWS PROJECT\PROXIMA_DATASET\SPK008\proxima\New recording 13.m4a,c:\Users\Dell\Desktop\KWS PROJECT\PROXIMA_DATA_2\SPK008\proxima\New recording 13.wav,SPK008,proxima,.m4a,1.5787,48000,2,SUCCESS,
c:\Users\Dell\Desktop\KWS PROJECT\PROXIMA_DATASET\SPK008\proxima\New recording 14.m4a,c:\Users\Dell\Desktop\KWS PROJECT\PROXIMA_DATA_2\SPK008\proxima\New recording 14.wav,SPK008,proxima,.m4a,1.3440,48000,2,SUCCESS,
c:\Users\Dell\Desktop\KWS PROJECT\PROXIMA_DATASET\SPK008\proxima\New recording 15.m4a,c:\Users\Dell\Desktop\KWS PROJECT\PROXIMA_DATA_2\SPK008\proxima\New recording 15.wav,SPK008,proxima,.m4a,1.8133,48000,2,SUCCESS,
c:\Users\Dell\Desktop\KWS PROJECT\PROXIMA_DATASET\SPK008\proxima\New recording 16.m4a,c:\Users\Dell\Desktop\KWS PROJECT\PROXIMA_DATA_2\SPK008\proxima\New recording 16.wav,SPK008,proxima,.m4a,2.2400,48000,2,SUCCESS,
c:\Users\Dell\Desktop\KWS PROJECT\PROXIMA_DATASET\SPK008\proxima\New recording 17.m4a,c:\Users\Dell\Desktop\KWS PROJECT\PROXIMA_DATA_2\SPK008\proxima\New recording 17.wav,SPK008,proxima,.m4a,1.6427,48000,2,SUCCESS,
c:\Users\Dell\Desktop\KWS PROJECT\PROXIMA_DATASET\SPK008\proxima\New recording 18.m4a,c:\Users\Dell\Desktop\KWS PROJECT\PROXIMA_DATA_2\SPK008\proxima\New recording 18.wav,SPK008,proxima,.m4a,2.1120,48000,2,SUCCESS,
c:\Users\Dell\Desktop\KWS PROJECT\PROXIMA_DATASET\SPK008\proxima\New recording 19.m4a,c:\Users\Dell\Desktop\KWS PROJECT\PROXIMA_DATA_2\SPK008\proxima\New recording 19.wav,SPK008,proxima,.m4a,1.3440,48000,2,SUCCESS,
c:\Users\Dell\Desktop\KWS PROJECT\PROXIMA_DATASET\SPK008\proxima\New recording 2.m4a,c:\Users\Dell\Desktop\KWS PROJECT\PROXIMA_DATA_2\SPK008\proxima\New recording 2.wav,SPK008,proxima,.m4a,1.6000,48000,2,SUCCESS,
c:\Users\Dell\Desktop\KWS PROJECT\PROXIMA_DATASET\SPK008\proxima\New recording 20.m4a,c:\Users\Dell\Desktop\KWS PROJECT\PROXIMA_DATA_2\SPK008\proxima\New recording 20.wav,SPK008,proxima,.m4a,1.3653,48000,2,SUCCESS,
c:\Users\Dell\Desktop\KWS PROJECT\PROXIMA_DATASET\SPK008\proxima\New recording 21.m4a,c:\Users\Dell\Desktop\KWS PROJECT\PROXIMA_DATA_2\SPK008\proxima\New recording 21.wav,SPK008,proxima,.m4a,1.7920,48000,2,SUCCESS,
c:\Users\Dell\Desktop\KWS PROJECT\PROXIMA_DATASET\SPK008\proxima\New recording 22.m4a,c:\Users\Dell\Desktop\KWS PROJECT\PROXIMA_DATA_2\SPK008\proxima\New recording 22.wav,SPK008,proxima,.m4a,1.7067,48000,2,SUCCESS,
c:\Users\Dell\Desktop\KWS PROJECT\PROXIMA_DATASET\SPK008\proxima\New recording 23.m4a,c:\Users\Dell\Desktop\KWS PROJECT\PROXIMA_DATA_2\SPK008\proxima\New recording 23.wav,SPK008,proxima,.m4a,1.7920,48000,2,SUCCESS,
c:\Users\Dell\Desktop\KWS PROJECT\PROXIMA_DATASET\SPK008\proxima\New recording 24.m4a,c:\Users\Dell\Desktop\KWS PROJECT\PROXIMA_DATA_2\SPK008\proxima\New recording 24.wav,SPK008,proxima,.m4a,1.6640,48000,2,SUCCESS,
c:\Users\Dell\Desktop\KWS PROJECT\PROXIMA_DATASET\SPK008\proxima\New recording 25.m4a,c:\Users\Dell\Desktop\KWS PROJECT\PROXIMA_DATA_2\SPK008\proxima\New recording 25.wav,SPK008,proxima,.m4a,1.5360,48000,2,SUCCESS,
c:\Users\Dell\Desktop\KWS PROJECT\PROXIMA_DATASET\SPK008\proxima\New recording 26.m4a,c:\Users\Dell\Desktop\KWS PROJECT\PROXIMA_DATA_2\SPK008\proxima\New recording 26.wav,SPK008,proxima,.m4a,1.3867,48000,2,SUCCESS,
c:\Users\Dell\Desktop\KWS PROJECT\PROXIMA_DATASET\SPK008\proxima\New recording 27.m4a,c:\Users\Dell\Desktop\KWS PROJECT\PROXIMA_DATA_2\SPK008\proxima\New recording 27.wav,SPK008,proxima,.m4a,2.0907,48000,2,SUCCESS,
c:\Users\Dell\Desktop\KWS PROJECT\PROXIMA_DATASET\SPK008\proxima\New recording 28.m4a,c:\Users\Dell\Desktop\KWS PROJECT\PROXIMA_DATA_2\SPK008\proxima\New recording 28.wav,SPK008,proxima,.m4a,1.4507,48000,2,SUCCESS,
c:\Users\Dell\Desktop\KWS PROJECT\PROXIMA_DATASET\SPK008\proxima\New recording 29.m4a,c:\Users\Dell\Desktop\KWS PROJECT\PROXIMA_DATA_2\SPK008\proxima\New recording 29.wav,SPK008,proxima,.m4a,1.7920,48000,2,SUCCESS,
c:\Users\Dell\Desktop\KWS PROJECT\PROXIMA_DATASET\SPK008\proxima\New recording 3.m4a,c:\Users\Dell\Desktop\KWS PROJECT\PROXIMA_DATA_2\SPK008\proxima\New recording 3.wav,SPK008,proxima,.m4a,2.0480,48000,2,SUCCESS,
c:\Users\Dell\Desktop\KWS PROJECT\PROXIMA_DATASET\SPK008\proxima\New recording 30.m4a,c:\Users\Dell\Desktop\KWS PROJECT\PROXIMA_DATA_2\SPK008\proxima\New recording 30.wav,SPK008,proxima,.m4a,1.8987,48000,2,SUCCESS,
c:\Users\Dell\Desktop\KWS PROJECT\PROXIMA_DATASET\SPK008\proxima\New recording 31.m4a,c:\Users\Dell\Desktop\KWS PROJECT\PROXIMA_DATA_2\SPK008\proxima\New recording 31.wav,SPK008,proxima,.m4a,2.7307,48000,2,SUCCESS,
c:\Users\Dell\Desktop\KWS PROJECT\PROXIMA_DATASET\SPK008\proxima\New recording 32.m4a,c:\Users\Dell\Desktop\KWS PROJECT\PROXIMA_DATA_2\SPK008\proxima\New recording 32.wav,SPK008,proxima,.m4a,1.5573,48000,2,SUCCESS,
c:\Users\Dell\Desktop\KWS PROJECT\PROXIMA_DATASET\SPK008\proxima\New recording 33.m4a,c:\Users\Dell\Desktop\KWS PROJECT\PROXIMA_DATA_2\SPK008\proxima\New recording 33.wav,SPK008,proxima,.m4a,1.7493,48000,2,SUCCESS,
c:\Users\Dell\Desktop\KWS PROJECT\PROXIMA_DATASET\SPK008\proxima\New recording 34.m4a,c:\Users\Dell\Desktop\KWS PROJECT\PROXIMA_DATA_2\SPK008\proxima\New recording 34.wav,SPK008,proxima,.m4a,2.0480,48000,2,SUCCESS,
c:\Users\Dell\Desktop\KWS PROJECT\PROXIMA_DATASET\SPK008\proxima\New recording 35.m4a,c:\Users\Dell\Desktop\KWS PROJECT\PROXIMA_DATA_2\SPK008\proxima\New recording 35.wav,SPK008,proxima,.m4a,1.5573,48000,2,SUCCESS,
c:\Users\Dell\Desktop\KWS PROJECT\PROXIMA_DATASET\SPK008\proxima\New recording 36.m4a,c:\Users\Dell\Desktop\KWS PROJECT\PROXIMA_DATA_2\SPK008\proxima\New recording 36.wav,SPK008,proxima,.m4a,2.0480,48000,2,SUCCESS,
c:\Users\Dell\Desktop\KWS PROJECT\PROXIMA_DATASET\SPK008\proxima\New recording 37.m4a,c:\Users\Dell\Desktop\KWS PROJECT\PROXIMA_DATA_2\SPK008\proxima\New recording 37.wav,SPK008,proxima,.m4a,1.3867,48000,2,SUCCESS,
c:\Users\Dell\Desktop\KWS PROJECT\PROXIMA_DATASET\SPK008\proxima\New recording 38.m4a,c:\Users\Dell\Desktop\KWS PROJECT\PROXIMA_DATA_2\SPK008\proxima\New recording 38.wav,SPK008,proxima,.m4a,1.3227,48000,2,SUCCESS,
c:\Users\Dell\Desktop\KWS PROJECT\PROXIMA_DATASET\SPK008\proxima\New recording 39.m4a,c:\Users\Dell\Desktop\KWS PROJECT\PROXIMA_DATA_2\SPK008\proxima\New recording 39.wav,SPK008,proxima,.m4a,2.0480,48000,2,SUCCESS,
c:\Users\Dell\Desktop\KWS PROJECT\PROXIMA_DATASET\SPK008\proxima\New recording 4.m4a,c:\Users\Dell\Desktop\KWS PROJECT\PROXIMA_DATA_2\SPK008\proxima\New recording 4.wav,SPK008,proxima,.m4a,1.6213,48000,2,SUCCESS,
c:\Users\Dell\Desktop\KWS PROJECT\PROXIMA_DATASET\SPK008\proxima\New recording 40.m4a,c:\Users\Dell\Desktop\KWS PROJECT\PROXIMA_DATA_2\SPK008\proxima\New recording 40.wav,SPK008,proxima,.m4a,1.6000,48000,2,SUCCESS,
c:\Users\Dell\Desktop\KWS PROJECT\PROXIMA_DATASET\SPK008\proxima\New recording 5.m4a,c:\Users\Dell\Desktop\KWS PROJECT\PROXIMA_DATA_2\SPK008\proxima\New recording 5.wav,SPK008,proxima,.m4a,2.2187,48000,2,SUCCESS,
c:\Users\Dell\Desktop\KWS PROJECT\PROXIMA_DATASET\SPK008\proxima\New recording 6.m4a,c:\Users\Dell\Desktop\KWS PROJECT\PROXIMA_DATA_2\SPK008\proxima\New recording 6.wav,SPK008,proxima,.m4a,1.4080,48000,2,SUCCESS,
c:\Users\Dell\Desktop\KWS PROJECT\PROXIMA_DATASET\SPK008\proxima\New recording 7.m4a,c:\Users\Dell\Desktop\KWS PROJECT\PROXIMA_DATA_2\SPK008\proxima\New recording 7.wav,SPK008,proxima,.m4a,1.7707,48000,2,SUCCESS,
c:\Users\Dell\Desktop\KWS PROJECT\PROXIMA_DATASET\SPK008\proxima\New recording 8.m4a,c:\Users\Dell\Desktop\KWS PROJECT\PROXIMA_DATA_2\SPK008\proxima\New recording 8.wav,SPK008,proxima,.m4a,2.1120,48000,2,SUCCESS,
c:\Users\Dell\Desktop\KWS PROJECT\PROXIMA_DATASET\SPK008\proxima\New recording 9.m4a,c:\Users\Dell\Desktop\KWS PROJECT\PROXIMA_DATA_2\SPK008\proxima\New recording 9.wav,SPK008,proxima,.m4a,1.5360,48000,2,SUCCESS,
c:\Users\Dell\Desktop\KWS PROJECT\PROXIMA_DATASET\SPK009\proxima\2026-09-05_174801723.wav,c:\Users\Dell\Desktop\KWS PROJECT\PROXIMA_DATA_2\SPK009\proxima\2026-09-05_174801723.wav,SPK009,proxima,.wav,1.4400,48000,1,SUCCESS,
c:\Users\Dell\Desktop\KWS PROJECT\PROXIMA_DATASET\SPK009\proxima\2026-09-05_174817213.wav,c:\Users\Dell\Desktop\KWS PROJECT\PROXIMA_DATA_2\SPK009\proxima\2026-09-05_174817213.wav,SPK009,proxima,.wav,2.6400,48000,1,SUCCESS,
c:\Users\Dell\Desktop\KWS PROJECT\PROXIMA_DATASET\SPK009\proxima\2026-09-05_174838004.wav,c:\Users\Dell\Desktop\KWS PROJECT\PROXIMA_DATA_2\SPK009\proxima\2026-09-05_174838004.wav,SPK009,proxima,.wav,2.7200,48000,1,SUCCESS,
c:\Users\Dell\Desktop\KWS PROJECT\PROXIMA_DATASET\SPK009\proxima\2026-09-05_174848261.wav,c:\Users\Dell\Desktop\KWS PROJECT\PROXIMA_DATA_2\SPK009\proxima\2026-09-05_174848261.wav,SPK009,proxima,.wav,2.5600,48000,1,SUCCESS,
c:\Users\Dell\Desktop\KWS PROJECT\PROXIMA_DATASET\SPK009\proxima\2026-09-05_174854894.wav,c:\Users\Dell\Desktop\KWS PROJECT\PROXIMA_DATA_2\SPK009\proxima\2026-09-05_174854894.wav,SPK009,proxima,.wav,2.5200,48000,1,SUCCESS,
c:\Users\Dell\Desktop\KWS PROJECT\PROXIMA_DATASET\SPK009\proxima\2026-09-05_174909730.wav,c:\Users\Dell\Desktop\KWS PROJECT\PROXIMA_DATA_2\SPK009\proxima\2026-09-05_174909730.wav,SPK009,proxima,.wav,1.8400,48000,1,SUCCESS,
c:\Users\Dell\Desktop\KWS PROJECT\PROXIMA_DATASET\SPK009\proxima\2026-09-05_174915218.wav,c:\Users\Dell\Desktop\KWS PROJECT\PROXIMA_DATA_2\SPK009\proxima\2026-09-05_174915218.wav,SPK009,proxima,.wav,2.2400,48000,1,SUCCESS,
c:\Users\Dell\Desktop\KWS PROJECT\PROXIMA_DATASET\SPK009\proxima\2026-09-05_174919297.wav,c:\Users\Dell\Desktop\KWS PROJECT\PROXIMA_DATA_2\SPK009\proxima\2026-09-05_174919297.wav,SPK009,proxima,.wav,1.7200,48000,1,SUCCESS,
c:\Users\Dell\Desktop\KWS PROJECT\PROXIMA_DATASET\SPK009\proxima\2026-09-05_174927042.wav,c:\Users\Dell\Desktop\KWS PROJECT\PROXIMA_DATA_2\SPK009\proxima\2026-09-05_174927042.wav,SPK009,proxima,.wav,1.6800,48000,1,SUCCESS,
c:\Users\Dell\Desktop\KWS PROJECT\PROXIMA_DATASET\SPK009\proxima\2026-09-05_174937906.wav,c:\Users\Dell\Desktop\KWS PROJECT\PROXIMA_DATA_2\SPK009\proxima\2026-09-05_174937906.wav,SPK009,proxima,.wav,1.8400,48000,1,SUCCESS,
c:\Users\Dell\Desktop\KWS PROJECT\PROXIMA_DATASET\SPK009\proxima\2026-09-05_174944456.wav,c:\Users\Dell\Desktop\KWS PROJECT\PROXIMA_DATA_2\SPK009\proxima\2026-09-05_174944456.wav,SPK009,proxima,.wav,2.4800,48000,1,SUCCESS,
c:\Users\Dell\Desktop\KWS PROJECT\PROXIMA_DATASET\SPK009\proxima\2026-09-05_174950984.wav,c:\Users\Dell\Desktop\KWS PROJECT\PROXIMA_DATA_2\SPK009\proxima\2026-09-05_174950984.wav,SPK009,proxima,.wav,1.6000,48000,1,SUCCESS,
c:\Users\Dell\Desktop\KWS PROJECT\PROXIMA_DATASET\SPK009\proxima\2026-09-05_175012295.wav,c:\Users\Dell\Desktop\KWS PROJECT\PROXIMA_DATA_2\SPK009\proxima\2026-09-05_175012295.wav,SPK009,proxima,.wav,1.8800,48000,1,SUCCESS,
c:\Users\Dell\Desktop\KWS PROJECT\PROXIMA_DATASET\SPK009\proxima\2026-09-05_175030386.wav,c:\Users\Dell\Desktop\KWS PROJECT\PROXIMA_DATA_2\SPK009\proxima\2026-09-05_175030386.wav,SPK009,proxima,.wav,1.7600,48000,1,SUCCESS,
c:\Users\Dell\Desktop\KWS PROJECT\PROXIMA_DATASET\SPK009\proxima\2026-09-05_175035081.wav,c:\Users\Dell\Desktop\KWS PROJECT\PROXIMA_DATA_2\SPK009\proxima\2026-09-05_175035081.wav,SPK009,proxima,.wav,2.4400,48000,1,SUCCESS,
c:\Users\Dell\Desktop\KWS PROJECT\PROXIMA_DATASET\SPK009\proxima\2026-09-05_175040781.wav,c:\Users\Dell\Desktop\KWS PROJECT\PROXIMA_DATA_2\SPK009\proxima\2026-09-05_175040781.wav,SPK009,proxima,.wav,2.6400,48000,1,SUCCESS,
c:\Users\Dell\Desktop\KWS PROJECT\PROXIMA_DATASET\SPK009\proxima\2026-09-05_175046700.wav,c:\Users\Dell\Desktop\KWS PROJECT\PROXIMA_DATA_2\SPK009\proxima\2026-09-05_175046700.wav,SPK009,proxima,.wav,1.9600,48000,1,SUCCESS,
c:\Users\Dell\Desktop\KWS PROJECT\PROXIMA_DATASET\SPK009\proxima\2026-09-05_175052906.wav,c:\Users\Dell\Desktop\KWS PROJECT\PROXIMA_DATA_2\SPK009\proxima\2026-09-05_175052906.wav,SPK009,proxima,.wav,1.8400,48000,1,SUCCESS,
c:\Users\Dell\Desktop\KWS PROJECT\PROXIMA_DATASET\SPK009\proxima\2026-09-05_175058185.wav,c:\Users\Dell\Desktop\KWS PROJECT\PROXIMA_DATA_2\SPK009\proxima\2026-09-05_175058185.wav,SPK009,proxima,.wav,1.4800,48000,1,SUCCESS,
c:\Users\Dell\Desktop\KWS PROJECT\PROXIMA_DATASET\SPK009\proxima\2026-09-05_175106103.wav,c:\Users\Dell\Desktop\KWS PROJECT\PROXIMA_DATA_2\SPK009\proxima\2026-09-05_175106103.wav,SPK009,proxima,.wav,1.8000,48000,1,SUCCESS,
c:\Users\Dell\Desktop\KWS PROJECT\PROXIMA_DATASET\SPK009\proxima\2026-09-05_175112247.wav,c:\Users\Dell\Desktop\KWS PROJECT\PROXIMA_DATA_2\SPK009\proxima\2026-09-05_175112247.wav,SPK009,proxima,.wav,2.0000,48000,1,SUCCESS,
c:\Users\Dell\Desktop\KWS PROJECT\PROXIMA_DATASET\SPK009\proxima\2026-09-05_175120781.wav,c:\Users\Dell\Desktop\KWS PROJECT\PROXIMA_DATA_2\SPK009\proxima\2026-09-05_175120781.wav,SPK009,proxima,.wav,1.6000,48000,1,SUCCESS,
c:\Users\Dell\Desktop\KWS PROJECT\PROXIMA_DATASET\SPK009\proxima\2026-09-05_175132455.wav,c:\Users\Dell\Desktop\KWS PROJECT\PROXIMA_DATA_2\SPK009\proxima\2026-09-05_175132455.wav,SPK009,proxima,.wav,1.3200,48000,1,SUCCESS,
c:\Users\Dell\Desktop\KWS PROJECT\PROXIMA_DATASET\SPK009\proxima\2026-09-05_175136421.wav,c:\Users\Dell\Desktop\KWS PROJECT\PROXIMA_DATA_2\SPK009\proxima\2026-09-05_175136421.wav,SPK009,proxima,.wav,1.9600,48000,1,SUCCESS,
c:\Users\Dell\Desktop\KWS PROJECT\PROXIMA_DATASET\SPK009\proxima\2026-09-05_175144000.wav,c:\Users\Dell\Desktop\KWS PROJECT\PROXIMA_DATA_2\SPK009\proxima\2026-09-05_175144000.wav,SPK009,proxima,.wav,1.6800,48000,1,SUCCESS,
c:\Users\Dell\Desktop\KWS PROJECT\PROXIMA_DATASET\SPK009\proxima\2026-09-05_175238432.wav,c:\Users\Dell\Desktop\KWS PROJECT\PROXIMA_DATA_2\SPK009\proxima\2026-09-05_175238432.wav,SPK009,proxima,.wav,1.7200,48000,1,SUCCESS,
c:\Users\Dell\Desktop\KWS PROJECT\PROXIMA_DATASET\SPK009\proxima\2026-09-05_175246530.wav,c:\Users\Dell\Desktop\KWS PROJECT\PROXIMA_DATA_2\SPK009\proxima\2026-09-05_175246530.wav,SPK009,proxima,.wav,2.3600,48000,1,SUCCESS,
c:\Users\Dell\Desktop\KWS PROJECT\PROXIMA_DATASET\SPK009\proxima\2026-09-05_175321677.wav,c:\Users\Dell\Desktop\KWS PROJECT\PROXIMA_DATA_2\SPK009\proxima\2026-09-05_175321677.wav,SPK009,proxima,.wav,1.7600,48000,1,SUCCESS,
c:\Users\Dell\Desktop\KWS PROJECT\PROXIMA_DATASET\SPK009\proxima\2026-09-05_175335211.wav,c:\Users\Dell\Desktop\KWS PROJECT\PROXIMA_DATA_2\SPK009\proxima\2026-09-05_175335211.wav,SPK009,proxima,.wav,1.5200,48000,1,SUCCESS,
c:\Users\Dell\Desktop\KWS PROJECT\PROXIMA_DATASET\SPK009\proxima\2026-09-05_175509784.wav,c:\Users\Dell\Desktop\KWS PROJECT\PROXIMA_DATA_2\SPK009\proxima\2026-09-05_175509784.wav,SPK009,proxima,.wav,1.9200,48000,1,SUCCESS,
c:\Users\Dell\Desktop\KWS PROJECT\PROXIMA_DATASET\SPK009\proxima\2026-09-05_175522693.wav,c:\Users\Dell\Desktop\KWS PROJECT\PROXIMA_DATA_2\SPK009\proxima\2026-09-05_175522693.wav,SPK009,proxima,.wav,2.2800,48000,1,SUCCESS,
c:\Users\Dell\Desktop\KWS PROJECT\PROXIMA_DATASET\SPK009\proxima\2026-09-05_175549966.wav,c:\Users\Dell\Desktop\KWS PROJECT\PROXIMA_DATA_2\SPK009\proxima\2026-09-05_175549966.wav,SPK009,proxima,.wav,1.9200,48000,1,SUCCESS,
c:\Users\Dell\Desktop\KWS PROJECT\PROXIMA_DATASET\SPK009\proxima\2026-09-05_175607880.wav,c:\Users\Dell\Desktop\KWS PROJECT\PROXIMA_DATA_2\SPK009\proxima\2026-09-05_175607880.wav,SPK009,proxima,.wav,1.7600,48000,1,SUCCESS,
c:\Users\Dell\Desktop\KWS PROJECT\PROXIMA_DATASET\SPK009\proxima\2026-09-05_175626671.wav,c:\Users\Dell\Desktop\KWS PROJECT\PROXIMA_DATA_2\SPK009\proxima\2026-09-05_175626671.wav,SPK009,proxima,.wav,1.8000,48000,1,SUCCESS,
c:\Users\Dell\Desktop\KWS PROJECT\PROXIMA_DATASET\SPK009\proxima\2026-09-05_175631798.wav,c:\Users\Dell\Desktop\KWS PROJECT\PROXIMA_DATA_2\SPK009\proxima\2026-09-05_175631798.wav,SPK009,proxima,.wav,2.4000,48000,1,SUCCESS,
c:\Users\Dell\Desktop\KWS PROJECT\PROXIMA_DATASET\SPK009\proxima\2026-09-05_175638454.wav,c:\Users\Dell\Desktop\KWS PROJECT\PROXIMA_DATA_2\SPK009\proxima\2026-09-05_175638454.wav,SPK009,proxima,.wav,2.2000,48000,1,SUCCESS,
c:\Users\Dell\Desktop\KWS PROJECT\PROXIMA_DATASET\SPK009\proxima\2026-09-05_175647100.wav,c:\Users\Dell\Desktop\KWS PROJECT\PROXIMA_DATA_2\SPK009\proxima\2026-09-05_175647100.wav,SPK009,proxima,.wav,1.7600,48000,1,SUCCESS,
c:\Users\Dell\Desktop\KWS PROJECT\PROXIMA_DATASET\SPK009\proxima\2026-09-05_175652723.wav,c:\Users\Dell\Desktop\KWS PROJECT\PROXIMA_DATA_2\SPK009\proxima\2026-09-05_175652723.wav,SPK009,proxima,.wav,1.8000,48000,1,SUCCESS,
c:\Users\Dell\Desktop\KWS PROJECT\PROXIMA_DATASET\SPK009\proxima\2026-09-05_175741421.wav,c:\Users\Dell\Desktop\KWS PROJECT\PROXIMA_DATA_2\SPK009\proxima\2026-09-05_175741421.wav,SPK009,proxima,.wav,2.2400,48000,1,SUCCESS,
c:\Users\Dell\Desktop\KWS PROJECT\PROXIMA_DATASET\SPK009\proxima\2026-09-05_175755637.wav,c:\Users\Dell\Desktop\KWS PROJECT\PROXIMA_DATA_2\SPK009\proxima\2026-09-05_175755637.wav,SPK009,proxima,.wav,1.9600,48000,1,SUCCESS,
c:\Users\Dell\Desktop\KWS PROJECT\PROXIMA_DATASET\SPK009\proxima\2026-09-05_175802611.wav,c:\Users\Dell\Desktop\KWS PROJECT\PROXIMA_DATA_2\SPK009\proxima\2026-09-05_175802611.wav,SPK009,proxima,.wav,1.4400,48000,1,SUCCESS,
c:\Users\Dell\Desktop\KWS PROJECT\PROXIMA_DATASET\SPK009\proxima\2026-09-05_175807690.wav,c:\Users\Dell\Desktop\KWS PROJECT\PROXIMA_DATA_2\SPK009\proxima\2026-09-05_175807690.wav,SPK009,proxima,.wav,1.9200,48000,1,SUCCESS,
c:\Users\Dell\Desktop\KWS PROJECT\PROXIMA_DATASET\SPK009\proxima\2026-09-05_175815590.wav,c:\Users\Dell\Desktop\KWS PROJECT\PROXIMA_DATA_2\SPK009\proxima\2026-09-05_175815590.wav,SPK009,proxima,.wav,2.8400,48000,1,SUCCESS,
c:\Users\Dell\Desktop\KWS PROJECT\PROXIMA_DATASET\SPK011\proxima\07-09-2026 14.53(2).wav,c:\Users\Dell\Desktop\KWS PROJECT\PROXIMA_DATA_2\SPK011\proxima\07-09-2026 14.53(2).wav,SPK011,proxima,.wav,2.2600,48000,2,SUCCESS,
c:\Users\Dell\Desktop\KWS PROJECT\PROXIMA_DATASET\SPK011\proxima\07-09-2026 14.53(3).wav,c:\Users\Dell\Desktop\KWS PROJECT\PROXIMA_DATA_2\SPK011\proxima\07-09-2026 14.53(3).wav,SPK011,proxima,.wav,2.5400,48000,2,SUCCESS,
c:\Users\Dell\Desktop\KWS PROJECT\PROXIMA_DATASET\SPK011\proxima\07-09-2026 14.53(4).wav,c:\Users\Dell\Desktop\KWS PROJECT\PROXIMA_DATA_2\SPK011\proxima\07-09-2026 14.53(4).wav,SPK011,proxima,.wav,2.4600,48000,2,SUCCESS,
c:\Users\Dell\Desktop\KWS PROJECT\PROXIMA_DATASET\SPK011\proxima\07-09-2026 14.53.wav,c:\Users\Dell\Desktop\KWS PROJECT\PROXIMA_DATA_2\SPK011\proxima\07-09-2026 14.53.wav,SPK011,proxima,.wav,2.2600,48000,2,SUCCESS,
c:\Users\Dell\Desktop\KWS PROJECT\PROXIMA_DATASET\SPK011\proxima\07-09-2026 14.56(2).wav,c:\Users\Dell\Desktop\KWS PROJECT\PROXIMA_DATA_2\SPK011\proxima\07-09-2026 14.56(2).wav,SPK011,proxima,.wav,2.2200,48000,2,SUCCESS,
c:\Users\Dell\Desktop\KWS PROJECT\PROXIMA_DATASET\SPK011\proxima\07-09-2026 14.56(3).wav,c:\Users\Dell\Desktop\KWS PROJECT\PROXIMA_DATA_2\SPK011\proxima\07-09-2026 14.56(3).wav,SPK011,proxima,.wav,2.2200,48000,2,SUCCESS,
c:\Users\Dell\Desktop\KWS PROJECT\PROXIMA_DATASET\SPK011\proxima\07-09-2026 14.56(4).wav,c:\Users\Dell\Desktop\KWS PROJECT\PROXIMA_DATA_2\SPK011\proxima\07-09-2026 14.56(4).wav,SPK011,proxima,.wav,2.6000,48000,2,SUCCESS,
c:\Users\Dell\Desktop\KWS PROJECT\PROXIMA_DATASET\SPK011\proxima\07-09-2026 14.56(5).wav,c:\Users\Dell\Desktop\KWS PROJECT\PROXIMA_DATA_2\SPK011\proxima\07-09-2026 14.56(5).wav,SPK011,proxima,.wav,2.8800,48000,2,SUCCESS,
c:\Users\Dell\Desktop\KWS PROJECT\PROXIMA_DATASET\SPK011\proxima\07-09-2026 14.56.wav,c:\Users\Dell\Desktop\KWS PROJECT\PROXIMA_DATA_2\SPK011\proxima\07-09-2026 14.56.wav,SPK011,proxima,.wav,2.4000,48000,2,SUCCESS,
c:\Users\Dell\Desktop\KWS PROJECT\PROXIMA_DATASET\SPK011\proxima\07-09-2026 14.57(2).wav,c:\Users\Dell\Desktop\KWS PROJECT\PROXIMA_DATA_2\SPK011\proxima\07-09-2026 14.57(2).wav,SPK011,proxima,.wav,2.2200,48000,2,SUCCESS,
c:\Users\Dell\Desktop\KWS PROJECT\PROXIMA_DATASET\SPK011\proxima\07-09-2026 14.57(3).wav,c:\Users\Dell\Desktop\KWS PROJECT\PROXIMA_DATA_2\SPK011\proxima\07-09-2026 14.57(3).wav,SPK011,proxima,.wav,2.4600,48000,2,SUCCESS,
c:\Users\Dell\Desktop\KWS PROJECT\PROXIMA_DATASET\SPK011\proxima\07-09-2026 14.57(4).wav,c:\Users\Dell\Desktop\KWS PROJECT\PROXIMA_DATA_2\SPK011\proxima\07-09-2026 14.57(4).wav,SPK011,proxima,.wav,2.3800,48000,2,SUCCESS,
c:\Users\Dell\Desktop\KWS PROJECT\PROXIMA_DATASET\SPK011\proxima\07-09-2026 14.57(5).wav,c:\Users\Dell\Desktop\KWS PROJECT\PROXIMA_DATA_2\SPK011\proxima\07-09-2026 14.57(5).wav,SPK011,proxima,.wav,2.6000,48000,2,SUCCESS,
c:\Users\Dell\Desktop\KWS PROJECT\PROXIMA_DATASET\SPK011\proxima\07-09-2026 14.57(6).wav,c:\Users\Dell\Desktop\KWS PROJECT\PROXIMA_DATA_2\SPK011\proxima\07-09-2026 14.57(6).wav,SPK011,proxima,.wav,2.2200,48000,2,SUCCESS,
c:\Users\Dell\Desktop\KWS PROJECT\PROXIMA_DATASET\SPK011\proxima\07-09-2026 14.57(7).wav,c:\Users\Dell\Desktop\KWS PROJECT\PROXIMA_DATA_2\SPK011\proxima\07-09-2026 14.57(7).wav,SPK011,proxima,.wav,2.0800,48000,2,SUCCESS,
c:\Users\Dell\Desktop\KWS PROJECT\PROXIMA_DATASET\SPK011\proxima\07-09-2026 14.57(8).wav,c:\Users\Dell\Desktop\KWS PROJECT\PROXIMA_DATA_2\SPK011\proxima\07-09-2026 14.57(8).wav,SPK011,proxima,.wav,2.2600,48000,2,SUCCESS,
c:\Users\Dell\Desktop\KWS PROJECT\PROXIMA_DATASET\SPK011\proxima\07-09-2026 14.57(9).wav,c:\Users\Dell\Desktop\KWS PROJECT\PROXIMA_DATA_2\SPK011\proxima\07-09-2026 14.57(9).wav,SPK011,proxima,.wav,3.3000,48000,2,SUCCESS,
c:\Users\Dell\Desktop\KWS PROJECT\PROXIMA_DATASET\SPK011\proxima\07-09-2026 14.57.wav,c:\Users\Dell\Desktop\KWS PROJECT\PROXIMA_DATA_2\SPK011\proxima\07-09-2026 14.57.wav,SPK011,proxima,.wav,2.1000,48000,2,SUCCESS,
c:\Users\Dell\Desktop\KWS PROJECT\PROXIMA_DATASET\SPK011\proxima\07-09-2026 14.58(2).wav,c:\Users\Dell\Desktop\KWS PROJECT\PROXIMA_DATA_2\SPK011\proxima\07-09-2026 14.58(2).wav,SPK011,proxima,.wav,1.9200,48000,2,SUCCESS,
c:\Users\Dell\Desktop\KWS PROJECT\PROXIMA_DATASET\SPK011\proxima\07-09-2026 14.58.wav,c:\Users\Dell\Desktop\KWS PROJECT\PROXIMA_DATA_2\SPK011\proxima\07-09-2026 14.58.wav,SPK011,proxima,.wav,1.6600,48000,2,SUCCESS,
