speaker,class,original_file,augmented_file,aug_mode,rel_path
SPK001,proxima,2026-09-05_165834652.wav,2026-09-05_165834652_orig.wav,clean_original,SPK001/proxima/2026-09-05_165834652_orig.wav
SPK001,proxima,2026-09-05_165834652.wav,2026-09-05_165834652_aug_shift.wav,time_shift,SPK001/proxima/2026-09-05_165834652_aug_shift.wav
SPK001,proxima,2026-09-05_165834652.wav,2026-09-05_165834652_aug_noise.wav,noise,SPK001/proxima/2026-09-05_165834652_aug_noise.wav
SPK001,proxima,2026-09-05_165834652.wav,2026-09-05_165834652_aug_gain.wav,gain,SPK001/proxima/2026-09-05_165834652_aug_gain.wav
SPK001,proxima,2026-09-05_165834652.wav,2026-09-05_165834652_aug_comp.wav,composite,SPK001/proxima/2026-09-05_165834652_aug_comp.wav
SPK001,proxima,2026-09-05_170206538.wav,2026-09-05_170206538_orig.wav,clean_original,SPK001/proxima/2026-09-05_170206538_orig.wav
SPK001,proxima,2026-09-05_170206538.wav,2026-09-05_170206538_aug_shift.wav,time_shift,SPK001/proxima/2026-09-05_170206538_aug_shift.wav
SPK001,proxima,2026-09-05_170206538.wav,2026-09-05_170206538_aug_noise.wav,noise,SPK001/proxima/2026-09-05_170206538_aug_noise.wav
SPK001,proxima,2026-09-05_170206538.wav,2026-09-05_170206538_aug_gain.wav,gain,SPK001/proxima/2026-09-05_170206538_aug_gain.wav
SPK001,proxima,2026-09-05_170206538.wav,2026-09-05_170206538_aug_comp.wav,composite,SPK001/proxima/2026-09-05_170206538_aug_comp.wav
SPK001,proxima,2026-09-05_170218048.wav,2026-09-05_170218048_orig.wav,clean_original,SPK001/proxima/2026-09-05_170218048_orig.wav
SPK001,proxima,2026-09-05_170218048.wav,2026-09-05_170218048_aug_shift.wav,time_shift,SPK001/proxima/2026-09-05_170218048_aug_shift.wav
SPK001,proxima,2026-09-05_170218048.wav,2026-09-05_170218048_aug_noise.wav,noise,SPK001/proxima/2026-09-05_170218048_aug_noise.wav
SPK001,proxima,2026-09-05_170218048.wav,2026-09-05_170218048_aug_gain.wav,gain,SPK001/proxima/2026-09-05_170218048_aug_gain.wav
SPK001,proxima,2026-09-05_170218048.wav,2026-09-05_170218048_aug_comp.wav,composite,SPK001/proxima/2026-09-05_170218048_aug_comp.wav
SPK001,proxima,2026-09-05_170234702.wav,2026-09-05_170234702_orig.wav,clean_original,SPK001/proxima/2026-09-05_170234702_orig.wav
SPK001,proxima,2026-09-05_170234702.wav,2026-09-05_170234702_aug_shift.wav,time_shift,SPK001/proxima/2026-09-05_170234702_aug_shift.wav
SPK001,proxima,2026-09-05_170234702.wav,2026-09-05_170234702_aug_noise.wav,noise,SPK001/proxima/2026-09-05_170234702_aug_noise.wav
SPK001,proxima,2026-09-05_170234702.wav,2026-09-05_170234702_aug_gain.wav,gain,SPK001/proxima/2026-09-05_170234702_aug_gain.wav
SPK001,proxima,2026-09-05_170234702.wav,2026-09-05_170234702_aug_comp.wav,composite,SPK001/proxima/2026-09-05_170234702_aug_comp.wav
SPK001,proxima,2026-09-05_170258320.wav,2026-09-05_170258320_orig.wav,clean_original,SPK001/proxima/2026-09-05_170258320_orig.wav
SPK001,proxima,2026-09-05_170258320.wav,2026-09-05_170258320_aug_shift.wav,time_shift,SPK001/proxima/2026-09-05_170258320_aug_shift.wav
SPK001,proxima,2026-09-05_170258320.wav,2026-09-05_170258320_aug_noise.wav,noise,SPK001/proxima/2026-09-05_170258320_aug_noise.wav
SPK001,proxima,2026-09-05_170258320.wav,2026-09-05_170258320_aug_gain.wav,gain,SPK001/proxima/2026-09-05_170258320_aug_gain.wav
SPK001,proxima,2026-09-05_170258320.wav,2026-09-05_170258320_aug_comp.wav,composite,SPK001/proxima/2026-09-05_170258320_aug_comp.wav
SPK001,proxima,2026-09-05_170303448.wav,2026-09-05_170303448_orig.wav,clean_original,SPK001/proxima/2026-09-05_170303448_orig.wav
SPK001,proxima,2026-09-05_170303448.wav,2026-09-05_170303448_aug_shift.wav,time_shift,SPK001/proxima/2026-09-05_170303448_aug_shift.wav
SPK001,proxima,2026-09-05_170303448.wav,2026-09-05_170303448_aug_noise.wav,noise,SPK001/proxima/2026-09-05_170303448_aug_noise.wav
SPK001,proxima,2026-09-05_170303448.wav,2026-09-05_170303448_aug_gain.wav,gain,SPK001/proxima/2026-09-05_170303448_aug_gain.wav
SPK001,proxima,2026-09-05_170303448.wav,2026-09-05_170303448_aug_comp.wav,composite,SPK001/proxima/2026-09-05_170303448_aug_comp.wav
SPK001,proxima,2026-09-05_170308942.wav,2026-09-05_170308942_orig.wav,clean_original,SPK001/proxima/2026-09-05_170308942_orig.wav
SPK001,proxima,2026-09-05_170308942.wav,2026-09-05_170308942_aug_shift.wav,time_shift,SPK001/proxima/2026-09-05_170308942_aug_shift.wav
SPK001,proxima,2026-09-05_170308942.wav,2026-09-05_170308942_aug_noise.wav,noise,SPK001/proxima/2026-09-05_170308942_aug_noise.wav
SPK001,proxima,2026-09-05_170308942.wav,2026-09-05_170308942_aug_gain.wav,gain,SPK001/proxima/2026-09-05_170308942_aug_gain.wav
SPK001,proxima,2026-09-05_170308942.wav,2026-09-05_170308942_aug_comp.wav,composite,SPK001/proxima/2026-09-05_170308942_aug_comp.wav
SPK001,proxima,2026-09-05_170316488.wav,2026-09-05_170316488_orig.wav,clean_original,SPK001/proxima/2026-09-05_170316488_orig.wav
SPK001,proxima,2026-09-05_170316488.wav,2026-09-05_170316488_aug_shift.wav,time_shift,SPK001/proxima/2026-09-05_170316488_aug_shift.wav
SPK001,proxima,2026-09-05_170316488.wav,2026-09-05_170316488_aug_noise.wav,noise,SPK001/proxima/2026-09-05_170316488_aug_noise.wav
SPK001,proxima,2026-09-05_170316488.wav,2026-09-05_170316488_aug_gain.wav,gain,SPK001/proxima/2026-09-05_170316488_aug_gain.wav
SPK001,proxima,2026-09-05_170316488.wav,2026-09-05_170316488_aug_comp.wav,composite,SPK001/proxima/2026-09-05_170316488_aug_comp.wav
SPK001,proxima,2026-09-05_170354227.wav,2026-09-05_170354227_orig.wav,clean_original,SPK001/proxima/2026-09-05_170354227_orig.wav
SPK001,proxima,2026-09-05_170354227.wav,2026-09-05_170354227_aug_shift.wav,time_shift,SPK001/proxima/2026-09-05_170354227_aug_shift.wav
SPK001,proxima,2026-09-05_170354227.wav,2026-09-05_170354227_aug_noise.wav,noise,SPK001/proxima/2026-09-05_170354227_aug_noise.wav
SPK001,proxima,2026-09-05_170354227.wav,2026-09-05_170354227_aug_gain.wav,gain,SPK001/proxima/2026-09-05_170354227_aug_gain.wav
SPK001,proxima,2026-09-05_170354227.wav,2026-09-05_170354227_aug_comp.wav,composite,SPK001/proxima/2026-09-05_170354227_aug_comp.wav
SPK001,proxima,2026-09-05_170400350.wav,2026-09-05_170400350_orig.wav,clean_original,SPK001/proxima/2026-09-05_170400350_orig.wav
SPK001,proxima,2026-09-05_170400350.wav,2026-09-05_170400350_aug_shift.wav,time_shift,SPK001/proxima/2026-09-05_170400350_aug_shift.wav
SPK001,proxima,2026-09-05_170400350.wav,2026-09-05_170400350_aug_noise.wav,noise,SPK001/proxima/2026-09-05_170400350_aug_noise.wav
SPK001,proxima,2026-09-05_170400350.wav,2026-09-05_170400350_aug_gain.wav,gain,SPK001/proxima/2026-09-05_170400350_aug_gain.wav
SPK001,proxima,2026-09-05_170400350.wav,2026-09-05_170400350_aug_comp.wav,composite,SPK001/proxima/2026-09-05_170400350_aug_comp.wav
SPK001,proxima,2026-09-05_170410928.wav,2026-09-05_170410928_orig.wav,clean_original,SPK001/proxima/2026-09-05_170410928_orig.wav
SPK001,proxima,2026-09-05_170410928.wav,2026-09-05_170410928_aug_shift.wav,time_shift,SPK001/proxima/2026-09-05_170410928_aug_shift.wav
SPK001,proxima,2026-09-05_170410928.wav,2026-09-05_170410928_aug_noise.wav,noise,SPK001/proxima/2026-09-05_170410928_aug_noise.wav
SPK001,proxima,2026-09-05_170410928.wav,2026-09-05_170410928_aug_gain.wav,gain,SPK001/proxima/2026-09-05_170410928_aug_gain.wav
SPK001,proxima,2026-09-05_170410928.wav,2026-09-05_170410928_aug_comp.wav,composite,SPK001/proxima/2026-09-05_170410928_aug_comp.wav
SPK001,proxima,2026-09-05_170425586.wav,2026-09-05_170425586_orig.wav,clean_original,SPK001/proxima/2026-09-05_170425586_orig.wav
SPK001,proxima,2026-09-05_170425586.wav,2026-09-05_170425586_aug_shift.wav,time_shift,SPK001/proxima/2026-09-05_170425586_aug_shift.wav
SPK001,proxima,2026-09-05_170425586.wav,2026-09-05_170425586_aug_noise.wav,noise,SPK001/proxima/2026-09-05_170425586_aug_noise.wav
SPK001,proxima,2026-09-05_170425586.wav,2026-09-05_170425586_aug_gain.wav,gain,SPK001/proxima/2026-09-05_170425586_aug_gain.wav
SPK001,proxima,2026-09-05_170425586.wav,2026-09-05_170425586_aug_comp.wav,composite,SPK001/proxima/2026-09-05_170425586_aug_comp.wav
SPK001,proxima,2026-09-05_170431419.wav,2026-09-05_170431419_orig.wav,clean_original,SPK001/proxima/2026-09-05_170431419_orig.wav
SPK001,proxima,2026-09-05_170431419.wav,2026-09-05_170431419_aug_shift.wav,time_shift,SPK001/proxima/2026-09-05_170431419_aug_shift.wav
SPK001,proxima,2026-09-05_170431419.wav,2026-09-05_170431419_aug_noise.wav,noise,SPK001/proxima/2026-09-05_170431419_aug_noise.wav
SPK001,proxima,2026-09-05_170431419.wav,2026-09-05_170431419_aug_gain.wav,gain,SPK001/proxima/2026-09-05_170431419_aug_gain.wav
SPK001,proxima,2026-09-05_170431419.wav,2026-09-05_170431419_aug_comp.wav,composite,SPK001/proxima/2026-09-05_170431419_aug_comp.wav
SPK001,proxima,2026-09-05_170456641.wav,2026-09-05_170456641_orig.wav,clean_original,SPK001/proxima/2026-09-05_170456641_orig.wav
SPK001,proxima,2026-09-05_170456641.wav,2026-09-05_170456641_aug_shift.wav,time_shift,SPK001/proxima/2026-09-05_170456641_aug_shift.wav
SPK001,proxima,2026-09-05_170456641.wav,2026-09-05_170456641_aug_noise.wav,noise,SPK001/proxima/2026-09-05_170456641_aug_noise.wav
SPK001,proxima,2026-09-05_170456641.wav,2026-09-05_170456641_aug_gain.wav,gain,SPK001/proxima/2026-09-05_170456641_aug_gain.wav
SPK001,proxima,2026-09-05_170456641.wav,2026-09-05_170456641_aug_comp.wav,composite,SPK001/proxima/2026-09-05_170456641_aug_comp.wav
SPK001,proxima,2026-09-05_170511230.wav,2026-09-05_170511230_orig.wav,clean_original,SPK001/proxima/2026-09-05_170511230_orig.wav
SPK001,proxima,2026-09-05_170511230.wav,2026-09-05_170511230_aug_shift.wav,time_shift,SPK001/proxima/2026-09-05_170511230_aug_shift.wav
SPK001,proxima,2026-09-05_170511230.wav,2026-09-05_170511230_aug_noise.wav,noise,SPK001/proxima/2026-09-05_170511230_aug_noise.wav
SPK001,proxima,2026-09-05_170511230.wav,2026-09-05_170511230_aug_gain.wav,gain,SPK001/proxima/2026-09-05_170511230_aug_gain.wav
SPK001,proxima,2026-09-05_170511230.wav,2026-09-05_170511230_aug_comp.wav,composite,SPK001/proxima/2026-09-05_170511230_aug_comp.wav
SPK001,proxima,2026-09-05_170527575.wav,2026-09-05_170527575_orig.wav,clean_original,SPK001/proxima/2026-09-05_170527575_orig.wav
SPK001,proxima,2026-09-05_170527575.wav,2026-09-05_170527575_aug_shift.wav,time_shift,SPK001/proxima/2026-09-05_170527575_aug_shift.wav
SPK001,proxima,2026-09-05_170527575.wav,2026-09-05_170527575_aug_noise.wav,noise,SPK001/proxima/2026-09-05_170527575_aug_noise.wav
SPK001,proxima,2026-09-05_170527575.wav,2026-09-05_170527575_aug_gain.wav,gain,SPK001/proxima/2026-09-05_170527575_aug_gain.wav
SPK001,proxima,2026-09-05_170527575.wav,2026-09-05_170527575_aug_comp.wav,composite,SPK001/proxima/2026-09-05_170527575_aug_comp.wav
SPK001,proxima,2026-09-05_170609444.wav,2026-09-05_170609444_orig.wav,clean_original,SPK001/proxima/2026-09-05_170609444_orig.wav
SPK001,proxima,2026-09-05_170609444.wav,2026-09-05_170609444_aug_shift.wav,time_shift,SPK001/proxima/2026-09-05_170609444_aug_shift.wav
SPK001,proxima,2026-09-05_170609444.wav,2026-09-05_170609444_aug_noise.wav,noise,SPK001/proxima/2026-09-05_170609444_aug_noise.wav
SPK001,proxima,2026-09-05_170609444.wav,2026-09-05_170609444_aug_gain.wav,gain,SPK001/proxima/2026-09-05_170609444_aug_gain.wav
SPK001,proxima,2026-09-05_170609444.wav,2026-09-05_170609444_aug_comp.wav,composite,SPK001/proxima/2026-09-05_170609444_aug_comp.wav
SPK001,proxima,2026-09-05_170618965.wav,2026-09-05_170618965_orig.wav,clean_original,SPK001/proxima/2026-09-05_170618965_orig.wav
SPK001,proxima,2026-09-05_170618965.wav,2026-09-05_170618965_aug_shift.wav,time_shift,SPK001/proxima/2026-09-05_170618965_aug_shift.wav
SPK001,proxima,2026-09-05_170618965.wav,2026-09-05_170618965_aug_noise.wav,noise,SPK001/proxima/2026-09-05_170618965_aug_noise.wav
SPK001,proxima,2026-09-05_170618965.wav,2026-09-05_170618965_aug_gain.wav,gain,SPK001/proxima/2026-09-05_170618965_aug_gain.wav
SPK001,proxima,2026-09-05_170618965.wav,2026-09-05_170618965_aug_comp.wav,composite,SPK001/proxima/2026-09-05_170618965_aug_comp.wav
SPK001,proxima,2026-09-05_170624901.wav,2026-09-05_170624901_orig.wav,clean_original,SPK001/proxima/2026-09-05_170624901_orig.wav
SPK001,proxima,2026-09-05_170624901.wav,2026-09-05_170624901_aug_shift.wav,time_shift,SPK001/proxima/2026-09-05_170624901_aug_shift.wav
SPK001,proxima,2026-09-05_170624901.wav,2026-09-05_170624901_aug_noise.wav,noise,SPK001/proxima/2026-09-05_170624901_aug_noise.wav
SPK001,proxima,2026-09-05_170624901.wav,2026-09-05_170624901_aug_gain.wav,gain,SPK001/proxima/2026-09-05_170624901_aug_gain.wav
SPK001,proxima,2026-09-05_170624901.wav,2026-09-05_170624901_aug_comp.wav,composite,SPK001/proxima/2026-09-05_170624901_aug_comp.wav
SPK001,proxima,2026-09-05_170632936.wav,2026-09-05_170632936_orig.wav,clean_original,SPK001/proxima/2026-09-05_170632936_orig.wav
SPK001,proxima,2026-09-05_170632936.wav,2026-09-05_170632936_aug_shift.wav,time_shift,SPK001/proxima/2026-09-05_170632936_aug_shift.wav
SPK001,proxima,2026-09-05_170632936.wav,2026-09-05_170632936_aug_noise.wav,noise,SPK001/proxima/2026-09-05_170632936_aug_noise.wav
SPK001,proxima,2026-09-05_170632936.wav,2026-09-05_170632936_aug_gain.wav,gain,SPK001/proxima/2026-09-05_170632936_aug_gain.wav
SPK001,proxima,2026-09-05_170632936.wav,2026-09-05_170632936_aug_comp.wav,composite,SPK001/proxima/2026-09-05_170632936_aug_comp.wav
SPK001,proxima,2026-09-05_170636423.wav,2026-09-05_170636423_orig.wav,clean_original,SPK001/proxima/2026-09-05_170636423_orig.wav
SPK001,proxima,2026-09-05_170636423.wav,2026-09-05_170636423_aug_shift.wav,time_shift,SPK001/proxima/2026-09-05_170636423_aug_shift.wav
SPK001,proxima,2026-09-05_170636423.wav,2026-09-05_170636423_aug_noise.wav,noise,SPK001/proxima/2026-09-05_170636423_aug_noise.wav
SPK001,proxima,2026-09-05_170636423.wav,2026-09-05_170636423_aug_gain.wav,gain,SPK001/proxima/2026-09-05_170636423_aug_gain.wav
SPK001,proxima,2026-09-05_170636423.wav,2026-09-05_170636423_aug_comp.wav,composite,SPK001/proxima/2026-09-05_170636423_aug_comp.wav
SPK001,proxima,2026-09-05_170642425.wav,2026-09-05_170642425_orig.wav,clean_original,SPK001/proxima/2026-09-05_170642425_orig.wav
SPK001,proxima,2026-09-05_170642425.wav,2026-09-05_170642425_aug_shift.wav,time_shift,SPK001/proxima/2026-09-05_170642425_aug_shift.wav
SPK001,proxima,2026-09-05_170642425.wav,2026-09-05_170642425_aug_noise.wav,noise,SPK001/proxima/2026-09-05_170642425_aug_noise.wav
SPK001,proxima,2026-09-05_170642425.wav,2026-09-05_170642425_aug_gain.wav,gain,SPK001/proxima/2026-09-05_170642425_aug_gain.wav
SPK001,proxima,2026-09-05_170642425.wav,2026-09-05_170642425_aug_comp.wav,composite,SPK001/proxima/2026-09-05_170642425_aug_comp.wav
SPK001,proxima,2026-09-05_170703414.wav,2026-09-05_170703414_orig.wav,clean_original,SPK001/proxima/2026-09-05_170703414_orig.wav
SPK001,proxima,2026-09-05_170703414.wav,2026-09-05_170703414_aug_shift.wav,time_shift,SPK001/proxima/2026-09-05_170703414_aug_shift.wav
SPK001,proxima,2026-09-05_170703414.wav,2026-09-05_170703414_aug_noise.wav,noise,SPK001/proxima/2026-09-05_170703414_aug_noise.wav
SPK001,proxima,2026-09-05_170703414.wav,2026-09-05_170703414_aug_gain.wav,gain,SPK001/proxima/2026-09-05_170703414_aug_gain.wav
SPK001,proxima,2026-09-05_170703414.wav,2026-09-05_170703414_aug_comp.wav,composite,SPK001/proxima/2026-09-05_170703414_aug_comp.wav
SPK001,proxima,2026-09-05_170707113.wav,2026-09-05_170707113_orig.wav,clean_original,SPK001/proxima/2026-09-05_170707113_orig.wav
SPK001,proxima,2026-09-05_170707113.wav,2026-09-05_170707113_aug_shift.wav,time_shift,SPK001/proxima/2026-09-05_170707113_aug_shift.wav
SPK001,proxima,2026-09-05_170707113.wav,2026-09-05_170707113_aug_noise.wav,noise,SPK001/proxima/2026-09-05_170707113_aug_noise.wav
SPK001,proxima,2026-09-05_170707113.wav,2026-09-05_170707113_aug_gain.wav,gain,SPK001/proxima/2026-09-05_170707113_aug_gain.wav
SPK001,proxima,2026-09-05_170707113.wav,2026-09-05_170707113_aug_comp.wav,composite,SPK001/proxima/2026-09-05_170707113_aug_comp.wav
SPK001,proxima,2026-09-05_170710325.wav,2026-09-05_170710325_orig.wav,clean_original,SPK001/proxima/2026-09-05_170710325_orig.wav
SPK001,proxima,2026-09-05_170710325.wav,2026-09-05_170710325_aug_shift.wav,time_shift,SPK001/proxima/2026-09-05_170710325_aug_shift.wav
SPK001,proxima,2026-09-05_170710325.wav,2026-09-05_170710325_aug_noise.wav,noise,SPK001/proxima/2026-09-05_170710325_aug_noise.wav
SPK001,proxima,2026-09-05_170710325.wav,2026-09-05_170710325_aug_gain.wav,gain,SPK001/proxima/2026-09-05_170710325_aug_gain.wav
SPK001,proxima,2026-09-05_170710325.wav,2026-09-05_170710325_aug_comp.wav,composite,SPK001/proxima/2026-09-05_170710325_aug_comp.wav
SPK001,proxima,2026-09-05_170715924.wav,2026-09-05_170715924_orig.wav,clean_original,SPK001/proxima/2026-09-05_170715924_orig.wav
SPK001,proxima,2026-09-05_170715924.wav,2026-09-05_170715924_aug_shift.wav,time_shift,SPK001/proxima/2026-09-05_170715924_aug_shift.wav
SPK001,proxima,2026-09-05_170715924.wav,2026-09-05_170715924_aug_noise.wav,noise,SPK001/proxima/2026-09-05_170715924_aug_noise.wav
SPK001,proxima,2026-09-05_170715924.wav,2026-09-05_170715924_aug_gain.wav,gain,SPK001/proxima/2026-09-05_170715924_aug_gain.wav
SPK001,proxima,2026-09-05_170715924.wav,2026-09-05_170715924_aug_comp.wav,composite,SPK001/proxima/2026-09-05_170715924_aug_comp.wav
SPK001,proxima,2026-09-05_170725488.wav,2026-09-05_170725488_orig.wav,clean_original,SPK001/proxima/2026-09-05_170725488_orig.wav
SPK001,proxima,2026-09-05_170725488.wav,2026-09-05_170725488_aug_shift.wav,time_shift,SPK001/proxima/2026-09-05_170725488_aug_shift.wav
SPK001,proxima,2026-09-05_170725488.wav,2026-09-05_170725488_aug_noise.wav,noise,SPK001/proxima/2026-09-05_170725488_aug_noise.wav
SPK001,proxima,2026-09-05_170725488.wav,2026-09-05_170725488_aug_gain.wav,gain,SPK001/proxima/2026-09-05_170725488_aug_gain.wav
SPK001,proxima,2026-09-05_170725488.wav,2026-09-05_170725488_aug_comp.wav,composite,SPK001/proxima/2026-09-05_170725488_aug_comp.wav
SPK001,proxima,2026-09-05_170800447.wav,2026-09-05_170800447_orig.wav,clean_original,SPK001/proxima/2026-09-05_170800447_orig.wav
SPK001,proxima,2026-09-05_170800447.wav,2026-09-05_170800447_aug_shift.wav,time_shift,SPK001/proxima/2026-09-05_170800447_aug_shift.wav
SPK001,proxima,2026-09-05_170800447.wav,2026-09-05_170800447_aug_noise.wav,noise,SPK001/proxima/2026-09-05_170800447_aug_noise.wav
SPK001,proxima,2026-09-05_170800447.wav,2026-09-05_170800447_aug_gain.wav,gain,SPK001/proxima/2026-09-05_170800447_aug_gain.wav
SPK001,proxima,2026-09-05_170800447.wav,2026-09-05_170800447_aug_comp.wav,composite,SPK001/proxima/2026-09-05_170800447_aug_comp.wav
SPK001,proxima,2026-09-05_170836115.wav,2026-09-05_170836115_orig.wav,clean_original,SPK001/proxima/2026-09-05_170836115_orig.wav
SPK001,proxima,2026-09-05_170836115.wav,2026-09-05_170836115_aug_shift.wav,time_shift,SPK001/proxima/2026-09-05_170836115_aug_shift.wav
SPK001,proxima,2026-09-05_170836115.wav,2026-09-05_170836115_aug_noise.wav,noise,SPK001/proxima/2026-09-05_170836115_aug_noise.wav
SPK001,proxima,2026-09-05_170836115.wav,2026-09-05_170836115_aug_gain.wav,gain,SPK001/proxima/2026-09-05_170836115_aug_gain.wav
SPK001,proxima,2026-09-05_170836115.wav,2026-09-05_170836115_aug_comp.wav,composite,SPK001/proxima/2026-09-05_170836115_aug_comp.wav
SPK001,proxima,2026-09-05_170901630.wav,2026-09-05_170901630_orig.wav,clean_original,SPK001/proxima/2026-09-05_170901630_orig.wav
SPK001,proxima,2026-09-05_170901630.wav,2026-09-05_170901630_aug_shift.wav,time_shift,SPK001/proxima/2026-09-05_170901630_aug_shift.wav
SPK001,proxima,2026-09-05_170901630.wav,2026-09-05_170901630_aug_noise.wav,noise,SPK001/proxima/2026-09-05_170901630_aug_noise.wav
SPK001,proxima,2026-09-05_170901630.wav,2026-09-05_170901630_aug_gain.wav,gain,SPK001/proxima/2026-09-05_170901630_aug_gain.wav
SPK001,proxima,2026-09-05_170901630.wav,2026-09-05_170901630_aug_comp.wav,composite,SPK001/proxima/2026-09-05_170901630_aug_comp.wav
SPK001,proxima,2026-09-05_170905329.wav,2026-09-05_170905329_orig.wav,clean_original,SPK001/proxima/2026-09-05_170905329_orig.wav
SPK001,proxima,2026-09-05_170905329.wav,2026-09-05_170905329_aug_shift.wav,time_shift,SPK001/proxima/2026-09-05_170905329_aug_shift.wav
SPK001,proxima,2026-09-05_170905329.wav,2026-09-05_170905329_aug_noise.wav,noise,SPK001/proxima/2026-09-05_170905329_aug_noise.wav
SPK001,proxima,2026-09-05_170905329.wav,2026-09-05_170905329_aug_gain.wav,gain,SPK001/proxima/2026-09-05_170905329_aug_gain.wav
SPK001,proxima,2026-09-05_170905329.wav,2026-09-05_170905329_aug_comp.wav,composite,SPK001/proxima/2026-09-05_170905329_aug_comp.wav
SPK001,unknown,2026-09-05_202110986.wav,2026-09-05_202110986_orig.wav,clean_original,SPK001/unknown/2026-09-05_202110986_orig.wav
SPK001,unknown,2026-09-05_202110986.wav,2026-09-05_202110986_aug_shift.wav,time_shift,SPK001/unknown/2026-09-05_202110986_aug_shift.wav
SPK001,unknown,2026-09-05_202110986.wav,2026-09-05_202110986_aug_noise.wav,noise,SPK001/unknown/2026-09-05_202110986_aug_noise.wav
SPK001,unknown,2026-09-05_202110986.wav,2026-09-05_202110986_aug_gain.wav,gain,SPK001/unknown/2026-09-05_202110986_aug_gain.wav
SPK001,unknown,2026-09-05_202110986.wav,2026-09-05_202110986_aug_comp.wav,composite,SPK001/unknown/2026-09-05_202110986_aug_comp.wav
SPK001,unknown,2026-09-05_202115151.wav,2026-09-05_202115151_orig.wav,clean_original,SPK001/unknown/2026-09-05_202115151_orig.wav
SPK001,unknown,2026-09-05_202115151.wav,2026-09-05_202115151_aug_shift.wav,time_shift,SPK001/unknown/2026-09-05_202115151_aug_shift.wav
SPK001,unknown,2026-09-05_202115151.wav,2026-09-05_202115151_aug_noise.wav,noise,SPK001/unknown/2026-09-05_202115151_aug_noise.wav
SPK001,unknown,2026-09-05_202115151.wav,2026-09-05_202115151_aug_gain.wav,gain,SPK001/unknown/2026-09-05_202115151_aug_gain.wav
SPK001,unknown,2026-09-05_202115151.wav,2026-09-05_202115151_aug_comp.wav,composite,SPK001/unknown/2026-09-05_202115151_aug_comp.wav
SPK001,unknown,2026-09-05_202118673.wav,2026-09-05_202118673_orig.wav,clean_original,SPK001/unknown/2026-09-05_202118673_orig.wav
SPK001,unknown,2026-09-05_202118673.wav,2026-09-05_202118673_aug_shift.wav,time_shift,SPK001/unknown/2026-09-05_202118673_aug_shift.wav
SPK001,unknown,2026-09-05_202118673.wav,2026-09-05_202118673_aug_noise.wav,noise,SPK001/unknown/2026-09-05_202118673_aug_noise.wav
SPK001,unknown,2026-09-05_202118673.wav,2026-09-05_202118673_aug_gain.wav,gain,SPK001/unknown/2026-09-05_202118673_aug_gain.wav
SPK001,unknown,2026-09-05_202118673.wav,2026-09-05_202118673_aug_comp.wav,composite,SPK001/unknown/2026-09-05_202118673_aug_comp.wav
SPK001,unknown,2026-09-05_202121725.wav,2026-09-05_202121725_orig.wav,clean_original,SPK001/unknown/2026-09-05_202121725_orig.wav
SPK001,unknown,2026-09-05_202121725.wav,2026-09-05_202121725_aug_shift.wav,time_shift,SPK001/unknown/2026-09-05_202121725_aug_shift.wav
SPK001,unknown,2026-09-05_202121725.wav,2026-09-05_202121725_aug_noise.wav,noise,SPK001/unknown/2026-09-05_202121725_aug_noise.wav
SPK001,unknown,2026-09-05_202121725.wav,2026-09-05_202121725_aug_gain.wav,gain,SPK001/unknown/2026-09-05_202121725_aug_gain.wav
SPK001,unknown,2026-09-05_202121725.wav,2026-09-05_202121725_aug_comp.wav,composite,SPK001/unknown/2026-09-05_202121725_aug_comp.wav
SPK001,unknown,2026-09-05_202124703.wav,2026-09-05_202124703_orig.wav,clean_original,SPK001/unknown/2026-09-05_202124703_orig.wav
SPK001,unknown,2026-09-05_202124703.wav,2026-09-05_202124703_aug_shift.wav,time_shift,SPK001/unknown/2026-09-05_202124703_aug_shift.wav
SPK001,unknown,2026-09-05_202124703.wav,2026-09-05_202124703_aug_noise.wav,noise,SPK001/unknown/2026-09-05_202124703_aug_noise.wav
SPK001,unknown,2026-09-05_202124703.wav,2026-09-05_202124703_aug_gain.wav,gain,SPK001/unknown/2026-09-05_202124703_aug_gain.wav
SPK001,unknown,2026-09-05_202124703.wav,2026-09-05_202124703_aug_comp.wav,composite,SPK001/unknown/2026-09-05_202124703_aug_comp.wav
SPK001,unknown,2026-09-05_202130477.wav,2026-09-05_202130477_orig.wav,clean_original,SPK001/unknown/2026-09-05_202130477_orig.wav
SPK001,unknown,2026-09-05_202130477.wav,2026-09-05_202130477_aug_shift.wav,time_shift,SPK001/unknown/2026-09-05_202130477_aug_shift.wav
SPK001,unknown,2026-09-05_202130477.wav,2026-09-05_202130477_aug_noise.wav,noise,SPK001/unknown/2026-09-05_202130477_aug_noise.wav
SPK001,unknown,2026-09-05_202130477.wav,2026-09-05_202130477_aug_gain.wav,gain,SPK001/unknown/2026-09-05_202130477_aug_gain.wav
SPK001,unknown,2026-09-05_202130477.wav,2026-09-05_202130477_aug_comp.wav,composite,SPK001/unknown/2026-09-05_202130477_aug_comp.wav
SPK001,unknown,2026-09-05_202134204.wav,2026-09-05_202134204_orig.wav,clean_original,SPK001/unknown/2026-09-05_202134204_orig.wav
SPK001,unknown,2026-09-05_202134204.wav,2026-09-05_202134204_aug_shift.wav,time_shift,SPK001/unknown/2026-09-05_202134204_aug_shift.wav
SPK001,unknown,2026-09-05_202134204.wav,2026-09-05_202134204_aug_noise.wav,noise,SPK001/unknown/2026-09-05_202134204_aug_noise.wav
SPK001,unknown,2026-09-05_202134204.wav,2026-09-05_202134204_aug_gain.wav,gain,SPK001/unknown/2026-09-05_202134204_aug_gain.wav
SPK001,unknown,2026-09-05_202134204.wav,2026-09-05_202134204_aug_comp.wav,composite,SPK001/unknown/2026-09-05_202134204_aug_comp.wav
SPK001,unknown,2026-09-05_202138670.wav,2026-09-05_202138670_orig.wav,clean_original,SPK001/unknown/2026-09-05_202138670_orig.wav
SPK001,unknown,2026-09-05_202138670.wav,2026-09-05_202138670_aug_shift.wav,time_shift,SPK001/unknown/2026-09-05_202138670_aug_shift.wav
SPK001,unknown,2026-09-05_202138670.wav,2026-09-05_202138670_aug_noise.wav,noise,SPK001/unknown/2026-09-05_202138670_aug_noise.wav
SPK001,unknown,2026-09-05_202138670.wav,2026-09-05_202138670_aug_gain.wav,gain,SPK001/unknown/2026-09-05_202138670_aug_gain.wav
SPK001,unknown,2026-09-05_202138670.wav,2026-09-05_202138670_aug_comp.wav,composite,SPK001/unknown/2026-09-05_202138670_aug_comp.wav
SPK001,unknown,2026-09-05_202141760.wav,2026-09-05_202141760_orig.wav,clean_original,SPK001/unknown/2026-09-05_202141760_orig.wav
SPK001,unknown,2026-09-05_202141760.wav,2026-09-05_202141760_aug_shift.wav,time_shift,SPK001/unknown/2026-09-05_202141760_aug_shift.wav
SPK001,unknown,2026-09-05_202141760.wav,2026-09-05_202141760_aug_noise.wav,noise,SPK001/unknown/2026-09-05_202141760_aug_noise.wav
SPK001,unknown,2026-09-05_202141760.wav,2026-09-05_202141760_aug_gain.wav,gain,SPK001/unknown/2026-09-05_202141760_aug_gain.wav
SPK001,unknown,2026-09-05_202141760.wav,2026-09-05_202141760_aug_comp.wav,composite,SPK001/unknown/2026-09-05_202141760_aug_comp.wav
SPK001,unknown,2026-09-05_202145701.wav,2026-09-05_202145701_orig.wav,clean_original,SPK001/unknown/2026-09-05_202145701_orig.wav
SPK001,unknown,2026-09-05_202145701.wav,2026-09-05_202145701_aug_shift.wav,time_shift,SPK001/unknown/2026-09-05_202145701_aug_shift.wav
SPK001,unknown,2026-09-05_202145701.wav,2026-09-05_202145701_aug_noise.wav,noise,SPK001/unknown/2026-09-05_202145701_aug_noise.wav
SPK001,unknown,2026-09-05_202145701.wav,2026-09-05_202145701_aug_gain.wav,gain,SPK001/unknown/2026-09-05_202145701_aug_gain.wav
SPK001,unknown,2026-09-05_202145701.wav,2026-09-05_202145701_aug_comp.wav,composite,SPK001/unknown/2026-09-05_202145701_aug_comp.wav
SPK001,unknown,2026-09-05_202151360.wav,2026-09-05_202151360_orig.wav,clean_original,SPK001/unknown/2026-09-05_202151360_orig.wav
SPK001,unknown,2026-09-05_202151360.wav,2026-09-05_202151360_aug_shift.wav,time_shift,SPK001/unknown/2026-09-05_202151360_aug_shift.wav
SPK001,unknown,2026-09-05_202151360.wav,2026-09-05_202151360_aug_noise.wav,noise,SPK001/unknown/2026-09-05_202151360_aug_noise.wav
SPK001,unknown,2026-09-05_202151360.wav,2026-09-05_202151360_aug_gain.wav,gain,SPK001/unknown/2026-09-05_202151360_aug_gain.wav
SPK001,unknown,2026-09-05_202151360.wav,2026-09-05_202151360_aug_comp.wav,composite,SPK001/unknown/2026-09-05_202151360_aug_comp.wav
SPK001,unknown,2026-09-05_202155050.wav,2026-09-05_202155050_orig.wav,clean_original,SPK001/unknown/2026-09-05_202155050_orig.wav
SPK001,unknown,2026-09-05_202155050.wav,2026-09-05_202155050_aug_shift.wav,time_shift,SPK001/unknown/2026-09-05_202155050_aug_shift.wav
SPK001,unknown,2026-09-05_202155050.wav,2026-09-05_202155050_aug_noise.wav,noise,SPK001/unknown/2026-09-05_202155050_aug_noise.wav
SPK001,unknown,2026-09-05_202155050.wav,2026-09-05_202155050_aug_gain.wav,gain,SPK001/unknown/2026-09-05_202155050_aug_gain.wav
SPK001,unknown,2026-09-05_202155050.wav,2026-09-05_202155050_aug_comp.wav,composite,SPK001/unknown/2026-09-05_202155050_aug_comp.wav
SPK001,unknown,2026-09-05_202158006.wav,2026-09-05_202158006_orig.wav,clean_original,SPK001/unknown/2026-09-05_202158006_orig.wav
SPK001,unknown,2026-09-05_202158006.wav,2026-09-05_202158006_aug_shift.wav,time_shift,SPK001/unknown/2026-09-05_202158006_aug_shift.wav
SPK001,unknown,2026-09-05_202158006.wav,2026-09-05_202158006_aug_noise.wav,noise,SPK001/unknown/2026-09-05_202158006_aug_noise.wav
SPK001,unknown,2026-09-05_202158006.wav,2026-09-05_202158006_aug_gain.wav,gain,SPK001/unknown/2026-09-05_202158006_aug_gain.wav
SPK001,unknown,2026-09-05_202158006.wav,2026-09-05_202158006_aug_comp.wav,composite,SPK001/unknown/2026-09-05_202158006_aug_comp.wav
SPK001,unknown,2026-09-05_202200807.wav,2026-09-05_202200807_orig.wav,clean_original,SPK001/unknown/2026-09-05_202200807_orig.wav
SPK001,unknown,2026-09-05_202200807.wav,2026-09-05_202200807_aug_shift.wav,time_shift,SPK001/unknown/2026-09-05_202200807_aug_shift.wav
SPK001,unknown,2026-09-05_202200807.wav,2026-09-05_202200807_aug_noise.wav,noise,SPK001/unknown/2026-09-05_202200807_aug_noise.wav
SPK001,unknown,2026-09-05_202200807.wav,2026-09-05_202200807_aug_gain.wav,gain,SPK001/unknown/2026-09-05_202200807_aug_gain.wav
SPK001,unknown,2026-09-05_202200807.wav,2026-09-05_202200807_aug_comp.wav,composite,SPK001/unknown/2026-09-05_202200807_aug_comp.wav
SPK001,unknown,2026-09-05_202203552.wav,2026-09-05_202203552_orig.wav,clean_original,SPK001/unknown/2026-09-05_202203552_orig.wav
SPK001,unknown,2026-09-05_202203552.wav,2026-09-05_202203552_aug_shift.wav,time_shift,SPK001/unknown/2026-09-05_202203552_aug_shift.wav
SPK001,unknown,2026-09-05_202203552.wav,2026-09-05_202203552_aug_noise.wav,noise,SPK001/unknown/2026-09-05_202203552_aug_noise.wav
SPK001,unknown,2026-09-05_202203552.wav,2026-09-05_202203552_aug_gain.wav,gain,SPK001/unknown/2026-09-05_202203552_aug_gain.wav
SPK001,unknown,2026-09-05_202203552.wav,2026-09-05_202203552_aug_comp.wav,composite,SPK001/unknown/2026-09-05_202203552_aug_comp.wav
SPK001,unknown,2026-09-05_202206197.wav,2026-09-05_202206197_orig.wav,clean_original,SPK001/unknown/2026-09-05_202206197_orig.wav
SPK001,unknown,2026-09-05_202206197.wav,2026-09-05_202206197_aug_shift.wav,time_shift,SPK001/unknown/2026-09-05_202206197_aug_shift.wav
SPK001,unknown,2026-09-05_202206197.wav,2026-09-05_202206197_aug_noise.wav,noise,SPK001/unknown/2026-09-05_202206197_aug_noise.wav
SPK001,unknown,2026-09-05_202206197.wav,2026-09-05_202206197_aug_gain.wav,gain,SPK001/unknown/2026-09-05_202206197_aug_gain.wav
SPK001,unknown,2026-09-05_202206197.wav,2026-09-05_202206197_aug_comp.wav,composite,SPK001/unknown/2026-09-05_202206197_aug_comp.wav
SPK001,unknown,2026-09-05_202209647.wav,2026-09-05_202209647_orig.wav,clean_original,SPK001/unknown/2026-09-05_202209647_orig.wav
SPK001,unknown,2026-09-05_202209647.wav,2026-09-05_202209647_aug_shift.wav,time_shift,SPK001/unknown/2026-09-05_202209647_aug_shift.wav
SPK001,unknown,2026-09-05_202209647.wav,2026-09-05_202209647_aug_noise.wav,noise,SPK001/unknown/2026-09-05_202209647_aug_noise.wav
SPK001,unknown,2026-09-05_202209647.wav,2026-09-05_202209647_aug_gain.wav,gain,SPK001/unknown/2026-09-05_202209647_aug_gain.wav
SPK001,unknown,2026-09-05_202209647.wav,2026-09-05_202209647_aug_comp.wav,composite,SPK001/unknown/2026-09-05_202209647_aug_comp.wav
SPK001,unknown,2026-09-05_202212391.wav,2026-09-05_202212391_orig.wav,clean_original,SPK001/unknown/2026-09-05_202212391_orig.wav
SPK001,unknown,2026-09-05_202212391.wav,2026-09-05_202212391_aug_shift.wav,time_shift,SPK001/unknown/2026-09-05_202212391_aug_shift.wav
SPK001,unknown,2026-09-05_202212391.wav,2026-09-05_202212391_aug_noise.wav,noise,SPK001/unknown/2026-09-05_202212391_aug_noise.wav
SPK001,unknown,2026-09-05_202212391.wav,2026-09-05_202212391_aug_gain.wav,gain,SPK001/unknown/2026-09-05_202212391_aug_gain.wav
SPK001,unknown,2026-09-05_202212391.wav,2026-09-05_202212391_aug_comp.wav,composite,SPK001/unknown/2026-09-05_202212391_aug_comp.wav
SPK001,unknown,2026-09-05_202215193.wav,2026-09-05_202215193_orig.wav,clean_original,SPK001/unknown/2026-09-05_202215193_orig.wav
SPK001,unknown,2026-09-05_202215193.wav,2026-09-05_202215193_aug_shift.wav,time_shift,SPK001/unknown/2026-09-05_202215193_aug_shift.wav
SPK001,unknown,2026-09-05_202215193.wav,2026-09-05_202215193_aug_noise.wav,noise,SPK001/unknown/2026-09-05_202215193_aug_noise.wav
SPK001,unknown,2026-09-05_202215193.wav,2026-09-05_202215193_aug_gain.wav,gain,SPK001/unknown/2026-09-05_202215193_aug_gain.wav
SPK001,unknown,2026-09-05_202215193.wav,2026-09-05_202215193_aug_comp.wav,composite,SPK001/unknown/2026-09-05_202215193_aug_comp.wav
SPK001,unknown,2026-09-05_202217760.wav,2026-09-05_202217760_orig.wav,clean_original,SPK001/unknown/2026-09-05_202217760_orig.wav
SPK001,unknown,2026-09-05_202217760.wav,2026-09-05_202217760_aug_shift.wav,time_shift,SPK001/unknown/2026-09-05_202217760_aug_shift.wav
SPK001,unknown,2026-09-05_202217760.wav,2026-09-05_202217760_aug_noise.wav,noise,SPK001/unknown/2026-09-05_202217760_aug_noise.wav
SPK001,unknown,2026-09-05_202217760.wav,2026-09-05_202217760_aug_gain.wav,gain,SPK001/unknown/2026-09-05_202217760_aug_gain.wav
SPK001,unknown,2026-09-05_202217760.wav,2026-09-05_202217760_aug_comp.wav,composite,SPK001/unknown/2026-09-05_202217760_aug_comp.wav
SPK001,unknown,2026-09-05_202223904.wav,2026-09-05_202223904_orig.wav,clean_original,SPK001/unknown/2026-09-05_202223904_orig.wav
SPK001,unknown,2026-09-05_202223904.wav,2026-09-05_202223904_aug_shift.wav,time_shift,SPK001/unknown/2026-09-05_202223904_aug_shift.wav
SPK001,unknown,2026-09-05_202223904.wav,2026-09-05_202223904_aug_noise.wav,noise,SPK001/unknown/2026-09-05_202223904_aug_noise.wav
SPK001,unknown,2026-09-05_202223904.wav,2026-09-05_202223904_aug_gain.wav,gain,SPK001/unknown/2026-09-05_202223904_aug_gain.wav
SPK001,unknown,2026-09-05_202223904.wav,2026-09-05_202223904_aug_comp.wav,composite,SPK001/unknown/2026-09-05_202223904_aug_comp.wav
SPK001,unknown,2026-09-05_202227022.wav,2026-09-05_202227022_orig.wav,clean_original,SPK001/unknown/2026-09-05_202227022_orig.wav
SPK001,unknown,2026-09-05_202227022.wav,2026-09-05_202227022_aug_shift.wav,time_shift,SPK001/unknown/2026-09-05_202227022_aug_shift.wav
SPK001,unknown,2026-09-05_202227022.wav,2026-09-05_202227022_aug_noise.wav,noise,SPK001/unknown/2026-09-05_202227022_aug_noise.wav
SPK001,unknown,2026-09-05_202227022.wav,2026-09-05_202227022_aug_gain.wav,gain,SPK001/unknown/2026-09-05_202227022_aug_gain.wav
SPK001,unknown,2026-09-05_202227022.wav,2026-09-05_202227022_aug_comp.wav,composite,SPK001/unknown/2026-09-05_202227022_aug_comp.wav
SPK001,unknown,2026-09-05_202230122.wav,2026-09-05_202230122_orig.wav,clean_original,SPK001/unknown/2026-09-05_202230122_orig.wav
SPK001,unknown,2026-09-05_202230122.wav,2026-09-05_202230122_aug_shift.wav,time_shift,SPK001/unknown/2026-09-05_202230122_aug_shift.wav
SPK001,unknown,2026-09-05_202230122.wav,2026-09-05_202230122_aug_noise.wav,noise,SPK001/unknown/2026-09-05_202230122_aug_noise.wav
SPK001,unknown,2026-09-05_202230122.wav,2026-09-05_202230122_aug_gain.wav,gain,SPK001/unknown/2026-09-05_202230122_aug_gain.wav
SPK001,unknown,2026-09-05_202230122.wav,2026-09-05_202230122_aug_comp.wav,composite,SPK001/unknown/2026-09-05_202230122_aug_comp.wav
SPK001,unknown,2026-09-05_202233244.wav,2026-09-05_202233244_orig.wav,clean_original,SPK001/unknown/2026-09-05_202233244_orig.wav
SPK001,unknown,2026-09-05_202233244.wav,2026-09-05_202233244_aug_shift.wav,time_shift,SPK001/unknown/2026-09-05_202233244_aug_shift.wav
SPK001,unknown,2026-09-05_202233244.wav,2026-09-05_202233244_aug_noise.wav,noise,SPK001/unknown/2026-09-05_202233244_aug_noise.wav
SPK001,unknown,2026-09-05_202233244.wav,2026-09-05_202233244_aug_gain.wav,gain,SPK001/unknown/2026-09-05_202233244_aug_gain.wav
SPK001,unknown,2026-09-05_202233244.wav,2026-09-05_202233244_aug_comp.wav,composite,SPK001/unknown/2026-09-05_202233244_aug_comp.wav
SPK001,unknown,2026-09-05_202235856.wav,2026-09-05_202235856_orig.wav,clean_original,SPK001/unknown/2026-09-05_202235856_orig.wav
SPK001,unknown,2026-09-05_202235856.wav,2026-09-05_202235856_aug_shift.wav,time_shift,SPK001/unknown/2026-09-05_202235856_aug_shift.wav
SPK001,unknown,2026-09-05_202235856.wav,2026-09-05_202235856_aug_noise.wav,noise,SPK001/unknown/2026-09-05_202235856_aug_noise.wav
SPK001,unknown,2026-09-05_202235856.wav,2026-09-05_202235856_aug_gain.wav,gain,SPK001/unknown/2026-09-05_202235856_aug_gain.wav
SPK001,unknown,2026-09-05_202235856.wav,2026-09-05_202235856_aug_comp.wav,composite,SPK001/unknown/2026-09-05_202235856_aug_comp.wav
SPK001,unknown,2026-09-05_202239056.wav,2026-09-05_202239056_orig.wav,clean_original,SPK001/unknown/2026-09-05_202239056_orig.wav
SPK001,unknown,2026-09-05_202239056.wav,2026-09-05_202239056_aug_shift.wav,time_shift,SPK001/unknown/2026-09-05_202239056_aug_shift.wav
SPK001,unknown,2026-09-05_202239056.wav,2026-09-05_202239056_aug_noise.wav,noise,SPK001/unknown/2026-09-05_202239056_aug_noise.wav
SPK001,unknown,2026-09-05_202239056.wav,2026-09-05_202239056_aug_gain.wav,gain,SPK001/unknown/2026-09-05_202239056_aug_gain.wav
SPK001,unknown,2026-09-05_202239056.wav,2026-09-05_202239056_aug_comp.wav,composite,SPK001/unknown/2026-09-05_202239056_aug_comp.wav
SPK001,unknown,2026-09-05_202241656.wav,2026-09-05_202241656_orig.wav,clean_original,SPK001/unknown/2026-09-05_202241656_orig.wav
SPK001,unknown,2026-09-05_202241656.wav,2026-09-05_202241656_aug_shift.wav,time_shift,SPK001/unknown/2026-09-05_202241656_aug_shift.wav
SPK001,unknown,2026-09-05_202241656.wav,2026-09-05_202241656_aug_noise.wav,noise,SPK001/unknown/2026-09-05_202241656_aug_noise.wav
SPK001,unknown,2026-09-05_202241656.wav,2026-09-05_202241656_aug_gain.wav,gain,SPK001/unknown/2026-09-05_202241656_aug_gain.wav
SPK001,unknown,2026-09-05_202241656.wav,2026-09-05_202241656_aug_comp.wav,composite,SPK001/unknown/2026-09-05_202241656_aug_comp.wav
SPK001,unknown,2026-09-05_202247246.wav,2026-09-05_202247246_orig.wav,clean_original,SPK001/unknown/2026-09-05_202247246_orig.wav
SPK001,unknown,2026-09-05_202247246.wav,2026-09-05_202247246_aug_shift.wav,time_shift,SPK001/unknown/2026-09-05_202247246_aug_shift.wav
SPK001,unknown,2026-09-05_202247246.wav,2026-09-05_202247246_aug_noise.wav,noise,SPK001/unknown/2026-09-05_202247246_aug_noise.wav
SPK001,unknown,2026-09-05_202247246.wav,2026-09-05_202247246_aug_gain.wav,gain,SPK001/unknown/2026-09-05_202247246_aug_gain.wav
SPK001,unknown,2026-09-05_202247246.wav,2026-09-05_202247246_aug_comp.wav,composite,SPK001/unknown/2026-09-05_202247246_aug_comp.wav
SPK001,unknown,2026-09-05_202249758.wav,2026-09-05_202249758_orig.wav,clean_original,SPK001/unknown/2026-09-05_202249758_orig.wav
SPK001,unknown,2026-09-05_202249758.wav,2026-09-05_202249758_aug_shift.wav,time_shift,SPK001/unknown/2026-09-05_202249758_aug_shift.wav
SPK001,unknown,2026-09-05_202249758.wav,2026-09-05_202249758_aug_noise.wav,noise,SPK001/unknown/2026-09-05_202249758_aug_noise.wav
SPK001,unknown,2026-09-05_202249758.wav,2026-09-05_202249758_aug_gain.wav,gain,SPK001/unknown/2026-09-05_202249758_aug_gain.wav
SPK001,unknown,2026-09-05_202249758.wav,2026-09-05_202249758_aug_comp.wav,composite,SPK001/unknown/2026-09-05_202249758_aug_comp.wav
SPK001,unknown,2026-09-05_202258636.wav,2026-09-05_202258636_orig.wav,clean_original,SPK001/unknown/2026-09-05_202258636_orig.wav
SPK001,unknown,2026-09-05_202258636.wav,2026-09-05_202258636_aug_shift.wav,time_shift,SPK001/unknown/2026-09-05_202258636_aug_shift.wav
SPK001,unknown,2026-09-05_202258636.wav,2026-09-05_202258636_aug_noise.wav,noise,SPK001/unknown/2026-09-05_202258636_aug_noise.wav
SPK001,unknown,2026-09-05_202258636.wav,2026-09-05_202258636_aug_gain.wav,gain,SPK001/unknown/2026-09-05_202258636_aug_gain.wav
SPK001,unknown,2026-09-05_202258636.wav,2026-09-05_202258636_aug_comp.wav,composite,SPK001/unknown/2026-09-05_202258636_aug_comp.wav
SPK001,unknown,2026-09-05_202301580.wav,2026-09-05_202301580_orig.wav,clean_original,SPK001/unknown/2026-09-05_202301580_orig.wav
SPK001,unknown,2026-09-05_202301580.wav,2026-09-05_202301580_aug_shift.wav,time_shift,SPK001/unknown/2026-09-05_202301580_aug_shift.wav
SPK001,unknown,2026-09-05_202301580.wav,2026-09-05_202301580_aug_noise.wav,noise,SPK001/unknown/2026-09-05_202301580_aug_noise.wav
SPK001,unknown,2026-09-05_202301580.wav,2026-09-05_202301580_aug_gain.wav,gain,SPK001/unknown/2026-09-05_202301580_aug_gain.wav
SPK001,unknown,2026-09-05_202301580.wav,2026-09-05_202301580_aug_comp.wav,composite,SPK001/unknown/2026-09-05_202301580_aug_comp.wav
SPK001,unknown,2026-09-05_202304226.wav,2026-09-05_202304226_orig.wav,clean_original,SPK001/unknown/2026-09-05_202304226_orig.wav
SPK001,unknown,2026-09-05_202304226.wav,2026-09-05_202304226_aug_shift.wav,time_shift,SPK001/unknown/2026-09-05_202304226_aug_shift.wav
SPK001,unknown,2026-09-05_202304226.wav,2026-09-05_202304226_aug_noise.wav,noise,SPK001/unknown/2026-09-05_202304226_aug_noise.wav
SPK001,unknown,2026-09-05_202304226.wav,2026-09-05_202304226_aug_gain.wav,gain,SPK001/unknown/2026-09-05_202304226_aug_gain.wav
SPK001,unknown,2026-09-05_202304226.wav,2026-09-05_202304226_aug_comp.wav,composite,SPK001/unknown/2026-09-05_202304226_aug_comp.wav
SPK001,unknown,2026-09-05_202306970.wav,2026-09-05_202306970_orig.wav,clean_original,SPK001/unknown/2026-09-05_202306970_orig.wav
SPK001,unknown,2026-09-05_202306970.wav,2026-09-05_202306970_aug_shift.wav,time_shift,SPK001/unknown/2026-09-05_202306970_aug_shift.wav
SPK001,unknown,2026-09-05_202306970.wav,2026-09-05_202306970_aug_noise.wav,noise,SPK001/unknown/2026-09-05_202306970_aug_noise.wav
SPK001,unknown,2026-09-05_202306970.wav,2026-09-05_202306970_aug_gain.wav,gain,SPK001/unknown/2026-09-05_202306970_aug_gain.wav
SPK001,unknown,2026-09-05_202306970.wav,2026-09-05_202306970_aug_comp.wav,composite,SPK001/unknown/2026-09-05_202306970_aug_comp.wav
SPK001,unknown,2026-09-05_202310372.wav,2026-09-05_202310372_orig.wav,clean_original,SPK001/unknown/2026-09-05_202310372_orig.wav
SPK001,unknown,2026-09-05_202310372.wav,2026-09-05_202310372_aug_shift.wav,time_shift,SPK001/unknown/2026-09-05_202310372_aug_shift.wav
SPK001,unknown,2026-09-05_202310372.wav,2026-09-05_202310372_aug_noise.wav,noise,SPK001/unknown/2026-09-05_202310372_aug_noise.wav
SPK001,unknown,2026-09-05_202310372.wav,2026-09-05_202310372_aug_gain.wav,gain,SPK001/unknown/2026-09-05_202310372_aug_gain.wav
SPK001,unknown,2026-09-05_202310372.wav,2026-09-05_202310372_aug_comp.wav,composite,SPK001/unknown/2026-09-05_202310372_aug_comp.wav
SPK001,unknown,2026-09-05_202312971.wav,2026-09-05_202312971_orig.wav,clean_original,SPK001/unknown/2026-09-05_202312971_orig.wav
SPK001,unknown,2026-09-05_202312971.wav,2026-09-05_202312971_aug_shift.wav,time_shift,SPK001/unknown/2026-09-05_202312971_aug_shift.wav
SPK001,unknown,2026-09-05_202312971.wav,2026-09-05_202312971_aug_noise.wav,noise,SPK001/unknown/2026-09-05_202312971_aug_noise.wav
SPK001,unknown,2026-09-05_202312971.wav,2026-09-05_202312971_aug_gain.wav,gain,SPK001/unknown/2026-09-05_202312971_aug_gain.wav
SPK001,unknown,2026-09-05_202312971.wav,2026-09-05_202312971_aug_comp.wav,composite,SPK001/unknown/2026-09-05_202312971_aug_comp.wav
SPK001,unknown,2026-09-05_202315694.wav,2026-09-05_202315694_orig.wav,clean_original,SPK001/unknown/2026-09-05_202315694_orig.wav
SPK001,unknown,2026-09-05_202315694.wav,2026-09-05_202315694_aug_shift.wav,time_shift,SPK001/unknown/2026-09-05_202315694_aug_shift.wav
SPK001,unknown,2026-09-05_202315694.wav,2026-09-05_202315694_aug_noise.wav,noise,SPK001/unknown/2026-09-05_202315694_aug_noise.wav
SPK001,unknown,2026-09-05_202315694.wav,2026-09-05_202315694_aug_gain.wav,gain,SPK001/unknown/2026-09-05_202315694_aug_gain.wav
SPK001,unknown,2026-09-05_202315694.wav,2026-09-05_202315694_aug_comp.wav,composite,SPK001/unknown/2026-09-05_202315694_aug_comp.wav
SPK001,unknown,2026-09-05_202319060.wav,2026-09-05_202319060_orig.wav,clean_original,SPK001/unknown/2026-09-05_202319060_orig.wav
SPK001,unknown,2026-09-05_202319060.wav,2026-09-05_202319060_aug_shift.wav,time_shift,SPK001/unknown/2026-09-05_202319060_aug_shift.wav
SPK001,unknown,2026-09-05_202319060.wav,2026-09-05_202319060_aug_noise.wav,noise,SPK001/unknown/2026-09-05_202319060_aug_noise.wav
SPK001,unknown,2026-09-05_202319060.wav,2026-09-05_202319060_aug_gain.wav,gain,SPK001/unknown/2026-09-05_202319060_aug_gain.wav
SPK001,unknown,2026-09-05_202319060.wav,2026-09-05_202319060_aug_comp.wav,composite,SPK001/unknown/2026-09-05_202319060_aug_comp.wav
SPK001,unknown,2026-09-05_202321939.wav,2026-09-05_202321939_orig.wav,clean_original,SPK001/unknown/2026-09-05_202321939_orig.wav
SPK001,unknown,2026-09-05_202321939.wav,2026-09-05_202321939_aug_shift.wav,time_shift,SPK001/unknown/2026-09-05_202321939_aug_shift.wav
SPK001,unknown,2026-09-05_202321939.wav,2026-09-05_202321939_aug_noise.wav,noise,SPK001/unknown/2026-09-05_202321939_aug_noise.wav
SPK001,unknown,2026-09-05_202321939.wav,2026-09-05_202321939_aug_gain.wav,gain,SPK001/unknown/2026-09-05_202321939_aug_gain.wav
SPK001,unknown,2026-09-05_202321939.wav,2026-09-05_202321939_aug_comp.wav,composite,SPK001/unknown/2026-09-05_202321939_aug_comp.wav
SPK001,unknown,2026-09-05_202330079.wav,2026-09-05_202330079_orig.wav,clean_original,SPK001/unknown/2026-09-05_202330079_orig.wav
SPK001,unknown,2026-09-05_202330079.wav,2026-09-05_202330079_aug_shift.wav,time_shift,SPK001/unknown/2026-09-05_202330079_aug_shift.wav
SPK001,unknown,2026-09-05_202330079.wav,2026-09-05_202330079_aug_noise.wav,noise,SPK001/unknown/2026-09-05_202330079_aug_noise.wav
SPK001,unknown,2026-09-05_202330079.wav,2026-09-05_202330079_aug_gain.wav,gain,SPK001/unknown/2026-09-05_202330079_aug_gain.wav
SPK001,unknown,2026-09-05_202330079.wav,2026-09-05_202330079_aug_comp.wav,composite,SPK001/unknown/2026-09-05_202330079_aug_comp.wav
SPK001,unknown,2026-09-05_202332780.wav,2026-09-05_202332780_orig.wav,clean_original,SPK001/unknown/2026-09-05_202332780_orig.wav
SPK001,unknown,2026-09-05_202332780.wav,2026-09-05_202332780_aug_shift.wav,time_shift,SPK001/unknown/2026-09-05_202332780_aug_shift.wav
SPK001,unknown,2026-09-05_202332780.wav,2026-09-05_202332780_aug_noise.wav,noise,SPK001/unknown/2026-09-05_202332780_aug_noise.wav
SPK001,unknown,2026-09-05_202332780.wav,2026-09-05_202332780_aug_gain.wav,gain,SPK001/unknown/2026-09-05_202332780_aug_gain.wav
SPK001,unknown,2026-09-05_202332780.wav,2026-09-05_202332780_aug_comp.wav,composite,SPK001/unknown/2026-09-05_202332780_aug_comp.wav
SPK001,unknown,2026-09-05_202336847.wav,2026-09-05_202336847_orig.wav,clean_original,SPK001/unknown/2026-09-05_202336847_orig.wav
SPK001,unknown,2026-09-05_202336847.wav,2026-09-05_202336847_aug_shift.wav,time_shift,SPK001/unknown/2026-09-05_202336847_aug_shift.wav
SPK001,unknown,2026-09-05_202336847.wav,2026-09-05_202336847_aug_noise.wav,noise,SPK001/unknown/2026-09-05_202336847_aug_noise.wav
SPK001,unknown,2026-09-05_202336847.wav,2026-09-05_202336847_aug_gain.wav,gain,SPK001/unknown/2026-09-05_202336847_aug_gain.wav
SPK001,unknown,2026-09-05_202336847.wav,2026-09-05_202336847_aug_comp.wav,composite,SPK001/unknown/2026-09-05_202336847_aug_comp.wav
SPK001,unknown,2026-09-05_202339858.wav,2026-09-05_202339858_orig.wav,clean_original,SPK001/unknown/2026-09-05_202339858_orig.wav
SPK001,unknown,2026-09-05_202339858.wav,2026-09-05_202339858_aug_shift.wav,time_shift,SPK001/unknown/2026-09-05_202339858_aug_shift.wav
SPK001,unknown,2026-09-05_202339858.wav,2026-09-05_202339858_aug_noise.wav,noise,SPK001/unknown/2026-09-05_202339858_aug_noise.wav
SPK001,unknown,2026-09-05_202339858.wav,2026-09-05_202339858_aug_gain.wav,gain,SPK001/unknown/2026-09-05_202339858_aug_gain.wav
SPK001,unknown,2026-09-05_202339858.wav,2026-09-05_202339858_aug_comp.wav,composite,SPK001/unknown/2026-09-05_202339858_aug_comp.wav
SPK001,unknown,2026-09-05_202349337.wav,2026-09-05_202349337_orig.wav,clean_original,SPK001/unknown/2026-09-05_202349337_orig.wav
SPK001,unknown,2026-09-05_202349337.wav,2026-09-05_202349337_aug_shift.wav,time_shift,SPK001/unknown/2026-09-05_202349337_aug_shift.wav
SPK001,unknown,2026-09-05_202349337.wav,2026-09-05_202349337_aug_noise.wav,noise,SPK001/unknown/2026-09-05_202349337_aug_noise.wav
SPK001,unknown,2026-09-05_202349337.wav,2026-09-05_202349337_aug_gain.wav,gain,SPK001/unknown/2026-09-05_202349337_aug_gain.wav
SPK001,unknown,2026-09-05_202349337.wav,2026-09-05_202349337_aug_comp.wav,composite,SPK001/unknown/2026-09-05_202349337_aug_comp.wav
SPK001,unknown,2026-09-05_202352128.wav,2026-09-05_202352128_orig.wav,clean_original,SPK001/unknown/2026-09-05_202352128_orig.wav
SPK001,unknown,2026-09-05_202352128.wav,2026-09-05_202352128_aug_shift.wav,time_shift,SPK001/unknown/2026-09-05_202352128_aug_shift.wav
SPK001,unknown,2026-09-05_202352128.wav,2026-09-05_202352128_aug_noise.wav,noise,SPK001/unknown/2026-09-05_202352128_aug_noise.wav
SPK001,unknown,2026-09-05_202352128.wav,2026-09-05_202352128_aug_gain.wav,gain,SPK001/unknown/2026-09-05_202352128_aug_gain.wav
SPK001,unknown,2026-09-05_202352128.wav,2026-09-05_202352128_aug_comp.wav,composite,SPK001/unknown/2026-09-05_202352128_aug_comp.wav
SPK001,unknown,2026-09-05_202355688.wav,2026-09-05_202355688_orig.wav,clean_original,SPK001/unknown/2026-09-05_202355688_orig.wav
SPK001,unknown,2026-09-05_202355688.wav,2026-09-05_202355688_aug_shift.wav,time_shift,SPK001/unknown/2026-09-05_202355688_aug_shift.wav
SPK001,unknown,2026-09-05_202355688.wav,2026-09-05_202355688_aug_noise.wav,noise,SPK001/unknown/2026-09-05_202355688_aug_noise.wav
SPK001,unknown,2026-09-05_202355688.wav,2026-09-05_202355688_aug_gain.wav,gain,SPK001/unknown/2026-09-05_202355688_aug_gain.wav
SPK001,unknown,2026-09-05_202355688.wav,2026-09-05_202355688_aug_comp.wav,composite,SPK001/unknown/2026-09-05_202355688_aug_comp.wav
SPK001,unknown,2026-09-05_202358398.wav,2026-09-05_202358398_orig.wav,clean_original,SPK001/unknown/2026-09-05_202358398_orig.wav
SPK001,unknown,2026-09-05_202358398.wav,2026-09-05_202358398_aug_shift.wav,time_shift,SPK001/unknown/2026-09-05_202358398_aug_shift.wav
SPK001,unknown,2026-09-05_202358398.wav,2026-09-05_202358398_aug_noise.wav,noise,SPK001/unknown/2026-09-05_202358398_aug_noise.wav
SPK001,unknown,2026-09-05_202358398.wav,2026-09-05_202358398_aug_gain.wav,gain,SPK001/unknown/2026-09-05_202358398_aug_gain.wav
SPK001,unknown,2026-09-05_202358398.wav,2026-09-05_202358398_aug_comp.wav,composite,SPK001/unknown/2026-09-05_202358398_aug_comp.wav
SPK001,unknown,2026-09-05_202400811.wav,2026-09-05_202400811_orig.wav,clean_original,SPK001/unknown/2026-09-05_202400811_orig.wav
SPK001,unknown,2026-09-05_202400811.wav,2026-09-05_202400811_aug_shift.wav,time_shift,SPK001/unknown/2026-09-05_202400811_aug_shift.wav
SPK001,unknown,2026-09-05_202400811.wav,2026-09-05_202400811_aug_noise.wav,noise,SPK001/unknown/2026-09-05_202400811_aug_noise.wav
SPK001,unknown,2026-09-05_202400811.wav,2026-09-05_202400811_aug_gain.wav,gain,SPK001/unknown/2026-09-05_202400811_aug_gain.wav
SPK001,unknown,2026-09-05_202400811.wav,2026-09-05_202400811_aug_comp.wav,composite,SPK001/unknown/2026-09-05_202400811_aug_comp.wav
SPK001,unknown,2026-09-05_202416173.wav,2026-09-05_202416173_orig.wav,clean_original,SPK001/unknown/2026-09-05_202416173_orig.wav
SPK001,unknown,2026-09-05_202416173.wav,2026-09-05_202416173_aug_shift.wav,time_shift,SPK001/unknown/2026-09-05_202416173_aug_shift.wav
SPK001,unknown,2026-09-05_202416173.wav,2026-09-05_202416173_aug_noise.wav,noise,SPK001/unknown/2026-09-05_202416173_aug_noise.wav
SPK001,unknown,2026-09-05_202416173.wav,2026-09-05_202416173_aug_gain.wav,gain,SPK001/unknown/2026-09-05_202416173_aug_gain.wav
SPK001,unknown,2026-09-05_202416173.wav,2026-09-05_202416173_aug_comp.wav,composite,SPK001/unknown/2026-09-05_202416173_aug_comp.wav
SPK001,unknown,2026-09-05_202418462.wav,2026-09-05_202418462_orig.wav,clean_original,SPK001/unknown/2026-09-05_202418462_orig.wav
SPK001,unknown,2026-09-05_202418462.wav,2026-09-05_202418462_aug_shift.wav,time_shift,SPK001/unknown/2026-09-05_202418462_aug_shift.wav
SPK001,unknown,2026-09-05_202418462.wav,2026-09-05_202418462_aug_noise.wav,noise,SPK001/unknown/2026-09-05_202418462_aug_noise.wav
SPK001,unknown,2026-09-05_202418462.wav,2026-09-05_202418462_aug_gain.wav,gain,SPK001/unknown/2026-09-05_202418462_aug_gain.wav
SPK001,unknown,2026-09-05_202418462.wav,2026-09-05_202418462_aug_comp.wav,composite,SPK001/unknown/2026-09-05_202418462_aug_comp.wav
SPK001,unknown,2026-09-05_202420840.wav,2026-09-05_202420840_orig.wav,clean_original,SPK001/unknown/2026-09-05_202420840_orig.wav
SPK001,unknown,2026-09-05_202420840.wav,2026-09-05_202420840_aug_shift.wav,time_shift,SPK001/unknown/2026-09-05_202420840_aug_shift.wav
SPK001,unknown,2026-09-05_202420840.wav,2026-09-05_202420840_aug_noise.wav,noise,SPK001/unknown/2026-09-05_202420840_aug_noise.wav
SPK001,unknown,2026-09-05_202420840.wav,2026-09-05_202420840_aug_gain.wav,gain,SPK001/unknown/2026-09-05_202420840_aug_gain.wav
SPK001,unknown,2026-09-05_202420840.wav,2026-09-05_202420840_aug_comp.wav,composite,SPK001/unknown/2026-09-05_202420840_aug_comp.wav
SPK002,proxima,05-09-2026 10.48.wav,05-09-2026 10.48_orig.wav,clean_original,SPK002/proxima/05-09-2026 10.48_orig.wav
SPK002,proxima,05-09-2026 10.48.wav,05-09-2026 10.48_aug_shift.wav,time_shift,SPK002/proxima/05-09-2026 10.48_aug_shift.wav
SPK002,proxima,05-09-2026 10.48.wav,05-09-2026 10.48_aug_noise.wav,noise,SPK002/proxima/05-09-2026 10.48_aug_noise.wav
SPK002,proxima,05-09-2026 10.48.wav,05-09-2026 10.48_aug_gain.wav,gain,SPK002/proxima/05-09-2026 10.48_aug_gain.wav
SPK002,proxima,05-09-2026 10.48.wav,05-09-2026 10.48_aug_comp.wav,composite,SPK002/proxima/05-09-2026 10.48_aug_comp.wav
SPK002,proxima,05-09-2026 10.49(2).wav,05-09-2026 10.49(2)_orig.wav,clean_original,SPK002/proxima/05-09-2026 10.49(2)_orig.wav
SPK002,proxima,05-09-2026 10.49(2).wav,05-09-2026 10.49(2)_aug_shift.wav,time_shift,SPK002/proxima/05-09-2026 10.49(2)_aug_shift.wav
SPK002,proxima,05-09-2026 10.49(2).wav,05-09-2026 10.49(2)_aug_noise.wav,noise,SPK002/proxima/05-09-2026 10.49(2)_aug_noise.wav
SPK002,proxima,05-09-2026 10.49(2).wav,05-09-2026 10.49(2)_aug_gain.wav,gain,SPK002/proxima/05-09-2026 10.49(2)_aug_gain.wav
SPK002,proxima,05-09-2026 10.49(2).wav,05-09-2026 10.49(2)_aug_comp.wav,composite,SPK002/proxima/05-09-2026 10.49(2)_aug_comp.wav
SPK002,proxima,05-09-2026 10.49.wav,05-09-2026 10.49_orig.wav,clean_original,SPK002/proxima/05-09-2026 10.49_orig.wav
SPK002,proxima,05-09-2026 10.49.wav,05-09-2026 10.49_aug_shift.wav,time_shift,SPK002/proxima/05-09-2026 10.49_aug_shift.wav
SPK002,proxima,05-09-2026 10.49.wav,05-09-2026 10.49_aug_noise.wav,noise,SPK002/proxima/05-09-2026 10.49_aug_noise.wav
SPK002,proxima,05-09-2026 10.49.wav,05-09-2026 10.49_aug_gain.wav,gain,SPK002/proxima/05-09-2026 10.49_aug_gain.wav
SPK002,proxima,05-09-2026 10.49.wav,05-09-2026 10.49_aug_comp.wav,composite,SPK002/proxima/05-09-2026 10.49_aug_comp.wav
SPK002,proxima,05-09-2026 10.50(2).wav,05-09-2026 10.50(2)_orig.wav,clean_original,SPK002/proxima/05-09-2026 10.50(2)_orig.wav
SPK002,proxima,05-09-2026 10.50(2).wav,05-09-2026 10.50(2)_aug_shift.wav,time_shift,SPK002/proxima/05-09-2026 10.50(2)_aug_shift.wav
SPK002,proxima,05-09-2026 10.50(2).wav,05-09-2026 10.50(2)_aug_noise.wav,noise,SPK002/proxima/05-09-2026 10.50(2)_aug_noise.wav
SPK002,proxima,05-09-2026 10.50(2).wav,05-09-2026 10.50(2)_aug_gain.wav,gain,SPK002/proxima/05-09-2026 10.50(2)_aug_gain.wav
SPK002,proxima,05-09-2026 10.50(2).wav,05-09-2026 10.50(2)_aug_comp.wav,composite,SPK002/proxima/05-09-2026 10.50(2)_aug_comp.wav
SPK002,proxima,05-09-2026 10.50.wav,05-09-2026 10.50_orig.wav,clean_original,SPK002/proxima/05-09-2026 10.50_orig.wav
SPK002,proxima,05-09-2026 10.50.wav,05-09-2026 10.50_aug_shift.wav,time_shift,SPK002/proxima/05-09-2026 10.50_aug_shift.wav
SPK002,proxima,05-09-2026 10.50.wav,05-09-2026 10.50_aug_noise.wav,noise,SPK002/proxima/05-09-2026 10.50_aug_noise.wav
SPK002,proxima,05-09-2026 10.50.wav,05-09-2026 10.50_aug_gain.wav,gain,SPK002/proxima/05-09-2026 10.50_aug_gain.wav
SPK002,proxima,05-09-2026 10.50.wav,05-09-2026 10.50_aug_comp.wav,composite,SPK002/proxima/05-09-2026 10.50_aug_comp.wav
SPK002,proxima,05-09-2026 10.51(2).wav,05-09-2026 10.51(2)_orig.wav,clean_original,SPK002/proxima/05-09-2026 10.51(2)_orig.wav
SPK002,proxima,05-09-2026 10.51(2).wav,05-09-2026 10.51(2)_aug_shift.wav,time_shift,SPK002/proxima/05-09-2026 10.51(2)_aug_shift.wav
SPK002,proxima,05-09-2026 10.51(2).wav,05-09-2026 10.51(2)_aug_noise.wav,noise,SPK002/proxima/05-09-2026 10.51(2)_aug_noise.wav
SPK002,proxima,05-09-2026 10.51(2).wav,05-09-2026 10.51(2)_aug_gain.wav,gain,SPK002/proxima/05-09-2026 10.51(2)_aug_gain.wav
SPK002,proxima,05-09-2026 10.51(2).wav,05-09-2026 10.51(2)_aug_comp.wav,composite,SPK002/proxima/05-09-2026 10.51(2)_aug_comp.wav
SPK002,proxima,05-09-2026 10.51(3).wav,05-09-2026 10.51(3)_orig.wav,clean_original,SPK002/proxima/05-09-2026 10.51(3)_orig.wav
SPK002,proxima,05-09-2026 10.51(3).wav,05-09-2026 10.51(3)_aug_shift.wav,time_shift,SPK002/proxima/05-09-2026 10.51(3)_aug_shift.wav
SPK002,proxima,05-09-2026 10.51(3).wav,05-09-2026 10.51(3)_aug_noise.wav,noise,SPK002/proxima/05-09-2026 10.51(3)_aug_noise.wav
SPK002,proxima,05-09-2026 10.51(3).wav,05-09-2026 10.51(3)_aug_gain.wav,gain,SPK002/proxima/05-09-2026 10.51(3)_aug_gain.wav
SPK002,proxima,05-09-2026 10.51(3).wav,05-09-2026 10.51(3)_aug_comp.wav,composite,SPK002/proxima/05-09-2026 10.51(3)_aug_comp.wav
SPK002,proxima,05-09-2026 10.51.wav,05-09-2026 10.51_orig.wav,clean_original,SPK002/proxima/05-09-2026 10.51_orig.wav
SPK002,proxima,05-09-2026 10.51.wav,05-09-2026 10.51_aug_shift.wav,time_shift,SPK002/proxima/05-09-2026 10.51_aug_shift.wav
SPK002,proxima,05-09-2026 10.51.wav,05-09-2026 10.51_aug_noise.wav,noise,SPK002/proxima/05-09-2026 10.51_aug_noise.wav
SPK002,proxima,05-09-2026 10.51.wav,05-09-2026 10.51_aug_gain.wav,gain,SPK002/proxima/05-09-2026 10.51_aug_gain.wav
SPK002,proxima,05-09-2026 10.51.wav,05-09-2026 10.51_aug_comp.wav,composite,SPK002/proxima/05-09-2026 10.51_aug_comp.wav
SPK002,proxima,05-09-2026 10.52(2).wav,05-09-2026 10.52(2)_orig.wav,clean_original,SPK002/proxima/05-09-2026 10.52(2)_orig.wav
SPK002,proxima,05-09-2026 10.52(2).wav,05-09-2026 10.52(2)_aug_shift.wav,time_shift,SPK002/proxima/05-09-2026 10.52(2)_aug_shift.wav
SPK002,proxima,05-09-2026 10.52(2).wav,05-09-2026 10.52(2)_aug_noise.wav,noise,SPK002/proxima/05-09-2026 10.52(2)_aug_noise.wav
SPK002,proxima,05-09-2026 10.52(2).wav,05-09-2026 10.52(2)_aug_gain.wav,gain,SPK002/proxima/05-09-2026 10.52(2)_aug_gain.wav
SPK002,proxima,05-09-2026 10.52(2).wav,05-09-2026 10.52(2)_aug_comp.wav,composite,SPK002/proxima/05-09-2026 10.52(2)_aug_comp.wav
SPK002,proxima,05-09-2026 10.52.wav,05-09-2026 10.52_orig.wav,clean_original,SPK002/proxima/05-09-2026 10.52_orig.wav
SPK002,proxima,05-09-2026 10.52.wav,05-09-2026 10.52_aug_shift.wav,time_shift,SPK002/proxima/05-09-2026 10.52_aug_shift.wav
SPK002,proxima,05-09-2026 10.52.wav,05-09-2026 10.52_aug_noise.wav,noise,SPK002/proxima/05-09-2026 10.52_aug_noise.wav
SPK002,proxima,05-09-2026 10.52.wav,05-09-2026 10.52_aug_gain.wav,gain,SPK002/proxima/05-09-2026 10.52_aug_gain.wav
SPK002,proxima,05-09-2026 10.52.wav,05-09-2026 10.52_aug_comp.wav,composite,SPK002/proxima/05-09-2026 10.52_aug_comp.wav
SPK002,proxima,05-09-2026 10.53(2).wav,05-09-2026 10.53(2)_orig.wav,clean_original,SPK002/proxima/05-09-2026 10.53(2)_orig.wav
SPK002,proxima,05-09-2026 10.53(2).wav,05-09-2026 10.53(2)_aug_shift.wav,time_shift,SPK002/proxima/05-09-2026 10.53(2)_aug_shift.wav
SPK002,proxima,05-09-2026 10.53(2).wav,05-09-2026 10.53(2)_aug_noise.wav,noise,SPK002/proxima/05-09-2026 10.53(2)_aug_noise.wav
SPK002,proxima,05-09-2026 10.53(2).wav,05-09-2026 10.53(2)_aug_gain.wav,gain,SPK002/proxima/05-09-2026 10.53(2)_aug_gain.wav
SPK002,proxima,05-09-2026 10.53(2).wav,05-09-2026 10.53(2)_aug_comp.wav,composite,SPK002/proxima/05-09-2026 10.53(2)_aug_comp.wav
SPK002,proxima,05-09-2026 10.53(3).wav,05-09-2026 10.53(3)_orig.wav,clean_original,SPK002/proxima/05-09-2026 10.53(3)_orig.wav
SPK002,proxima,05-09-2026 10.53(3).wav,05-09-2026 10.53(3)_aug_shift.wav,time_shift,SPK002/proxima/05-09-2026 10.53(3)_aug_shift.wav
SPK002,proxima,05-09-2026 10.53(3).wav,05-09-2026 10.53(3)_aug_noise.wav,noise,SPK002/proxima/05-09-2026 10.53(3)_aug_noise.wav
SPK002,proxima,05-09-2026 10.53(3).wav,05-09-2026 10.53(3)_aug_gain.wav,gain,SPK002/proxima/05-09-2026 10.53(3)_aug_gain.wav
SPK002,proxima,05-09-2026 10.53(3).wav,05-09-2026 10.53(3)_aug_comp.wav,composite,SPK002/proxima/05-09-2026 10.53(3)_aug_comp.wav
SPK002,proxima,05-09-2026 10.53.wav,05-09-2026 10.53_orig.wav,clean_original,SPK002/proxima/05-09-2026 10.53_orig.wav
SPK002,proxima,05-09-2026 10.53.wav,05-09-2026 10.53_aug_shift.wav,time_shift,SPK002/proxima/05-09-2026 10.53_aug_shift.wav
SPK002,proxima,05-09-2026 10.53.wav,05-09-2026 10.53_aug_noise.wav,noise,SPK002/proxima/05-09-2026 10.53_aug_noise.wav
SPK002,proxima,05-09-2026 10.53.wav,05-09-2026 10.53_aug_gain.wav,gain,SPK002/proxima/05-09-2026 10.53_aug_gain.wav
SPK002,proxima,05-09-2026 10.53.wav,05-09-2026 10.53_aug_comp.wav,composite,SPK002/proxima/05-09-2026 10.53_aug_comp.wav
SPK002,proxima,05-09-2026 10.54(2).wav,05-09-2026 10.54(2)_orig.wav,clean_original,SPK002/proxima/05-09-2026 10.54(2)_orig.wav
SPK002,proxima,05-09-2026 10.54(2).wav,05-09-2026 10.54(2)_aug_shift.wav,time_shift,SPK002/proxima/05-09-2026 10.54(2)_aug_shift.wav
SPK002,proxima,05-09-2026 10.54(2).wav,05-09-2026 10.54(2)_aug_noise.wav,noise,SPK002/proxima/05-09-2026 10.54(2)_aug_noise.wav
SPK002,proxima,05-09-2026 10.54(2).wav,05-09-2026 10.54(2)_aug_gain.wav,gain,SPK002/proxima/05-09-2026 10.54(2)_aug_gain.wav
SPK002,proxima,05-09-2026 10.54(2).wav,05-09-2026 10.54(2)_aug_comp.wav,composite,SPK002/proxima/05-09-2026 10.54(2)_aug_comp.wav
SPK002,proxima,05-09-2026 10.54(3).wav,05-09-2026 10.54(3)_orig.wav,clean_original,SPK002/proxima/05-09-2026 10.54(3)_orig.wav
SPK002,proxima,05-09-2026 10.54(3).wav,05-09-2026 10.54(3)_aug_shift.wav,time_shift,SPK002/proxima/05-09-2026 10.54(3)_aug_shift.wav
SPK002,proxima,05-09-2026 10.54(3).wav,05-09-2026 10.54(3)_aug_noise.wav,noise,SPK002/proxima/05-09-2026 10.54(3)_aug_noise.wav
SPK002,proxima,05-09-2026 10.54(3).wav,05-09-2026 10.54(3)_aug_gain.wav,gain,SPK002/proxima/05-09-2026 10.54(3)_aug_gain.wav
SPK002,proxima,05-09-2026 10.54(3).wav,05-09-2026 10.54(3)_aug_comp.wav,composite,SPK002/proxima/05-09-2026 10.54(3)_aug_comp.wav
SPK002,proxima,05-09-2026 10.54(4).wav,05-09-2026 10.54(4)_orig.wav,clean_original,SPK002/proxima/05-09-2026 10.54(4)_orig.wav
SPK002,proxima,05-09-2026 10.54(4).wav,05-09-2026 10.54(4)_aug_shift.wav,time_shift,SPK002/proxima/05-09-2026 10.54(4)_aug_shift.wav
SPK002,proxima,05-09-2026 10.54(4).wav,05-09-2026 10.54(4)_aug_noise.wav,noise,SPK002/proxima/05-09-2026 10.54(4)_aug_noise.wav
SPK002,proxima,05-09-2026 10.54(4).wav,05-09-2026 10.54(4)_aug_gain.wav,gain,SPK002/proxima/05-09-2026 10.54(4)_aug_gain.wav
SPK002,proxima,05-09-2026 10.54(4).wav,05-09-2026 10.54(4)_aug_comp.wav,composite,SPK002/proxima/05-09-2026 10.54(4)_aug_comp.wav
SPK002,proxima,05-09-2026 10.54(5).wav,05-09-2026 10.54(5)_orig.wav,clean_original,SPK002/proxima/05-09-2026 10.54(5)_orig.wav
SPK002,proxima,05-09-2026 10.54(5).wav,05-09-2026 10.54(5)_aug_shift.wav,time_shift,SPK002/proxima/05-09-2026 10.54(5)_aug_shift.wav
SPK002,proxima,05-09-2026 10.54(5).wav,05-09-2026 10.54(5)_aug_noise.wav,noise,SPK002/proxima/05-09-2026 10.54(5)_aug_noise.wav
SPK002,proxima,05-09-2026 10.54(5).wav,05-09-2026 10.54(5)_aug_gain.wav,gain,SPK002/proxima/05-09-2026 10.54(5)_aug_gain.wav
SPK002,proxima,05-09-2026 10.54(5).wav,05-09-2026 10.54(5)_aug_comp.wav,composite,SPK002/proxima/05-09-2026 10.54(5)_aug_comp.wav
SPK002,proxima,05-09-2026 10.54.wav,05-09-2026 10.54_orig.wav,clean_original,SPK002/proxima/05-09-2026 10.54_orig.wav
SPK002,proxima,05-09-2026 10.54.wav,05-09-2026 10.54_aug_shift.wav,time_shift,SPK002/proxima/05-09-2026 10.54_aug_shift.wav
SPK002,proxima,05-09-2026 10.54.wav,05-09-2026 10.54_aug_noise.wav,noise,SPK002/proxima/05-09-2026 10.54_aug_noise.wav
SPK002,proxima,05-09-2026 10.54.wav,05-09-2026 10.54_aug_gain.wav,gain,SPK002/proxima/05-09-2026 10.54_aug_gain.wav
SPK002,proxima,05-09-2026 10.54.wav,05-09-2026 10.54_aug_comp.wav,composite,SPK002/proxima/05-09-2026 10.54_aug_comp.wav
SPK002,proxima,05-09-2026 10.55(2).wav,05-09-2026 10.55(2)_orig.wav,clean_original,SPK002/proxima/05-09-2026 10.55(2)_orig.wav
SPK002,proxima,05-09-2026 10.55(2).wav,05-09-2026 10.55(2)_aug_shift.wav,time_shift,SPK002/proxima/05-09-2026 10.55(2)_aug_shift.wav
SPK002,proxima,05-09-2026 10.55(2).wav,05-09-2026 10.55(2)_aug_noise.wav,noise,SPK002/proxima/05-09-2026 10.55(2)_aug_noise.wav
SPK002,proxima,05-09-2026 10.55(2).wav,05-09-2026 10.55(2)_aug_gain.wav,gain,SPK002/proxima/05-09-2026 10.55(2)_aug_gain.wav
SPK002,proxima,05-09-2026 10.55(2).wav,05-09-2026 10.55(2)_aug_comp.wav,composite,SPK002/proxima/05-09-2026 10.55(2)_aug_comp.wav
SPK002,proxima,05-09-2026 10.55(3).wav,05-09-2026 10.55(3)_orig.wav,clean_original,SPK002/proxima/05-09-2026 10.55(3)_orig.wav
SPK002,proxima,05-09-2026 10.55(3).wav,05-09-2026 10.55(3)_aug_shift.wav,time_shift,SPK002/proxima/05-09-2026 10.55(3)_aug_shift.wav
SPK002,proxima,05-09-2026 10.55(3).wav,05-09-2026 10.55(3)_aug_noise.wav,noise,SPK002/proxima/05-09-2026 10.55(3)_aug_noise.wav
SPK002,proxima,05-09-2026 10.55(3).wav,05-09-2026 10.55(3)_aug_gain.wav,gain,SPK002/proxima/05-09-2026 10.55(3)_aug_gain.wav
SPK002,proxima,05-09-2026 10.55(3).wav,05-09-2026 10.55(3)_aug_comp.wav,composite,SPK002/proxima/05-09-2026 10.55(3)_aug_comp.wav
SPK002,proxima,05-09-2026 10.55(4).wav,05-09-2026 10.55(4)_orig.wav,clean_original,SPK002/proxima/05-09-2026 10.55(4)_orig.wav
SPK002,proxima,05-09-2026 10.55(4).wav,05-09-2026 10.55(4)_aug_shift.wav,time_shift,SPK002/proxima/05-09-2026 10.55(4)_aug_shift.wav
SPK002,proxima,05-09-2026 10.55(4).wav,05-09-2026 10.55(4)_aug_noise.wav,noise,SPK002/proxima/05-09-2026 10.55(4)_aug_noise.wav
SPK002,proxima,05-09-2026 10.55(4).wav,05-09-2026 10.55(4)_aug_gain.wav,gain,SPK002/proxima/05-09-2026 10.55(4)_aug_gain.wav
SPK002,proxima,05-09-2026 10.55(4).wav,05-09-2026 10.55(4)_aug_comp.wav,composite,SPK002/proxima/05-09-2026 10.55(4)_aug_comp.wav
SPK002,proxima,05-09-2026 10.55.wav,05-09-2026 10.55_orig.wav,clean_original,SPK002/proxima/05-09-2026 10.55_orig.wav
SPK002,proxima,05-09-2026 10.55.wav,05-09-2026 10.55_aug_shift.wav,time_shift,SPK002/proxima/05-09-2026 10.55_aug_shift.wav
SPK002,proxima,05-09-2026 10.55.wav,05-09-2026 10.55_aug_noise.wav,noise,SPK002/proxima/05-09-2026 10.55_aug_noise.wav
SPK002,proxima,05-09-2026 10.55.wav,05-09-2026 10.55_aug_gain.wav,gain,SPK002/proxima/05-09-2026 10.55_aug_gain.wav
SPK002,proxima,05-09-2026 10.55.wav,05-09-2026 10.55_aug_comp.wav,composite,SPK002/proxima/05-09-2026 10.55_aug_comp.wav
SPK002,proxima,05-09-2026 10.58(2).wav,05-09-2026 10.58(2)_orig.wav,clean_original,SPK002/proxima/05-09-2026 10.58(2)_orig.wav
SPK002,proxima,05-09-2026 10.58(2).wav,05-09-2026 10.58(2)_aug_shift.wav,time_shift,SPK002/proxima/05-09-2026 10.58(2)_aug_shift.wav
SPK002,proxima,05-09-2026 10.58(2).wav,05-09-2026 10.58(2)_aug_noise.wav,noise,SPK002/proxima/05-09-2026 10.58(2)_aug_noise.wav
SPK002,proxima,05-09-2026 10.58(2).wav,05-09-2026 10.58(2)_aug_gain.wav,gain,SPK002/proxima/05-09-2026 10.58(2)_aug_gain.wav
SPK002,proxima,05-09-2026 10.58(2).wav,05-09-2026 10.58(2)_aug_comp.wav,composite,SPK002/proxima/05-09-2026 10.58(2)_aug_comp.wav
SPK002,proxima,05-09-2026 10.58(3).wav,05-09-2026 10.58(3)_orig.wav,clean_original,SPK002/proxima/05-09-2026 10.58(3)_orig.wav
SPK002,proxima,05-09-2026 10.58(3).wav,05-09-2026 10.58(3)_aug_shift.wav,time_shift,SPK002/proxima/05-09-2026 10.58(3)_aug_shift.wav
SPK002,proxima,05-09-2026 10.58(3).wav,05-09-2026 10.58(3)_aug_noise.wav,noise,SPK002/proxima/05-09-2026 10.58(3)_aug_noise.wav
SPK002,proxima,05-09-2026 10.58(3).wav,05-09-2026 10.58(3)_aug_gain.wav,gain,SPK002/proxima/05-09-2026 10.58(3)_aug_gain.wav
SPK002,proxima,05-09-2026 10.58(3).wav,05-09-2026 10.58(3)_aug_comp.wav,composite,SPK002/proxima/05-09-2026 10.58(3)_aug_comp.wav
SPK002,proxima,05-09-2026 10.58(4).wav,05-09-2026 10.58(4)_orig.wav,clean_original,SPK002/proxima/05-09-2026 10.58(4)_orig.wav
SPK002,proxima,05-09-2026 10.58(4).wav,05-09-2026 10.58(4)_aug_shift.wav,time_shift,SPK002/proxima/05-09-2026 10.58(4)_aug_shift.wav
SPK002,proxima,05-09-2026 10.58(4).wav,05-09-2026 10.58(4)_aug_noise.wav,noise,SPK002/proxima/05-09-2026 10.58(4)_aug_noise.wav
SPK002,proxima,05-09-2026 10.58(4).wav,05-09-2026 10.58(4)_aug_gain.wav,gain,SPK002/proxima/05-09-2026 10.58(4)_aug_gain.wav
SPK002,proxima,05-09-2026 10.58(4).wav,05-09-2026 10.58(4)_aug_comp.wav,composite,SPK002/proxima/05-09-2026 10.58(4)_aug_comp.wav
SPK002,proxima,05-09-2026 10.58.wav,05-09-2026 10.58_orig.wav,clean_original,SPK002/proxima/05-09-2026 10.58_orig.wav
SPK002,proxima,05-09-2026 10.58.wav,05-09-2026 10.58_aug_shift.wav,time_shift,SPK002/proxima/05-09-2026 10.58_aug_shift.wav
SPK002,proxima,05-09-2026 10.58.wav,05-09-2026 10.58_aug_noise.wav,noise,SPK002/proxima/05-09-2026 10.58_aug_noise.wav
SPK002,proxima,05-09-2026 10.58.wav,05-09-2026 10.58_aug_gain.wav,gain,SPK002/proxima/05-09-2026 10.58_aug_gain.wav
SPK002,proxima,05-09-2026 10.58.wav,05-09-2026 10.58_aug_comp.wav,composite,SPK002/proxima/05-09-2026 10.58_aug_comp.wav
SPK002,proxima,05-09-2026 10.59(2).wav,05-09-2026 10.59(2)_orig.wav,clean_original,SPK002/proxima/05-09-2026 10.59(2)_orig.wav
SPK002,proxima,05-09-2026 10.59(2).wav,05-09-2026 10.59(2)_aug_shift.wav,time_shift,SPK002/proxima/05-09-2026 10.59(2)_aug_shift.wav
SPK002,proxima,05-09-2026 10.59(2).wav,05-09-2026 10.59(2)_aug_noise.wav,noise,SPK002/proxima/05-09-2026 10.59(2)_aug_noise.wav
SPK002,proxima,05-09-2026 10.59(2).wav,05-09-2026 10.59(2)_aug_gain.wav,gain,SPK002/proxima/05-09-2026 10.59(2)_aug_gain.wav
SPK002,proxima,05-09-2026 10.59(2).wav,05-09-2026 10.59(2)_aug_comp.wav,composite,SPK002/proxima/05-09-2026 10.59(2)_aug_comp.wav
SPK002,proxima,05-09-2026 10.59.wav,05-09-2026 10.59_orig.wav,clean_original,SPK002/proxima/05-09-2026 10.59_orig.wav
SPK002,proxima,05-09-2026 10.59.wav,05-09-2026 10.59_aug_shift.wav,time_shift,SPK002/proxima/05-09-2026 10.59_aug_shift.wav
SPK002,proxima,05-09-2026 10.59.wav,05-09-2026 10.59_aug_noise.wav,noise,SPK002/proxima/05-09-2026 10.59_aug_noise.wav
SPK002,proxima,05-09-2026 10.59.wav,05-09-2026 10.59_aug_gain.wav,gain,SPK002/proxima/05-09-2026 10.59_aug_gain.wav
SPK002,proxima,05-09-2026 10.59.wav,05-09-2026 10.59_aug_comp.wav,composite,SPK002/proxima/05-09-2026 10.59_aug_comp.wav
SPK002,proxima,05-09-2026 11.00(2).wav,05-09-2026 11.00(2)_orig.wav,clean_original,SPK002/proxima/05-09-2026 11.00(2)_orig.wav
SPK002,proxima,05-09-2026 11.00(2).wav,05-09-2026 11.00(2)_aug_shift.wav,time_shift,SPK002/proxima/05-09-2026 11.00(2)_aug_shift.wav
SPK002,proxima,05-09-2026 11.00(2).wav,05-09-2026 11.00(2)_aug_noise.wav,noise,SPK002/proxima/05-09-2026 11.00(2)_aug_noise.wav
SPK002,proxima,05-09-2026 11.00(2).wav,05-09-2026 11.00(2)_aug_gain.wav,gain,SPK002/proxima/05-09-2026 11.00(2)_aug_gain.wav
SPK002,proxima,05-09-2026 11.00(2).wav,05-09-2026 11.00(2)_aug_comp.wav,composite,SPK002/proxima/05-09-2026 11.00(2)_aug_comp.wav
SPK002,proxima,05-09-2026 11.00(3).wav,05-09-2026 11.00(3)_orig.wav,clean_original,SPK002/proxima/05-09-2026 11.00(3)_orig.wav
SPK002,proxima,05-09-2026 11.00(3).wav,05-09-2026 11.00(3)_aug_shift.wav,time_shift,SPK002/proxima/05-09-2026 11.00(3)_aug_shift.wav
SPK002,proxima,05-09-2026 11.00(3).wav,05-09-2026 11.00(3)_aug_noise.wav,noise,SPK002/proxima/05-09-2026 11.00(3)_aug_noise.wav
SPK002,proxima,05-09-2026 11.00(3).wav,05-09-2026 11.00(3)_aug_gain.wav,gain,SPK002/proxima/05-09-2026 11.00(3)_aug_gain.wav
SPK002,proxima,05-09-2026 11.00(3).wav,05-09-2026 11.00(3)_aug_comp.wav,composite,SPK002/proxima/05-09-2026 11.00(3)_aug_comp.wav
SPK002,proxima,05-09-2026 11.00(4).wav,05-09-2026 11.00(4)_orig.wav,clean_original,SPK002/proxima/05-09-2026 11.00(4)_orig.wav
SPK002,proxima,05-09-2026 11.00(4).wav,05-09-2026 11.00(4)_aug_shift.wav,time_shift,SPK002/proxima/05-09-2026 11.00(4)_aug_shift.wav
SPK002,proxima,05-09-2026 11.00(4).wav,05-09-2026 11.00(4)_aug_noise.wav,noise,SPK002/proxima/05-09-2026 11.00(4)_aug_noise.wav
SPK002,proxima,05-09-2026 11.00(4).wav,05-09-2026 11.00(4)_aug_gain.wav,gain,SPK002/proxima/05-09-2026 11.00(4)_aug_gain.wav
SPK002,proxima,05-09-2026 11.00(4).wav,05-09-2026 11.00(4)_aug_comp.wav,composite,SPK002/proxima/05-09-2026 11.00(4)_aug_comp.wav
SPK002,proxima,05-09-2026 11.00.wav,05-09-2026 11.00_orig.wav,clean_original,SPK002/proxima/05-09-2026 11.00_orig.wav
SPK002,proxima,05-09-2026 11.00.wav,05-09-2026 11.00_aug_shift.wav,time_shift,SPK002/proxima/05-09-2026 11.00_aug_shift.wav
SPK002,proxima,05-09-2026 11.00.wav,05-09-2026 11.00_aug_noise.wav,noise,SPK002/proxima/05-09-2026 11.00_aug_noise.wav
SPK002,proxima,05-09-2026 11.00.wav,05-09-2026 11.00_aug_gain.wav,gain,SPK002/proxima/05-09-2026 11.00_aug_gain.wav
SPK002,proxima,05-09-2026 11.00.wav,05-09-2026 11.00_aug_comp.wav,composite,SPK002/proxima/05-09-2026 11.00_aug_comp.wav
SPK002,proxima,05-09-2026 11.01(2).wav,05-09-2026 11.01(2)_orig.wav,clean_original,SPK002/proxima/05-09-2026 11.01(2)_orig.wav
SPK002,proxima,05-09-2026 11.01(2).wav,05-09-2026 11.01(2)_aug_shift.wav,time_shift,SPK002/proxima/05-09-2026 11.01(2)_aug_shift.wav
SPK002,proxima,05-09-2026 11.01(2).wav,05-09-2026 11.01(2)_aug_noise.wav,noise,SPK002/proxima/05-09-2026 11.01(2)_aug_noise.wav
SPK002,proxima,05-09-2026 11.01(2).wav,05-09-2026 11.01(2)_aug_gain.wav,gain,SPK002/proxima/05-09-2026 11.01(2)_aug_gain.wav
SPK002,proxima,05-09-2026 11.01(2).wav,05-09-2026 11.01(2)_aug_comp.wav,composite,SPK002/proxima/05-09-2026 11.01(2)_aug_comp.wav
SPK002,proxima,05-09-2026 11.01(3).wav,05-09-2026 11.01(3)_orig.wav,clean_original,SPK002/proxima/05-09-2026 11.01(3)_orig.wav
SPK002,proxima,05-09-2026 11.01(3).wav,05-09-2026 11.01(3)_aug_shift.wav,time_shift,SPK002/proxima/05-09-2026 11.01(3)_aug_shift.wav
SPK002,proxima,05-09-2026 11.01(3).wav,05-09-2026 11.01(3)_aug_noise.wav,noise,SPK002/proxima/05-09-2026 11.01(3)_aug_noise.wav
SPK002,proxima,05-09-2026 11.01(3).wav,05-09-2026 11.01(3)_aug_gain.wav,gain,SPK002/proxima/05-09-2026 11.01(3)_aug_gain.wav
SPK002,proxima,05-09-2026 11.01(3).wav,05-09-2026 11.01(3)_aug_comp.wav,composite,SPK002/proxima/05-09-2026 11.01(3)_aug_comp.wav
SPK002,proxima,05-09-2026 11.01(4).wav,05-09-2026 11.01(4)_orig.wav,clean_original,SPK002/proxima/05-09-2026 11.01(4)_orig.wav
SPK002,proxima,05-09-2026 11.01(4).wav,05-09-2026 11.01(4)_aug_shift.wav,time_shift,SPK002/proxima/05-09-2026 11.01(4)_aug_shift.wav
SPK002,proxima,05-09-2026 11.01(4).wav,05-09-2026 11.01(4)_aug_noise.wav,noise,SPK002/proxima/05-09-2026 11.01(4)_aug_noise.wav
SPK002,proxima,05-09-2026 11.01(4).wav,05-09-2026 11.01(4)_aug_gain.wav,gain,SPK002/proxima/05-09-2026 11.01(4)_aug_gain.wav
SPK002,proxima,05-09-2026 11.01(4).wav,05-09-2026 11.01(4)_aug_comp.wav,composite,SPK002/proxima/05-09-2026 11.01(4)_aug_comp.wav
SPK002,proxima,05-09-2026 11.01.wav,05-09-2026 11.01_orig.wav,clean_original,SPK002/proxima/05-09-2026 11.01_orig.wav
SPK002,proxima,05-09-2026 11.01.wav,05-09-2026 11.01_aug_shift.wav,time_shift,SPK002/proxima/05-09-2026 11.01_aug_shift.wav
SPK002,proxima,05-09-2026 11.01.wav,05-09-2026 11.01_aug_noise.wav,noise,SPK002/proxima/05-09-2026 11.01_aug_noise.wav
SPK002,proxima,05-09-2026 11.01.wav,05-09-2026 11.01_aug_gain.wav,gain,SPK002/proxima/05-09-2026 11.01_aug_gain.wav
SPK002,proxima,05-09-2026 11.01.wav,05-09-2026 11.01_aug_comp.wav,composite,SPK002/proxima/05-09-2026 11.01_aug_comp.wav
SPK002,proxima,05-09-2026 11.02(2).wav,05-09-2026 11.02(2)_orig.wav,clean_original,SPK002/proxima/05-09-2026 11.02(2)_orig.wav
SPK002,proxima,05-09-2026 11.02(2).wav,05-09-2026 11.02(2)_aug_shift.wav,time_shift,SPK002/proxima/05-09-2026 11.02(2)_aug_shift.wav
SPK002,proxima,05-09-2026 11.02(2).wav,05-09-2026 11.02(2)_aug_noise.wav,noise,SPK002/proxima/05-09-2026 11.02(2)_aug_noise.wav
SPK002,proxima,05-09-2026 11.02(2).wav,05-09-2026 11.02(2)_aug_gain.wav,gain,SPK002/proxima/05-09-2026 11.02(2)_aug_gain.wav
SPK002,proxima,05-09-2026 11.02(2).wav,05-09-2026 11.02(2)_aug_comp.wav,composite,SPK002/proxima/05-09-2026 11.02(2)_aug_comp.wav
SPK002,proxima,05-09-2026 11.02(3).wav,05-09-2026 11.02(3)_orig.wav,clean_original,SPK002/proxima/05-09-2026 11.02(3)_orig.wav
SPK002,proxima,05-09-2026 11.02(3).wav,05-09-2026 11.02(3)_aug_shift.wav,time_shift,SPK002/proxima/05-09-2026 11.02(3)_aug_shift.wav
SPK002,proxima,05-09-2026 11.02(3).wav,05-09-2026 11.02(3)_aug_noise.wav,noise,SPK002/proxima/05-09-2026 11.02(3)_aug_noise.wav
SPK002,proxima,05-09-2026 11.02(3).wav,05-09-2026 11.02(3)_aug_gain.wav,gain,SPK002/proxima/05-09-2026 11.02(3)_aug_gain.wav
SPK002,proxima,05-09-2026 11.02(3).wav,05-09-2026 11.02(3)_aug_comp.wav,composite,SPK002/proxima/05-09-2026 11.02(3)_aug_comp.wav
SPK002,proxima,05-09-2026 11.02.wav,05-09-2026 11.02_orig.wav,clean_original,SPK002/proxima/05-09-2026 11.02_orig.wav
SPK002,proxima,05-09-2026 11.02.wav,05-09-2026 11.02_aug_shift.wav,time_shift,SPK002/proxima/05-09-2026 11.02_aug_shift.wav
SPK002,proxima,05-09-2026 11.02.wav,05-09-2026 11.02_aug_noise.wav,noise,SPK002/proxima/05-09-2026 11.02_aug_noise.wav
SPK002,proxima,05-09-2026 11.02.wav,05-09-2026 11.02_aug_gain.wav,gain,SPK002/proxima/05-09-2026 11.02_aug_gain.wav
SPK002,proxima,05-09-2026 11.02.wav,05-09-2026 11.02_aug_comp.wav,composite,SPK002/proxima/05-09-2026 11.02_aug_comp.wav
SPK002,proxima,05-09-2026 11.03.wav,05-09-2026 11.03_orig.wav,clean_original,SPK002/proxima/05-09-2026 11.03_orig.wav
SPK002,proxima,05-09-2026 11.03.wav,05-09-2026 11.03_aug_shift.wav,time_shift,SPK002/proxima/05-09-2026 11.03_aug_shift.wav
SPK002,proxima,05-09-2026 11.03.wav,05-09-2026 11.03_aug_noise.wav,noise,SPK002/proxima/05-09-2026 11.03_aug_noise.wav
SPK002,proxima,05-09-2026 11.03.wav,05-09-2026 11.03_aug_gain.wav,gain,SPK002/proxima/05-09-2026 11.03_aug_gain.wav
SPK002,proxima,05-09-2026 11.03.wav,05-09-2026 11.03_aug_comp.wav,composite,SPK002/proxima/05-09-2026 11.03_aug_comp.wav
SPK002,unknown,05-09-2026 16.54.wav,05-09-2026 16.54_orig.wav,clean_original,SPK002/unknown/05-09-2026 16.54_orig.wav
SPK002,unknown,05-09-2026 16.54.wav,05-09-2026 16.54_aug_shift.wav,time_shift,SPK002/unknown/05-09-2026 16.54_aug_shift.wav
SPK002,unknown,05-09-2026 16.54.wav,05-09-2026 16.54_aug_noise.wav,noise,SPK002/unknown/05-09-2026 16.54_aug_noise.wav
SPK002,unknown,05-09-2026 16.54.wav,05-09-2026 16.54_aug_gain.wav,gain,SPK002/unknown/05-09-2026 16.54_aug_gain.wav
SPK002,unknown,05-09-2026 16.54.wav,05-09-2026 16.54_aug_comp.wav,composite,SPK002/unknown/05-09-2026 16.54_aug_comp.wav
SPK002,unknown,05-09-2026 16.55(2).wav,05-09-2026 16.55(2)_orig.wav,clean_original,SPK002/unknown/05-09-2026 16.55(2)_orig.wav
SPK002,unknown,05-09-2026 16.55(2).wav,05-09-2026 16.55(2)_aug_shift.wav,time_shift,SPK002/unknown/05-09-2026 16.55(2)_aug_shift.wav
SPK002,unknown,05-09-2026 16.55(2).wav,05-09-2026 16.55(2)_aug_noise.wav,noise,SPK002/unknown/05-09-2026 16.55(2)_aug_noise.wav
SPK002,unknown,05-09-2026 16.55(2).wav,05-09-2026 16.55(2)_aug_gain.wav,gain,SPK002/unknown/05-09-2026 16.55(2)_aug_gain.wav
SPK002,unknown,05-09-2026 16.55(2).wav,05-09-2026 16.55(2)_aug_comp.wav,composite,SPK002/unknown/05-09-2026 16.55(2)_aug_comp.wav
SPK002,unknown,05-09-2026 16.55(3).wav,05-09-2026 16.55(3)_orig.wav,clean_original,SPK002/unknown/05-09-2026 16.55(3)_orig.wav
SPK002,unknown,05-09-2026 16.55(3).wav,05-09-2026 16.55(3)_aug_shift.wav,time_shift,SPK002/unknown/05-09-2026 16.55(3)_aug_shift.wav
SPK002,unknown,05-09-2026 16.55(3).wav,05-09-2026 16.55(3)_aug_noise.wav,noise,SPK002/unknown/05-09-2026 16.55(3)_aug_noise.wav
SPK002,unknown,05-09-2026 16.55(3).wav,05-09-2026 16.55(3)_aug_gain.wav,gain,SPK002/unknown/05-09-2026 16.55(3)_aug_gain.wav
SPK002,unknown,05-09-2026 16.55(3).wav,05-09-2026 16.55(3)_aug_comp.wav,composite,SPK002/unknown/05-09-2026 16.55(3)_aug_comp.wav
SPK002,unknown,05-09-2026 16.55(4).wav,05-09-2026 16.55(4)_orig.wav,clean_original,SPK002/unknown/05-09-2026 16.55(4)_orig.wav
SPK002,unknown,05-09-2026 16.55(4).wav,05-09-2026 16.55(4)_aug_shift.wav,time_shift,SPK002/unknown/05-09-2026 16.55(4)_aug_shift.wav
SPK002,unknown,05-09-2026 16.55(4).wav,05-09-2026 16.55(4)_aug_noise.wav,noise,SPK002/unknown/05-09-2026 16.55(4)_aug_noise.wav
SPK002,unknown,05-09-2026 16.55(4).wav,05-09-2026 16.55(4)_aug_gain.wav,gain,SPK002/unknown/05-09-2026 16.55(4)_aug_gain.wav
SPK002,unknown,05-09-2026 16.55(4).wav,05-09-2026 16.55(4)_aug_comp.wav,composite,SPK002/unknown/05-09-2026 16.55(4)_aug_comp.wav
SPK002,unknown,05-09-2026 16.55.wav,05-09-2026 16.55_orig.wav,clean_original,SPK002/unknown/05-09-2026 16.55_orig.wav
SPK002,unknown,05-09-2026 16.55.wav,05-09-2026 16.55_aug_shift.wav,time_shift,SPK002/unknown/05-09-2026 16.55_aug_shift.wav
SPK002,unknown,05-09-2026 16.55.wav,05-09-2026 16.55_aug_noise.wav,noise,SPK002/unknown/05-09-2026 16.55_aug_noise.wav
SPK002,unknown,05-09-2026 16.55.wav,05-09-2026 16.55_aug_gain.wav,gain,SPK002/unknown/05-09-2026 16.55_aug_gain.wav
SPK002,unknown,05-09-2026 16.55.wav,05-09-2026 16.55_aug_comp.wav,composite,SPK002/unknown/05-09-2026 16.55_aug_comp.wav
SPK002,unknown,05-09-2026 16.56(2).wav,05-09-2026 16.56(2)_orig.wav,clean_original,SPK002/unknown/05-09-2026 16.56(2)_orig.wav
SPK002,unknown,05-09-2026 16.56(2).wav,05-09-2026 16.56(2)_aug_shift.wav,time_shift,SPK002/unknown/05-09-2026 16.56(2)_aug_shift.wav
SPK002,unknown,05-09-2026 16.56(2).wav,05-09-2026 16.56(2)_aug_noise.wav,noise,SPK002/unknown/05-09-2026 16.56(2)_aug_noise.wav
SPK002,unknown,05-09-2026 16.56(2).wav,05-09-2026 16.56(2)_aug_gain.wav,gain,SPK002/unknown/05-09-2026 16.56(2)_aug_gain.wav
SPK002,unknown,05-09-2026 16.56(2).wav,05-09-2026 16.56(2)_aug_comp.wav,composite,SPK002/unknown/05-09-2026 16.56(2)_aug_comp.wav
SPK002,unknown,05-09-2026 16.56(3).wav,05-09-2026 16.56(3)_orig.wav,clean_original,SPK002/unknown/05-09-2026 16.56(3)_orig.wav
SPK002,unknown,05-09-2026 16.56(3).wav,05-09-2026 16.56(3)_aug_shift.wav,time_shift,SPK002/unknown/05-09-2026 16.56(3)_aug_shift.wav
SPK002,unknown,05-09-2026 16.56(3).wav,05-09-2026 16.56(3)_aug_noise.wav,noise,SPK002/unknown/05-09-2026 16.56(3)_aug_noise.wav
SPK002,unknown,05-09-2026 16.56(3).wav,05-09-2026 16.56(3)_aug_gain.wav,gain,SPK002/unknown/05-09-2026 16.56(3)_aug_gain.wav
SPK002,unknown,05-09-2026 16.56(3).wav,05-09-2026 16.56(3)_aug_comp.wav,composite,SPK002/unknown/05-09-2026 16.56(3)_aug_comp.wav
SPK002,unknown,05-09-2026 16.56(4).wav,05-09-2026 16.56(4)_orig.wav,clean_original,SPK002/unknown/05-09-2026 16.56(4)_orig.wav
SPK002,unknown,05-09-2026 16.56(4).wav,05-09-2026 16.56(4)_aug_shift.wav,time_shift,SPK002/unknown/05-09-2026 16.56(4)_aug_shift.wav
SPK002,unknown,05-09-2026 16.56(4).wav,05-09-2026 16.56(4)_aug_noise.wav,noise,SPK002/unknown/05-09-2026 16.56(4)_aug_noise.wav
SPK002,unknown,05-09-2026 16.56(4).wav,05-09-2026 16.56(4)_aug_gain.wav,gain,SPK002/unknown/05-09-2026 16.56(4)_aug_gain.wav
SPK002,unknown,05-09-2026 16.56(4).wav,05-09-2026 16.56(4)_aug_comp.wav,composite,SPK002/unknown/05-09-2026 16.56(4)_aug_comp.wav
SPK002,unknown,05-09-2026 16.56(5).wav,05-09-2026 16.56(5)_orig.wav,clean_original,SPK002/unknown/05-09-2026 16.56(5)_orig.wav
SPK002,unknown,05-09-2026 16.56(5).wav,05-09-2026 16.56(5)_aug_shift.wav,time_shift,SPK002/unknown/05-09-2026 16.56(5)_aug_shift.wav
SPK002,unknown,05-09-2026 16.56(5).wav,05-09-2026 16.56(5)_aug_noise.wav,noise,SPK002/unknown/05-09-2026 16.56(5)_aug_noise.wav
SPK002,unknown,05-09-2026 16.56(5).wav,05-09-2026 16.56(5)_aug_gain.wav,gain,SPK002/unknown/05-09-2026 16.56(5)_aug_gain.wav
SPK002,unknown,05-09-2026 16.56(5).wav,05-09-2026 16.56(5)_aug_comp.wav,composite,SPK002/unknown/05-09-2026 16.56(5)_aug_comp.wav
SPK002,unknown,05-09-2026 16.56(6).wav,05-09-2026 16.56(6)_orig.wav,clean_original,SPK002/unknown/05-09-2026 16.56(6)_orig.wav
SPK002,unknown,05-09-2026 16.56(6).wav,05-09-2026 16.56(6)_aug_shift.wav,time_shift,SPK002/unknown/05-09-2026 16.56(6)_aug_shift.wav
SPK002,unknown,05-09-2026 16.56(6).wav,05-09-2026 16.56(6)_aug_noise.wav,noise,SPK002/unknown/05-09-2026 16.56(6)_aug_noise.wav
SPK002,unknown,05-09-2026 16.56(6).wav,05-09-2026 16.56(6)_aug_gain.wav,gain,SPK002/unknown/05-09-2026 16.56(6)_aug_gain.wav
SPK002,unknown,05-09-2026 16.56(6).wav,05-09-2026 16.56(6)_aug_comp.wav,composite,SPK002/unknown/05-09-2026 16.56(6)_aug_comp.wav
SPK002,unknown,05-09-2026 16.56(7).wav,05-09-2026 16.56(7)_orig.wav,clean_original,SPK002/unknown/05-09-2026 16.56(7)_orig.wav
SPK002,unknown,05-09-2026 16.56(7).wav,05-09-2026 16.56(7)_aug_shift.wav,time_shift,SPK002/unknown/05-09-2026 16.56(7)_aug_shift.wav
SPK002,unknown,05-09-2026 16.56(7).wav,05-09-2026 16.56(7)_aug_noise.wav,noise,SPK002/unknown/05-09-2026 16.56(7)_aug_noise.wav
SPK002,unknown,05-09-2026 16.56(7).wav,05-09-2026 16.56(7)_aug_gain.wav,gain,SPK002/unknown/05-09-2026 16.56(7)_aug_gain.wav
SPK002,unknown,05-09-2026 16.56(7).wav,05-09-2026 16.56(7)_aug_comp.wav,composite,SPK002/unknown/05-09-2026 16.56(7)_aug_comp.wav
SPK002,unknown,05-09-2026 16.56.wav,05-09-2026 16.56_orig.wav,clean_original,SPK002/unknown/05-09-2026 16.56_orig.wav
SPK002,unknown,05-09-2026 16.56.wav,05-09-2026 16.56_aug_shift.wav,time_shift,SPK002/unknown/05-09-2026 16.56_aug_shift.wav
SPK002,unknown,05-09-2026 16.56.wav,05-09-2026 16.56_aug_noise.wav,noise,SPK002/unknown/05-09-2026 16.56_aug_noise.wav
SPK002,unknown,05-09-2026 16.56.wav,05-09-2026 16.56_aug_gain.wav,gain,SPK002/unknown/05-09-2026 16.56_aug_gain.wav
SPK002,unknown,05-09-2026 16.56.wav,05-09-2026 16.56_aug_comp.wav,composite,SPK002/unknown/05-09-2026 16.56_aug_comp.wav
SPK002,unknown,05-09-2026 16.57(2).wav,05-09-2026 16.57(2)_orig.wav,clean_original,SPK002/unknown/05-09-2026 16.57(2)_orig.wav
SPK002,unknown,05-09-2026 16.57(2).wav,05-09-2026 16.57(2)_aug_shift.wav,time_shift,SPK002/unknown/05-09-2026 16.57(2)_aug_shift.wav
SPK002,unknown,05-09-2026 16.57(2).wav,05-09-2026 16.57(2)_aug_noise.wav,noise,SPK002/unknown/05-09-2026 16.57(2)_aug_noise.wav
SPK002,unknown,05-09-2026 16.57(2).wav,05-09-2026 16.57(2)_aug_gain.wav,gain,SPK002/unknown/05-09-2026 16.57(2)_aug_gain.wav
SPK002,unknown,05-09-2026 16.57(2).wav,05-09-2026 16.57(2)_aug_comp.wav,composite,SPK002/unknown/05-09-2026 16.57(2)_aug_comp.wav
SPK002,unknown,05-09-2026 16.57(3).wav,05-09-2026 16.57(3)_orig.wav,clean_original,SPK002/unknown/05-09-2026 16.57(3)_orig.wav
SPK002,unknown,05-09-2026 16.57(3).wav,05-09-2026 16.57(3)_aug_shift.wav,time_shift,SPK002/unknown/05-09-2026 16.57(3)_aug_shift.wav
SPK002,unknown,05-09-2026 16.57(3).wav,05-09-2026 16.57(3)_aug_noise.wav,noise,SPK002/unknown/05-09-2026 16.57(3)_aug_noise.wav
SPK002,unknown,05-09-2026 16.57(3).wav,05-09-2026 16.57(3)_aug_gain.wav,gain,SPK002/unknown/05-09-2026 16.57(3)_aug_gain.wav
SPK002,unknown,05-09-2026 16.57(3).wav,05-09-2026 16.57(3)_aug_comp.wav,composite,SPK002/unknown/05-09-2026 16.57(3)_aug_comp.wav
SPK002,unknown,05-09-2026 16.57(4).wav,05-09-2026 16.57(4)_orig.wav,clean_original,SPK002/unknown/05-09-2026 16.57(4)_orig.wav
SPK002,unknown,05-09-2026 16.57(4).wav,05-09-2026 16.57(4)_aug_shift.wav,time_shift,SPK002/unknown/05-09-2026 16.57(4)_aug_shift.wav
SPK002,unknown,05-09-2026 16.57(4).wav,05-09-2026 16.57(4)_aug_noise.wav,noise,SPK002/unknown/05-09-2026 16.57(4)_aug_noise.wav
SPK002,unknown,05-09-2026 16.57(4).wav,05-09-2026 16.57(4)_aug_gain.wav,gain,SPK002/unknown/05-09-2026 16.57(4)_aug_gain.wav
SPK002,unknown,05-09-2026 16.57(4).wav,05-09-2026 16.57(4)_aug_comp.wav,composite,SPK002/unknown/05-09-2026 16.57(4)_aug_comp.wav
SPK002,unknown,05-09-2026 16.57(5).wav,05-09-2026 16.57(5)_orig.wav,clean_original,SPK002/unknown/05-09-2026 16.57(5)_orig.wav
SPK002,unknown,05-09-2026 16.57(5).wav,05-09-2026 16.57(5)_aug_shift.wav,time_shift,SPK002/unknown/05-09-2026 16.57(5)_aug_shift.wav
SPK002,unknown,05-09-2026 16.57(5).wav,05-09-2026 16.57(5)_aug_noise.wav,noise,SPK002/unknown/05-09-2026 16.57(5)_aug_noise.wav
SPK002,unknown,05-09-2026 16.57(5).wav,05-09-2026 16.57(5)_aug_gain.wav,gain,SPK002/unknown/05-09-2026 16.57(5)_aug_gain.wav
SPK002,unknown,05-09-2026 16.57(5).wav,05-09-2026 16.57(5)_aug_comp.wav,composite,SPK002/unknown/05-09-2026 16.57(5)_aug_comp.wav
SPK002,unknown,05-09-2026 16.57(6).wav,05-09-2026 16.57(6)_orig.wav,clean_original,SPK002/unknown/05-09-2026 16.57(6)_orig.wav
SPK002,unknown,05-09-2026 16.57(6).wav,05-09-2026 16.57(6)_aug_shift.wav,time_shift,SPK002/unknown/05-09-2026 16.57(6)_aug_shift.wav
SPK002,unknown,05-09-2026 16.57(6).wav,05-09-2026 16.57(6)_aug_noise.wav,noise,SPK002/unknown/05-09-2026 16.57(6)_aug_noise.wav
SPK002,unknown,05-09-2026 16.57(6).wav,05-09-2026 16.57(6)_aug_gain.wav,gain,SPK002/unknown/05-09-2026 16.57(6)_aug_gain.wav
SPK002,unknown,05-09-2026 16.57(6).wav,05-09-2026 16.57(6)_aug_comp.wav,composite,SPK002/unknown/05-09-2026 16.57(6)_aug_comp.wav
SPK002,unknown,05-09-2026 16.57.wav,05-09-2026 16.57_orig.wav,clean_original,SPK002/unknown/05-09-2026 16.57_orig.wav
SPK002,unknown,05-09-2026 16.57.wav,05-09-2026 16.57_aug_shift.wav,time_shift,SPK002/unknown/05-09-2026 16.57_aug_shift.wav
SPK002,unknown,05-09-2026 16.57.wav,05-09-2026 16.57_aug_noise.wav,noise,SPK002/unknown/05-09-2026 16.57_aug_noise.wav
SPK002,unknown,05-09-2026 16.57.wav,05-09-2026 16.57_aug_gain.wav,gain,SPK002/unknown/05-09-2026 16.57_aug_gain.wav
SPK002,unknown,05-09-2026 16.57.wav,05-09-2026 16.57_aug_comp.wav,composite,SPK002/unknown/05-09-2026 16.57_aug_comp.wav
SPK002,unknown,05-09-2026 16.58(2).wav,05-09-2026 16.58(2)_orig.wav,clean_original,SPK002/unknown/05-09-2026 16.58(2)_orig.wav
SPK002,unknown,05-09-2026 16.58(2).wav,05-09-2026 16.58(2)_aug_shift.wav,time_shift,SPK002/unknown/05-09-2026 16.58(2)_aug_shift.wav
SPK002,unknown,05-09-2026 16.58(2).wav,05-09-2026 16.58(2)_aug_noise.wav,noise,SPK002/unknown/05-09-2026 16.58(2)_aug_noise.wav
SPK002,unknown,05-09-2026 16.58(2).wav,05-09-2026 16.58(2)_aug_gain.wav,gain,SPK002/unknown/05-09-2026 16.58(2)_aug_gain.wav
SPK002,unknown,05-09-2026 16.58(2).wav,05-09-2026 16.58(2)_aug_comp.wav,composite,SPK002/unknown/05-09-2026 16.58(2)_aug_comp.wav
SPK002,unknown,05-09-2026 16.58(3).wav,05-09-2026 16.58(3)_orig.wav,clean_original,SPK002/unknown/05-09-2026 16.58(3)_orig.wav
SPK002,unknown,05-09-2026 16.58(3).wav,05-09-2026 16.58(3)_aug_shift.wav,time_shift,SPK002/unknown/05-09-2026 16.58(3)_aug_shift.wav
SPK002,unknown,05-09-2026 16.58(3).wav,05-09-2026 16.58(3)_aug_noise.wav,noise,SPK002/unknown/05-09-2026 16.58(3)_aug_noise.wav
SPK002,unknown,05-09-2026 16.58(3).wav,05-09-2026 16.58(3)_aug_gain.wav,gain,SPK002/unknown/05-09-2026 16.58(3)_aug_gain.wav
SPK002,unknown,05-09-2026 16.58(3).wav,05-09-2026 16.58(3)_aug_comp.wav,composite,SPK002/unknown/05-09-2026 16.58(3)_aug_comp.wav
SPK002,unknown,05-09-2026 16.58(4).wav,05-09-2026 16.58(4)_orig.wav,clean_original,SPK002/unknown/05-09-2026 16.58(4)_orig.wav
SPK002,unknown,05-09-2026 16.58(4).wav,05-09-2026 16.58(4)_aug_shift.wav,time_shift,SPK002/unknown/05-09-2026 16.58(4)_aug_shift.wav
SPK002,unknown,05-09-2026 16.58(4).wav,05-09-2026 16.58(4)_aug_noise.wav,noise,SPK002/unknown/05-09-2026 16.58(4)_aug_noise.wav
SPK002,unknown,05-09-2026 16.58(4).wav,05-09-2026 16.58(4)_aug_gain.wav,gain,SPK002/unknown/05-09-2026 16.58(4)_aug_gain.wav
SPK002,unknown,05-09-2026 16.58(4).wav,05-09-2026 16.58(4)_aug_comp.wav,composite,SPK002/unknown/05-09-2026 16.58(4)_aug_comp.wav
SPK002,unknown,05-09-2026 16.58.wav,05-09-2026 16.58_orig.wav,clean_original,SPK002/unknown/05-09-2026 16.58_orig.wav
SPK002,unknown,05-09-2026 16.58.wav,05-09-2026 16.58_aug_shift.wav,time_shift,SPK002/unknown/05-09-2026 16.58_aug_shift.wav
SPK002,unknown,05-09-2026 16.58.wav,05-09-2026 16.58_aug_noise.wav,noise,SPK002/unknown/05-09-2026 16.58_aug_noise.wav
SPK002,unknown,05-09-2026 16.58.wav,05-09-2026 16.58_aug_gain.wav,gain,SPK002/unknown/05-09-2026 16.58_aug_gain.wav
SPK002,unknown,05-09-2026 16.58.wav,05-09-2026 16.58_aug_comp.wav,composite,SPK002/unknown/05-09-2026 16.58_aug_comp.wav
SPK002,unknown,05-09-2026 16.59(2).wav,05-09-2026 16.59(2)_orig.wav,clean_original,SPK002/unknown/05-09-2026 16.59(2)_orig.wav
SPK002,unknown,05-09-2026 16.59(2).wav,05-09-2026 16.59(2)_aug_shift.wav,time_shift,SPK002/unknown/05-09-2026 16.59(2)_aug_shift.wav
SPK002,unknown,05-09-2026 16.59(2).wav,05-09-2026 16.59(2)_aug_noise.wav,noise,SPK002/unknown/05-09-2026 16.59(2)_aug_noise.wav
SPK002,unknown,05-09-2026 16.59(2).wav,05-09-2026 16.59(2)_aug_gain.wav,gain,SPK002/unknown/05-09-2026 16.59(2)_aug_gain.wav
SPK002,unknown,05-09-2026 16.59(2).wav,05-09-2026 16.59(2)_aug_comp.wav,composite,SPK002/unknown/05-09-2026 16.59(2)_aug_comp.wav
SPK002,unknown,05-09-2026 16.59(3).wav,05-09-2026 16.59(3)_orig.wav,clean_original,SPK002/unknown/05-09-2026 16.59(3)_orig.wav
SPK002,unknown,05-09-2026 16.59(3).wav,05-09-2026 16.59(3)_aug_shift.wav,time_shift,SPK002/unknown/05-09-2026 16.59(3)_aug_shift.wav
SPK002,unknown,05-09-2026 16.59(3).wav,05-09-2026 16.59(3)_aug_noise.wav,noise,SPK002/unknown/05-09-2026 16.59(3)_aug_noise.wav
SPK002,unknown,05-09-2026 16.59(3).wav,05-09-2026 16.59(3)_aug_gain.wav,gain,SPK002/unknown/05-09-2026 16.59(3)_aug_gain.wav
SPK002,unknown,05-09-2026 16.59(3).wav,05-09-2026 16.59(3)_aug_comp.wav,composite,SPK002/unknown/05-09-2026 16.59(3)_aug_comp.wav
SPK002,unknown,05-09-2026 16.59.wav,05-09-2026 16.59_orig.wav,clean_original,SPK002/unknown/05-09-2026 16.59_orig.wav
SPK002,unknown,05-09-2026 16.59.wav,05-09-2026 16.59_aug_shift.wav,time_shift,SPK002/unknown/05-09-2026 16.59_aug_shift.wav
SPK002,unknown,05-09-2026 16.59.wav,05-09-2026 16.59_aug_noise.wav,noise,SPK002/unknown/05-09-2026 16.59_aug_noise.wav
SPK002,unknown,05-09-2026 16.59.wav,05-09-2026 16.59_aug_gain.wav,gain,SPK002/unknown/05-09-2026 16.59_aug_gain.wav
SPK002,unknown,05-09-2026 16.59.wav,05-09-2026 16.59_aug_comp.wav,composite,SPK002/unknown/05-09-2026 16.59_aug_comp.wav
SPK002,unknown,05-09-2026 17.00(10).wav,05-09-2026 17.00(10)_orig.wav,clean_original,SPK002/unknown/05-09-2026 17.00(10)_orig.wav
SPK002,unknown,05-09-2026 17.00(10).wav,05-09-2026 17.00(10)_aug_shift.wav,time_shift,SPK002/unknown/05-09-2026 17.00(10)_aug_shift.wav
SPK002,unknown,05-09-2026 17.00(10).wav,05-09-2026 17.00(10)_aug_noise.wav,noise,SPK002/unknown/05-09-2026 17.00(10)_aug_noise.wav
SPK002,unknown,05-09-2026 17.00(10).wav,05-09-2026 17.00(10)_aug_gain.wav,gain,SPK002/unknown/05-09-2026 17.00(10)_aug_gain.wav
SPK002,unknown,05-09-2026 17.00(10).wav,05-09-2026 17.00(10)_aug_comp.wav,composite,SPK002/unknown/05-09-2026 17.00(10)_aug_comp.wav
SPK002,unknown,05-09-2026 17.00(2).wav,05-09-2026 17.00(2)_orig.wav,clean_original,SPK002/unknown/05-09-2026 17.00(2)_orig.wav
SPK002,unknown,05-09-2026 17.00(2).wav,05-09-2026 17.00(2)_aug_shift.wav,time_shift,SPK002/unknown/05-09-2026 17.00(2)_aug_shift.wav
SPK002,unknown,05-09-2026 17.00(2).wav,05-09-2026 17.00(2)_aug_noise.wav,noise,SPK002/unknown/05-09-2026 17.00(2)_aug_noise.wav
SPK002,unknown,05-09-2026 17.00(2).wav,05-09-2026 17.00(2)_aug_gain.wav,gain,SPK002/unknown/05-09-2026 17.00(2)_aug_gain.wav
SPK002,unknown,05-09-2026 17.00(2).wav,05-09-2026 17.00(2)_aug_comp.wav,composite,SPK002/unknown/05-09-2026 17.00(2)_aug_comp.wav
SPK002,unknown,05-09-2026 17.00(3).wav,05-09-2026 17.00(3)_orig.wav,clean_original,SPK002/unknown/05-09-2026 17.00(3)_orig.wav
SPK002,unknown,05-09-2026 17.00(3).wav,05-09-2026 17.00(3)_aug_shift.wav,time_shift,SPK002/unknown/05-09-2026 17.00(3)_aug_shift.wav
SPK002,unknown,05-09-2026 17.00(3).wav,05-09-2026 17.00(3)_aug_noise.wav,noise,SPK002/unknown/05-09-2026 17.00(3)_aug_noise.wav
SPK002,unknown,05-09-2026 17.00(3).wav,05-09-2026 17.00(3)_aug_gain.wav,gain,SPK002/unknown/05-09-2026 17.00(3)_aug_gain.wav
SPK002,unknown,05-09-2026 17.00(3).wav,05-09-2026 17.00(3)_aug_comp.wav,composite,SPK002/unknown/05-09-2026 17.00(3)_aug_comp.wav
SPK002,unknown,05-09-2026 17.00(4).wav,05-09-2026 17.00(4)_orig.wav,clean_original,SPK002/unknown/05-09-2026 17.00(4)_orig.wav
SPK002,unknown,05-09-2026 17.00(4).wav,05-09-2026 17.00(4)_aug_shift.wav,time_shift,SPK002/unknown/05-09-2026 17.00(4)_aug_shift.wav
SPK002,unknown,05-09-2026 17.00(4).wav,05-09-2026 17.00(4)_aug_noise.wav,noise,SPK002/unknown/05-09-2026 17.00(4)_aug_noise.wav
SPK002,unknown,05-09-2026 17.00(4).wav,05-09-2026 17.00(4)_aug_gain.wav,gain,SPK002/unknown/05-09-2026 17.00(4)_aug_gain.wav
SPK002,unknown,05-09-2026 17.00(4).wav,05-09-2026 17.00(4)_aug_comp.wav,composite,SPK002/unknown/05-09-2026 17.00(4)_aug_comp.wav
SPK002,unknown,05-09-2026 17.00(5).wav,05-09-2026 17.00(5)_orig.wav,clean_original,SPK002/unknown/05-09-2026 17.00(5)_orig.wav
SPK002,unknown,05-09-2026 17.00(5).wav,05-09-2026 17.00(5)_aug_shift.wav,time_shift,SPK002/unknown/05-09-2026 17.00(5)_aug_shift.wav
SPK002,unknown,05-09-2026 17.00(5).wav,05-09-2026 17.00(5)_aug_noise.wav,noise,SPK002/unknown/05-09-2026 17.00(5)_aug_noise.wav
SPK002,unknown,05-09-2026 17.00(5).wav,05-09-2026 17.00(5)_aug_gain.wav,gain,SPK002/unknown/05-09-2026 17.00(5)_aug_gain.wav
SPK002,unknown,05-09-2026 17.00(5).wav,05-09-2026 17.00(5)_aug_comp.wav,composite,SPK002/unknown/05-09-2026 17.00(5)_aug_comp.wav
SPK002,unknown,05-09-2026 17.00(6).wav,05-09-2026 17.00(6)_orig.wav,clean_original,SPK002/unknown/05-09-2026 17.00(6)_orig.wav
SPK002,unknown,05-09-2026 17.00(6).wav,05-09-2026 17.00(6)_aug_shift.wav,time_shift,SPK002/unknown/05-09-2026 17.00(6)_aug_shift.wav
SPK002,unknown,05-09-2026 17.00(6).wav,05-09-2026 17.00(6)_aug_noise.wav,noise,SPK002/unknown/05-09-2026 17.00(6)_aug_noise.wav
SPK002,unknown,05-09-2026 17.00(6).wav,05-09-2026 17.00(6)_aug_gain.wav,gain,SPK002/unknown/05-09-2026 17.00(6)_aug_gain.wav
SPK002,unknown,05-09-2026 17.00(6).wav,05-09-2026 17.00(6)_aug_comp.wav,composite,SPK002/unknown/05-09-2026 17.00(6)_aug_comp.wav
SPK002,unknown,05-09-2026 17.00(7).wav,05-09-2026 17.00(7)_orig.wav,clean_original,SPK002/unknown/05-09-2026 17.00(7)_orig.wav
SPK002,unknown,05-09-2026 17.00(7).wav,05-09-2026 17.00(7)_aug_shift.wav,time_shift,SPK002/unknown/05-09-2026 17.00(7)_aug_shift.wav
SPK002,unknown,05-09-2026 17.00(7).wav,05-09-2026 17.00(7)_aug_noise.wav,noise,SPK002/unknown/05-09-2026 17.00(7)_aug_noise.wav
SPK002,unknown,05-09-2026 17.00(7).wav,05-09-2026 17.00(7)_aug_gain.wav,gain,SPK002/unknown/05-09-2026 17.00(7)_aug_gain.wav
SPK002,unknown,05-09-2026 17.00(7).wav,05-09-2026 17.00(7)_aug_comp.wav,composite,SPK002/unknown/05-09-2026 17.00(7)_aug_comp.wav
SPK002,unknown,05-09-2026 17.00(8).wav,05-09-2026 17.00(8)_orig.wav,clean_original,SPK002/unknown/05-09-2026 17.00(8)_orig.wav
SPK002,unknown,05-09-2026 17.00(8).wav,05-09-2026 17.00(8)_aug_shift.wav,time_shift,SPK002/unknown/05-09-2026 17.00(8)_aug_shift.wav
SPK002,unknown,05-09-2026 17.00(8).wav,05-09-2026 17.00(8)_aug_noise.wav,noise,SPK002/unknown/05-09-2026 17.00(8)_aug_noise.wav
SPK002,unknown,05-09-2026 17.00(8).wav,05-09-2026 17.00(8)_aug_gain.wav,gain,SPK002/unknown/05-09-2026 17.00(8)_aug_gain.wav
SPK002,unknown,05-09-2026 17.00(8).wav,05-09-2026 17.00(8)_aug_comp.wav,composite,SPK002/unknown/05-09-2026 17.00(8)_aug_comp.wav
SPK002,unknown,05-09-2026 17.00(9).wav,05-09-2026 17.00(9)_orig.wav,clean_original,SPK002/unknown/05-09-2026 17.00(9)_orig.wav
SPK002,unknown,05-09-2026 17.00(9).wav,05-09-2026 17.00(9)_aug_shift.wav,time_shift,SPK002/unknown/05-09-2026 17.00(9)_aug_shift.wav
SPK002,unknown,05-09-2026 17.00(9).wav,05-09-2026 17.00(9)_aug_noise.wav,noise,SPK002/unknown/05-09-2026 17.00(9)_aug_noise.wav
SPK002,unknown,05-09-2026 17.00(9).wav,05-09-2026 17.00(9)_aug_gain.wav,gain,SPK002/unknown/05-09-2026 17.00(9)_aug_gain.wav
SPK002,unknown,05-09-2026 17.00(9).wav,05-09-2026 17.00(9)_aug_comp.wav,composite,SPK002/unknown/05-09-2026 17.00(9)_aug_comp.wav
SPK002,unknown,05-09-2026 17.00.wav,05-09-2026 17.00_orig.wav,clean_original,SPK002/unknown/05-09-2026 17.00_orig.wav
SPK002,unknown,05-09-2026 17.00.wav,05-09-2026 17.00_aug_shift.wav,time_shift,SPK002/unknown/05-09-2026 17.00_aug_shift.wav
SPK002,unknown,05-09-2026 17.00.wav,05-09-2026 17.00_aug_noise.wav,noise,SPK002/unknown/05-09-2026 17.00_aug_noise.wav
SPK002,unknown,05-09-2026 17.00.wav,05-09-2026 17.00_aug_gain.wav,gain,SPK002/unknown/05-09-2026 17.00_aug_gain.wav
SPK002,unknown,05-09-2026 17.00.wav,05-09-2026 17.00_aug_comp.wav,composite,SPK002/unknown/05-09-2026 17.00_aug_comp.wav
SPK002,unknown,05-09-2026 17.01(2).wav,05-09-2026 17.01(2)_orig.wav,clean_original,SPK002/unknown/05-09-2026 17.01(2)_orig.wav
SPK002,unknown,05-09-2026 17.01(2).wav,05-09-2026 17.01(2)_aug_shift.wav,time_shift,SPK002/unknown/05-09-2026 17.01(2)_aug_shift.wav
SPK002,unknown,05-09-2026 17.01(2).wav,05-09-2026 17.01(2)_aug_noise.wav,noise,SPK002/unknown/05-09-2026 17.01(2)_aug_noise.wav
SPK002,unknown,05-09-2026 17.01(2).wav,05-09-2026 17.01(2)_aug_gain.wav,gain,SPK002/unknown/05-09-2026 17.01(2)_aug_gain.wav
SPK002,unknown,05-09-2026 17.01(2).wav,05-09-2026 17.01(2)_aug_comp.wav,composite,SPK002/unknown/05-09-2026 17.01(2)_aug_comp.wav
SPK002,unknown,05-09-2026 17.01(3).wav,05-09-2026 17.01(3)_orig.wav,clean_original,SPK002/unknown/05-09-2026 17.01(3)_orig.wav
SPK002,unknown,05-09-2026 17.01(3).wav,05-09-2026 17.01(3)_aug_shift.wav,time_shift,SPK002/unknown/05-09-2026 17.01(3)_aug_shift.wav
SPK002,unknown,05-09-2026 17.01(3).wav,05-09-2026 17.01(3)_aug_noise.wav,noise,SPK002/unknown/05-09-2026 17.01(3)_aug_noise.wav
SPK002,unknown,05-09-2026 17.01(3).wav,05-09-2026 17.01(3)_aug_gain.wav,gain,SPK002/unknown/05-09-2026 17.01(3)_aug_gain.wav
SPK002,unknown,05-09-2026 17.01(3).wav,05-09-2026 17.01(3)_aug_comp.wav,composite,SPK002/unknown/05-09-2026 17.01(3)_aug_comp.wav
SPK002,unknown,05-09-2026 17.01(4).wav,05-09-2026 17.01(4)_orig.wav,clean_original,SPK002/unknown/05-09-2026 17.01(4)_orig.wav
SPK002,unknown,05-09-2026 17.01(4).wav,05-09-2026 17.01(4)_aug_shift.wav,time_shift,SPK002/unknown/05-09-2026 17.01(4)_aug_shift.wav
SPK002,unknown,05-09-2026 17.01(4).wav,05-09-2026 17.01(4)_aug_noise.wav,noise,SPK002/unknown/05-09-2026 17.01(4)_aug_noise.wav
SPK002,unknown,05-09-2026 17.01(4).wav,05-09-2026 17.01(4)_aug_gain.wav,gain,SPK002/unknown/05-09-2026 17.01(4)_aug_gain.wav
SPK002,unknown,05-09-2026 17.01(4).wav,05-09-2026 17.01(4)_aug_comp.wav,composite,SPK002/unknown/05-09-2026 17.01(4)_aug_comp.wav
SPK002,unknown,05-09-2026 17.01(5).wav,05-09-2026 17.01(5)_orig.wav,clean_original,SPK002/unknown/05-09-2026 17.01(5)_orig.wav
SPK002,unknown,05-09-2026 17.01(5).wav,05-09-2026 17.01(5)_aug_shift.wav,time_shift,SPK002/unknown/05-09-2026 17.01(5)_aug_shift.wav
SPK002,unknown,05-09-2026 17.01(5).wav,05-09-2026 17.01(5)_aug_noise.wav,noise,SPK002/unknown/05-09-2026 17.01(5)_aug_noise.wav
SPK002,unknown,05-09-2026 17.01(5).wav,05-09-2026 17.01(5)_aug_gain.wav,gain,SPK002/unknown/05-09-2026 17.01(5)_aug_gain.wav
SPK002,unknown,05-09-2026 17.01(5).wav,05-09-2026 17.01(5)_aug_comp.wav,composite,SPK002/unknown/05-09-2026 17.01(5)_aug_comp.wav
SPK002,unknown,05-09-2026 17.01(6).wav,05-09-2026 17.01(6)_orig.wav,clean_original,SPK002/unknown/05-09-2026 17.01(6)_orig.wav
SPK002,unknown,05-09-2026 17.01(6).wav,05-09-2026 17.01(6)_aug_shift.wav,time_shift,SPK002/unknown/05-09-2026 17.01(6)_aug_shift.wav
SPK002,unknown,05-09-2026 17.01(6).wav,05-09-2026 17.01(6)_aug_noise.wav,noise,SPK002/unknown/05-09-2026 17.01(6)_aug_noise.wav
SPK002,unknown,05-09-2026 17.01(6).wav,05-09-2026 17.01(6)_aug_gain.wav,gain,SPK002/unknown/05-09-2026 17.01(6)_aug_gain.wav
SPK002,unknown,05-09-2026 17.01(6).wav,05-09-2026 17.01(6)_aug_comp.wav,composite,SPK002/unknown/05-09-2026 17.01(6)_aug_comp.wav
SPK002,unknown,05-09-2026 17.01.wav,05-09-2026 17.01_orig.wav,clean_original,SPK002/unknown/05-09-2026 17.01_orig.wav
SPK002,unknown,05-09-2026 17.01.wav,05-09-2026 17.01_aug_shift.wav,time_shift,SPK002/unknown/05-09-2026 17.01_aug_shift.wav
SPK002,unknown,05-09-2026 17.01.wav,05-09-2026 17.01_aug_noise.wav,noise,SPK002/unknown/05-09-2026 17.01_aug_noise.wav
SPK002,unknown,05-09-2026 17.01.wav,05-09-2026 17.01_aug_gain.wav,gain,SPK002/unknown/05-09-2026 17.01_aug_gain.wav
SPK002,unknown,05-09-2026 17.01.wav,05-09-2026 17.01_aug_comp.wav,composite,SPK002/unknown/05-09-2026 17.01_aug_comp.wav
SPK002,unknown,05-09-2026 17.02(2).wav,05-09-2026 17.02(2)_orig.wav,clean_original,SPK002/unknown/05-09-2026 17.02(2)_orig.wav
SPK002,unknown,05-09-2026 17.02(2).wav,05-09-2026 17.02(2)_aug_shift.wav,time_shift,SPK002/unknown/05-09-2026 17.02(2)_aug_shift.wav
SPK002,unknown,05-09-2026 17.02(2).wav,05-09-2026 17.02(2)_aug_noise.wav,noise,SPK002/unknown/05-09-2026 17.02(2)_aug_noise.wav
SPK002,unknown,05-09-2026 17.02(2).wav,05-09-2026 17.02(2)_aug_gain.wav,gain,SPK002/unknown/05-09-2026 17.02(2)_aug_gain.wav
SPK002,unknown,05-09-2026 17.02(2).wav,05-09-2026 17.02(2)_aug_comp.wav,composite,SPK002/unknown/05-09-2026 17.02(2)_aug_comp.wav
SPK002,unknown,05-09-2026 17.02(3).wav,05-09-2026 17.02(3)_orig.wav,clean_original,SPK002/unknown/05-09-2026 17.02(3)_orig.wav
SPK002,unknown,05-09-2026 17.02(3).wav,05-09-2026 17.02(3)_aug_shift.wav,time_shift,SPK002/unknown/05-09-2026 17.02(3)_aug_shift.wav
SPK002,unknown,05-09-2026 17.02(3).wav,05-09-2026 17.02(3)_aug_noise.wav,noise,SPK002/unknown/05-09-2026 17.02(3)_aug_noise.wav
SPK002,unknown,05-09-2026 17.02(3).wav,05-09-2026 17.02(3)_aug_gain.wav,gain,SPK002/unknown/05-09-2026 17.02(3)_aug_gain.wav
SPK002,unknown,05-09-2026 17.02(3).wav,05-09-2026 17.02(3)_aug_comp.wav,composite,SPK002/unknown/05-09-2026 17.02(3)_aug_comp.wav
SPK002,unknown,05-09-2026 17.02(4).wav,05-09-2026 17.02(4)_orig.wav,clean_original,SPK002/unknown/05-09-2026 17.02(4)_orig.wav
SPK002,unknown,05-09-2026 17.02(4).wav,05-09-2026 17.02(4)_aug_shift.wav,time_shift,SPK002/unknown/05-09-2026 17.02(4)_aug_shift.wav
SPK002,unknown,05-09-2026 17.02(4).wav,05-09-2026 17.02(4)_aug_noise.wav,noise,SPK002/unknown/05-09-2026 17.02(4)_aug_noise.wav
SPK002,unknown,05-09-2026 17.02(4).wav,05-09-2026 17.02(4)_aug_gain.wav,gain,SPK002/unknown/05-09-2026 17.02(4)_aug_gain.wav
SPK002,unknown,05-09-2026 17.02(4).wav,05-09-2026 17.02(4)_aug_comp.wav,composite,SPK002/unknown/05-09-2026 17.02(4)_aug_comp.wav
SPK002,unknown,05-09-2026 17.02(5).wav,05-09-2026 17.02(5)_orig.wav,clean_original,SPK002/unknown/05-09-2026 17.02(5)_orig.wav
SPK002,unknown,05-09-2026 17.02(5).wav,05-09-2026 17.02(5)_aug_shift.wav,time_shift,SPK002/unknown/05-09-2026 17.02(5)_aug_shift.wav
SPK002,unknown,05-09-2026 17.02(5).wav,05-09-2026 17.02(5)_aug_noise.wav,noise,SPK002/unknown/05-09-2026 17.02(5)_aug_noise.wav
SPK002,unknown,05-09-2026 17.02(5).wav,05-09-2026 17.02(5)_aug_gain.wav,gain,SPK002/unknown/05-09-2026 17.02(5)_aug_gain.wav
SPK002,unknown,05-09-2026 17.02(5).wav,05-09-2026 17.02(5)_aug_comp.wav,composite,SPK002/unknown/05-09-2026 17.02(5)_aug_comp.wav
SPK002,unknown,05-09-2026 17.02(6).wav,05-09-2026 17.02(6)_orig.wav,clean_original,SPK002/unknown/05-09-2026 17.02(6)_orig.wav
SPK002,unknown,05-09-2026 17.02(6).wav,05-09-2026 17.02(6)_aug_shift.wav,time_shift,SPK002/unknown/05-09-2026 17.02(6)_aug_shift.wav
SPK002,unknown,05-09-2026 17.02(6).wav,05-09-2026 17.02(6)_aug_noise.wav,noise,SPK002/unknown/05-09-2026 17.02(6)_aug_noise.wav
SPK002,unknown,05-09-2026 17.02(6).wav,05-09-2026 17.02(6)_aug_gain.wav,gain,SPK002/unknown/05-09-2026 17.02(6)_aug_gain.wav
SPK002,unknown,05-09-2026 17.02(6).wav,05-09-2026 17.02(6)_aug_comp.wav,composite,SPK002/unknown/05-09-2026 17.02(6)_aug_comp.wav
SPK002,unknown,05-09-2026 17.02(7).wav,05-09-2026 17.02(7)_orig.wav,clean_original,SPK002/unknown/05-09-2026 17.02(7)_orig.wav
SPK002,unknown,05-09-2026 17.02(7).wav,05-09-2026 17.02(7)_aug_shift.wav,time_shift,SPK002/unknown/05-09-2026 17.02(7)_aug_shift.wav
SPK002,unknown,05-09-2026 17.02(7).wav,05-09-2026 17.02(7)_aug_noise.wav,noise,SPK002/unknown/05-09-2026 17.02(7)_aug_noise.wav
SPK002,unknown,05-09-2026 17.02(7).wav,05-09-2026 17.02(7)_aug_gain.wav,gain,SPK002/unknown/05-09-2026 17.02(7)_aug_gain.wav
SPK002,unknown,05-09-2026 17.02(7).wav,05-09-2026 17.02(7)_aug_comp.wav,composite,SPK002/unknown/05-09-2026 17.02(7)_aug_comp.wav
SPK002,unknown,05-09-2026 17.02(8).wav,05-09-2026 17.02(8)_orig.wav,clean_original,SPK002/unknown/05-09-2026 17.02(8)_orig.wav
SPK002,unknown,05-09-2026 17.02(8).wav,05-09-2026 17.02(8)_aug_shift.wav,time_shift,SPK002/unknown/05-09-2026 17.02(8)_aug_shift.wav
SPK002,unknown,05-09-2026 17.02(8).wav,05-09-2026 17.02(8)_aug_noise.wav,noise,SPK002/unknown/05-09-2026 17.02(8)_aug_noise.wav
SPK002,unknown,05-09-2026 17.02(8).wav,05-09-2026 17.02(8)_aug_gain.wav,gain,SPK002/unknown/05-09-2026 17.02(8)_aug_gain.wav
SPK002,unknown,05-09-2026 17.02(8).wav,05-09-2026 17.02(8)_aug_comp.wav,composite,SPK002/unknown/05-09-2026 17.02(8)_aug_comp.wav
SPK002,unknown,05-09-2026 17.02.wav,05-09-2026 17.02_orig.wav,clean_original,SPK002/unknown/05-09-2026 17.02_orig.wav
SPK002,unknown,05-09-2026 17.02.wav,05-09-2026 17.02_aug_shift.wav,time_shift,SPK002/unknown/05-09-2026 17.02_aug_shift.wav
SPK002,unknown,05-09-2026 17.02.wav,05-09-2026 17.02_aug_noise.wav,noise,SPK002/unknown/05-09-2026 17.02_aug_noise.wav
SPK002,unknown,05-09-2026 17.02.wav,05-09-2026 17.02_aug_gain.wav,gain,SPK002/unknown/05-09-2026 17.02_aug_gain.wav
SPK002,unknown,05-09-2026 17.02.wav,05-09-2026 17.02_aug_comp.wav,composite,SPK002/unknown/05-09-2026 17.02_aug_comp.wav
SPK002,unknown,05-09-2026 17.03.wav,05-09-2026 17.03_orig.wav,clean_original,SPK002/unknown/05-09-2026 17.03_orig.wav
SPK002,unknown,05-09-2026 17.03.wav,05-09-2026 17.03_aug_shift.wav,time_shift,SPK002/unknown/05-09-2026 17.03_aug_shift.wav
SPK002,unknown,05-09-2026 17.03.wav,05-09-2026 17.03_aug_noise.wav,noise,SPK002/unknown/05-09-2026 17.03_aug_noise.wav
SPK002,unknown,05-09-2026 17.03.wav,05-09-2026 17.03_aug_gain.wav,gain,SPK002/unknown/05-09-2026 17.03_aug_gain.wav
SPK002,unknown,05-09-2026 17.03.wav,05-09-2026 17.03_aug_comp.wav,composite,SPK002/unknown/05-09-2026 17.03_aug_comp.wav
SPK002,unknown,07-09-2026 15.42(2).wav,07-09-2026 15.42(2)_orig.wav,clean_original,SPK002/unknown/07-09-2026 15.42(2)_orig.wav
SPK002,unknown,07-09-2026 15.42(2).wav,07-09-2026 15.42(2)_aug_shift.wav,time_shift,SPK002/unknown/07-09-2026 15.42(2)_aug_shift.wav
SPK002,unknown,07-09-2026 15.42(2).wav,07-09-2026 15.42(2)_aug_noise.wav,noise,SPK002/unknown/07-09-2026 15.42(2)_aug_noise.wav
SPK002,unknown,07-09-2026 15.42(2).wav,07-09-2026 15.42(2)_aug_gain.wav,gain,SPK002/unknown/07-09-2026 15.42(2)_aug_gain.wav
SPK002,unknown,07-09-2026 15.42(2).wav,07-09-2026 15.42(2)_aug_comp.wav,composite,SPK002/unknown/07-09-2026 15.42(2)_aug_comp.wav
SPK002,unknown,07-09-2026 15.42(3).wav,07-09-2026 15.42(3)_orig.wav,clean_original,SPK002/unknown/07-09-2026 15.42(3)_orig.wav
SPK002,unknown,07-09-2026 15.42(3).wav,07-09-2026 15.42(3)_aug_shift.wav,time_shift,SPK002/unknown/07-09-2026 15.42(3)_aug_shift.wav
SPK002,unknown,07-09-2026 15.42(3).wav,07-09-2026 15.42(3)_aug_noise.wav,noise,SPK002/unknown/07-09-2026 15.42(3)_aug_noise.wav
SPK002,unknown,07-09-2026 15.42(3).wav,07-09-2026 15.42(3)_aug_gain.wav,gain,SPK002/unknown/07-09-2026 15.42(3)_aug_gain.wav
SPK002,unknown,07-09-2026 15.42(3).wav,07-09-2026 15.42(3)_aug_comp.wav,composite,SPK002/unknown/07-09-2026 15.42(3)_aug_comp.wav
SPK002,unknown,07-09-2026 15.42(4).wav,07-09-2026 15.42(4)_orig.wav,clean_original,SPK002/unknown/07-09-2026 15.42(4)_orig.wav
SPK002,unknown,07-09-2026 15.42(4).wav,07-09-2026 15.42(4)_aug_shift.wav,time_shift,SPK002/unknown/07-09-2026 15.42(4)_aug_shift.wav
SPK002,unknown,07-09-2026 15.42(4).wav,07-09-2026 15.42(4)_aug_noise.wav,noise,SPK002/unknown/07-09-2026 15.42(4)_aug_noise.wav
SPK002,unknown,07-09-2026 15.42(4).wav,07-09-2026 15.42(4)_aug_gain.wav,gain,SPK002/unknown/07-09-2026 15.42(4)_aug_gain.wav
SPK002,unknown,07-09-2026 15.42(4).wav,07-09-2026 15.42(4)_aug_comp.wav,composite,SPK002/unknown/07-09-2026 15.42(4)_aug_comp.wav
SPK002,unknown,07-09-2026 15.42.wav,07-09-2026 15.42_orig.wav,clean_original,SPK002/unknown/07-09-2026 15.42_orig.wav
SPK002,unknown,07-09-2026 15.42.wav,07-09-2026 15.42_aug_shift.wav,time_shift,SPK002/unknown/07-09-2026 15.42_aug_shift.wav
SPK002,unknown,07-09-2026 15.42.wav,07-09-2026 15.42_aug_noise.wav,noise,SPK002/unknown/07-09-2026 15.42_aug_noise.wav
SPK002,unknown,07-09-2026 15.42.wav,07-09-2026 15.42_aug_gain.wav,gain,SPK002/unknown/07-09-2026 15.42_aug_gain.wav
SPK002,unknown,07-09-2026 15.42.wav,07-09-2026 15.42_aug_comp.wav,composite,SPK002/unknown/07-09-2026 15.42_aug_comp.wav
SPK002,unknown,07-09-2026 15.43(2).wav,07-09-2026 15.43(2)_orig.wav,clean_original,SPK002/unknown/07-09-2026 15.43(2)_orig.wav
SPK002,unknown,07-09-2026 15.43(2).wav,07-09-2026 15.43(2)_aug_shift.wav,time_shift,SPK002/unknown/07-09-2026 15.43(2)_aug_shift.wav
SPK002,unknown,07-09-2026 15.43(2).wav,07-09-2026 15.43(2)_aug_noise.wav,noise,SPK002/unknown/07-09-2026 15.43(2)_aug_noise.wav
SPK002,unknown,07-09-2026 15.43(2).wav,07-09-2026 15.43(2)_aug_gain.wav,gain,SPK002/unknown/07-09-2026 15.43(2)_aug_gain.wav
SPK002,unknown,07-09-2026 15.43(2).wav,07-09-2026 15.43(2)_aug_comp.wav,composite,SPK002/unknown/07-09-2026 15.43(2)_aug_comp.wav
SPK002,unknown,07-09-2026 15.43(3).wav,07-09-2026 15.43(3)_orig.wav,clean_original,SPK002/unknown/07-09-2026 15.43(3)_orig.wav
SPK002,unknown,07-09-2026 15.43(3).wav,07-09-2026 15.43(3)_aug_shift.wav,time_shift,SPK002/unknown/07-09-2026 15.43(3)_aug_shift.wav
SPK002,unknown,07-09-2026 15.43(3).wav,07-09-2026 15.43(3)_aug_noise.wav,noise,SPK002/unknown/07-09-2026 15.43(3)_aug_noise.wav
SPK002,unknown,07-09-2026 15.43(3).wav,07-09-2026 15.43(3)_aug_gain.wav,gain,SPK002/unknown/07-09-2026 15.43(3)_aug_gain.wav
SPK002,unknown,07-09-2026 15.43(3).wav,07-09-2026 15.43(3)_aug_comp.wav,composite,SPK002/unknown/07-09-2026 15.43(3)_aug_comp.wav
SPK002,unknown,07-09-2026 15.43(4).wav,07-09-2026 15.43(4)_orig.wav,clean_original,SPK002/unknown/07-09-2026 15.43(4)_orig.wav
SPK002,unknown,07-09-2026 15.43(4).wav,07-09-2026 15.43(4)_aug_shift.wav,time_shift,SPK002/unknown/07-09-2026 15.43(4)_aug_shift.wav
SPK002,unknown,07-09-2026 15.43(4).wav,07-09-2026 15.43(4)_aug_noise.wav,noise,SPK002/unknown/07-09-2026 15.43(4)_aug_noise.wav
SPK002,unknown,07-09-2026 15.43(4).wav,07-09-2026 15.43(4)_aug_gain.wav,gain,SPK002/unknown/07-09-2026 15.43(4)_aug_gain.wav
SPK002,unknown,07-09-2026 15.43(4).wav,07-09-2026 15.43(4)_aug_comp.wav,composite,SPK002/unknown/07-09-2026 15.43(4)_aug_comp.wav
SPK002,unknown,07-09-2026 15.43(5).wav,07-09-2026 15.43(5)_orig.wav,clean_original,SPK002/unknown/07-09-2026 15.43(5)_orig.wav
SPK002,unknown,07-09-2026 15.43(5).wav,07-09-2026 15.43(5)_aug_shift.wav,time_shift,SPK002/unknown/07-09-2026 15.43(5)_aug_shift.wav
SPK002,unknown,07-09-2026 15.43(5).wav,07-09-2026 15.43(5)_aug_noise.wav,noise,SPK002/unknown/07-09-2026 15.43(5)_aug_noise.wav
SPK002,unknown,07-09-2026 15.43(5).wav,07-09-2026 15.43(5)_aug_gain.wav,gain,SPK002/unknown/07-09-2026 15.43(5)_aug_gain.wav
SPK002,unknown,07-09-2026 15.43(5).wav,07-09-2026 15.43(5)_aug_comp.wav,composite,SPK002/unknown/07-09-2026 15.43(5)_aug_comp.wav
SPK002,unknown,07-09-2026 15.43(6).wav,07-09-2026 15.43(6)_orig.wav,clean_original,SPK002/unknown/07-09-2026 15.43(6)_orig.wav
SPK002,unknown,07-09-2026 15.43(6).wav,07-09-2026 15.43(6)_aug_shift.wav,time_shift,SPK002/unknown/07-09-2026 15.43(6)_aug_shift.wav
SPK002,unknown,07-09-2026 15.43(6).wav,07-09-2026 15.43(6)_aug_noise.wav,noise,SPK002/unknown/07-09-2026 15.43(6)_aug_noise.wav
SPK002,unknown,07-09-2026 15.43(6).wav,07-09-2026 15.43(6)_aug_gain.wav,gain,SPK002/unknown/07-09-2026 15.43(6)_aug_gain.wav
SPK002,unknown,07-09-2026 15.43(6).wav,07-09-2026 15.43(6)_aug_comp.wav,composite,SPK002/unknown/07-09-2026 15.43(6)_aug_comp.wav
SPK002,unknown,07-09-2026 15.43(7).wav,07-09-2026 15.43(7)_orig.wav,clean_original,SPK002/unknown/07-09-2026 15.43(7)_orig.wav
SPK002,unknown,07-09-2026 15.43(7).wav,07-09-2026 15.43(7)_aug_shift.wav,time_shift,SPK002/unknown/07-09-2026 15.43(7)_aug_shift.wav
SPK002,unknown,07-09-2026 15.43(7).wav,07-09-2026 15.43(7)_aug_noise.wav,noise,SPK002/unknown/07-09-2026 15.43(7)_aug_noise.wav
SPK002,unknown,07-09-2026 15.43(7).wav,07-09-2026 15.43(7)_aug_gain.wav,gain,SPK002/unknown/07-09-2026 15.43(7)_aug_gain.wav
SPK002,unknown,07-09-2026 15.43(7).wav,07-09-2026 15.43(7)_aug_comp.wav,composite,SPK002/unknown/07-09-2026 15.43(7)_aug_comp.wav
SPK002,unknown,07-09-2026 15.43.wav,07-09-2026 15.43_orig.wav,clean_original,SPK002/unknown/07-09-2026 15.43_orig.wav
SPK002,unknown,07-09-2026 15.43.wav,07-09-2026 15.43_aug_shift.wav,time_shift,SPK002/unknown/07-09-2026 15.43_aug_shift.wav
SPK002,unknown,07-09-2026 15.43.wav,07-09-2026 15.43_aug_noise.wav,noise,SPK002/unknown/07-09-2026 15.43_aug_noise.wav
SPK002,unknown,07-09-2026 15.43.wav,07-09-2026 15.43_aug_gain.wav,gain,SPK002/unknown/07-09-2026 15.43_aug_gain.wav
SPK002,unknown,07-09-2026 15.43.wav,07-09-2026 15.43_aug_comp.wav,composite,SPK002/unknown/07-09-2026 15.43_aug_comp.wav
SPK002,unknown,07-09-2026 15.44(2).wav,07-09-2026 15.44(2)_orig.wav,clean_original,SPK002/unknown/07-09-2026 15.44(2)_orig.wav
SPK002,unknown,07-09-2026 15.44(2).wav,07-09-2026 15.44(2)_aug_shift.wav,time_shift,SPK002/unknown/07-09-2026 15.44(2)_aug_shift.wav
SPK002,unknown,07-09-2026 15.44(2).wav,07-09-2026 15.44(2)_aug_noise.wav,noise,SPK002/unknown/07-09-2026 15.44(2)_aug_noise.wav
SPK002,unknown,07-09-2026 15.44(2).wav,07-09-2026 15.44(2)_aug_gain.wav,gain,SPK002/unknown/07-09-2026 15.44(2)_aug_gain.wav
SPK002,unknown,07-09-2026 15.44(2).wav,07-09-2026 15.44(2)_aug_comp.wav,composite,SPK002/unknown/07-09-2026 15.44(2)_aug_comp.wav
SPK002,unknown,07-09-2026 15.44(3).wav,07-09-2026 15.44(3)_orig.wav,clean_original,SPK002/unknown/07-09-2026 15.44(3)_orig.wav
SPK002,unknown,07-09-2026 15.44(3).wav,07-09-2026 15.44(3)_aug_shift.wav,time_shift,SPK002/unknown/07-09-2026 15.44(3)_aug_shift.wav
SPK002,unknown,07-09-2026 15.44(3).wav,07-09-2026 15.44(3)_aug_noise.wav,noise,SPK002/unknown/07-09-2026 15.44(3)_aug_noise.wav
SPK002,unknown,07-09-2026 15.44(3).wav,07-09-2026 15.44(3)_aug_gain.wav,gain,SPK002/unknown/07-09-2026 15.44(3)_aug_gain.wav
SPK002,unknown,07-09-2026 15.44(3).wav,07-09-2026 15.44(3)_aug_comp.wav,composite,SPK002/unknown/07-09-2026 15.44(3)_aug_comp.wav
SPK002,unknown,07-09-2026 15.44(4).wav,07-09-2026 15.44(4)_orig.wav,clean_original,SPK002/unknown/07-09-2026 15.44(4)_orig.wav
SPK002,unknown,07-09-2026 15.44(4).wav,07-09-2026 15.44(4)_aug_shift.wav,time_shift,SPK002/unknown/07-09-2026 15.44(4)_aug_shift.wav
SPK002,unknown,07-09-2026 15.44(4).wav,07-09-2026 15.44(4)_aug_noise.wav,noise,SPK002/unknown/07-09-2026 15.44(4)_aug_noise.wav
SPK002,unknown,07-09-2026 15.44(4).wav,07-09-2026 15.44(4)_aug_gain.wav,gain,SPK002/unknown/07-09-2026 15.44(4)_aug_gain.wav
SPK002,unknown,07-09-2026 15.44(4).wav,07-09-2026 15.44(4)_aug_comp.wav,composite,SPK002/unknown/07-09-2026 15.44(4)_aug_comp.wav
SPK002,unknown,07-09-2026 15.44(5).wav,07-09-2026 15.44(5)_orig.wav,clean_original,SPK002/unknown/07-09-2026 15.44(5)_orig.wav
SPK002,unknown,07-09-2026 15.44(5).wav,07-09-2026 15.44(5)_aug_shift.wav,time_shift,SPK002/unknown/07-09-2026 15.44(5)_aug_shift.wav
SPK002,unknown,07-09-2026 15.44(5).wav,07-09-2026 15.44(5)_aug_noise.wav,noise,SPK002/unknown/07-09-2026 15.44(5)_aug_noise.wav
SPK002,unknown,07-09-2026 15.44(5).wav,07-09-2026 15.44(5)_aug_gain.wav,gain,SPK002/unknown/07-09-2026 15.44(5)_aug_gain.wav
SPK002,unknown,07-09-2026 15.44(5).wav,07-09-2026 15.44(5)_aug_comp.wav,composite,SPK002/unknown/07-09-2026 15.44(5)_aug_comp.wav
SPK002,unknown,07-09-2026 15.44.wav,07-09-2026 15.44_orig.wav,clean_original,SPK002/unknown/07-09-2026 15.44_orig.wav
SPK002,unknown,07-09-2026 15.44.wav,07-09-2026 15.44_aug_shift.wav,time_shift,SPK002/unknown/07-09-2026 15.44_aug_shift.wav
SPK002,unknown,07-09-2026 15.44.wav,07-09-2026 15.44_aug_noise.wav,noise,SPK002/unknown/07-09-2026 15.44_aug_noise.wav
SPK002,unknown,07-09-2026 15.44.wav,07-09-2026 15.44_aug_gain.wav,gain,SPK002/unknown/07-09-2026 15.44_aug_gain.wav
SPK002,unknown,07-09-2026 15.44.wav,07-09-2026 15.44_aug_comp.wav,composite,SPK002/unknown/07-09-2026 15.44_aug_comp.wav
SPK002,unknown,07-09-2026 15.45(2).wav,07-09-2026 15.45(2)_orig.wav,clean_original,SPK002/unknown/07-09-2026 15.45(2)_orig.wav
SPK002,unknown,07-09-2026 15.45(2).wav,07-09-2026 15.45(2)_aug_shift.wav,time_shift,SPK002/unknown/07-09-2026 15.45(2)_aug_shift.wav
SPK002,unknown,07-09-2026 15.45(2).wav,07-09-2026 15.45(2)_aug_noise.wav,noise,SPK002/unknown/07-09-2026 15.45(2)_aug_noise.wav
SPK002,unknown,07-09-2026 15.45(2).wav,07-09-2026 15.45(2)_aug_gain.wav,gain,SPK002/unknown/07-09-2026 15.45(2)_aug_gain.wav
SPK002,unknown,07-09-2026 15.45(2).wav,07-09-2026 15.45(2)_aug_comp.wav,composite,SPK002/unknown/07-09-2026 15.45(2)_aug_comp.wav
SPK002,unknown,07-09-2026 15.45(3).wav,07-09-2026 15.45(3)_orig.wav,clean_original,SPK002/unknown/07-09-2026 15.45(3)_orig.wav
SPK002,unknown,07-09-2026 15.45(3).wav,07-09-2026 15.45(3)_aug_shift.wav,time_shift,SPK002/unknown/07-09-2026 15.45(3)_aug_shift.wav
SPK002,unknown,07-09-2026 15.45(3).wav,07-09-2026 15.45(3)_aug_noise.wav,noise,SPK002/unknown/07-09-2026 15.45(3)_aug_noise.wav
SPK002,unknown,07-09-2026 15.45(3).wav,07-09-2026 15.45(3)_aug_gain.wav,gain,SPK002/unknown/07-09-2026 15.45(3)_aug_gain.wav
SPK002,unknown,07-09-2026 15.45(3).wav,07-09-2026 15.45(3)_aug_comp.wav,composite,SPK002/unknown/07-09-2026 15.45(3)_aug_comp.wav
SPK002,unknown,07-09-2026 15.45(4).wav,07-09-2026 15.45(4)_orig.wav,clean_original,SPK002/unknown/07-09-2026 15.45(4)_orig.wav
SPK002,unknown,07-09-2026 15.45(4).wav,07-09-2026 15.45(4)_aug_shift.wav,time_shift,SPK002/unknown/07-09-2026 15.45(4)_aug_shift.wav
SPK002,unknown,07-09-2026 15.45(4).wav,07-09-2026 15.45(4)_aug_noise.wav,noise,SPK002/unknown/07-09-2026 15.45(4)_aug_noise.wav
SPK002,unknown,07-09-2026 15.45(4).wav,07-09-2026 15.45(4)_aug_gain.wav,gain,SPK002/unknown/07-09-2026 15.45(4)_aug_gain.wav
SPK002,unknown,07-09-2026 15.45(4).wav,07-09-2026 15.45(4)_aug_comp.wav,composite,SPK002/unknown/07-09-2026 15.45(4)_aug_comp.wav
SPK002,unknown,07-09-2026 15.45.wav,07-09-2026 15.45_orig.wav,clean_original,SPK002/unknown/07-09-2026 15.45_orig.wav
SPK002,unknown,07-09-2026 15.45.wav,07-09-2026 15.45_aug_shift.wav,time_shift,SPK002/unknown/07-09-2026 15.45_aug_shift.wav
SPK002,unknown,07-09-2026 15.45.wav,07-09-2026 15.45_aug_noise.wav,noise,SPK002/unknown/07-09-2026 15.45_aug_noise.wav
SPK002,unknown,07-09-2026 15.45.wav,07-09-2026 15.45_aug_gain.wav,gain,SPK002/unknown/07-09-2026 15.45_aug_gain.wav
SPK002,unknown,07-09-2026 15.45.wav,07-09-2026 15.45_aug_comp.wav,composite,SPK002/unknown/07-09-2026 15.45_aug_comp.wav
SPK002,unknown,07-09-2026 15.46(2).wav,07-09-2026 15.46(2)_orig.wav,clean_original,SPK002/unknown/07-09-2026 15.46(2)_orig.wav
SPK002,unknown,07-09-2026 15.46(2).wav,07-09-2026 15.46(2)_aug_shift.wav,time_shift,SPK002/unknown/07-09-2026 15.46(2)_aug_shift.wav
SPK002,unknown,07-09-2026 15.46(2).wav,07-09-2026 15.46(2)_aug_noise.wav,noise,SPK002/unknown/07-09-2026 15.46(2)_aug_noise.wav
SPK002,unknown,07-09-2026 15.46(2).wav,07-09-2026 15.46(2)_aug_gain.wav,gain,SPK002/unknown/07-09-2026 15.46(2)_aug_gain.wav
SPK002,unknown,07-09-2026 15.46(2).wav,07-09-2026 15.46(2)_aug_comp.wav,composite,SPK002/unknown/07-09-2026 15.46(2)_aug_comp.wav
SPK002,unknown,07-09-2026 15.46(3).wav,07-09-2026 15.46(3)_orig.wav,clean_original,SPK002/unknown/07-09-2026 15.46(3)_orig.wav
SPK002,unknown,07-09-2026 15.46(3).wav,07-09-2026 15.46(3)_aug_shift.wav,time_shift,SPK002/unknown/07-09-2026 15.46(3)_aug_shift.wav
SPK002,unknown,07-09-2026 15.46(3).wav,07-09-2026 15.46(3)_aug_noise.wav,noise,SPK002/unknown/07-09-2026 15.46(3)_aug_noise.wav
SPK002,unknown,07-09-2026 15.46(3).wav,07-09-2026 15.46(3)_aug_gain.wav,gain,SPK002/unknown/07-09-2026 15.46(3)_aug_gain.wav
SPK002,unknown,07-09-2026 15.46(3).wav,07-09-2026 15.46(3)_aug_comp.wav,composite,SPK002/unknown/07-09-2026 15.46(3)_aug_comp.wav
SPK002,unknown,07-09-2026 15.46.wav,07-09-2026 15.46_orig.wav,clean_original,SPK002/unknown/07-09-2026 15.46_orig.wav
SPK002,unknown,07-09-2026 15.46.wav,07-09-2026 15.46_aug_shift.wav,time_shift,SPK002/unknown/07-09-2026 15.46_aug_shift.wav
SPK002,unknown,07-09-2026 15.46.wav,07-09-2026 15.46_aug_noise.wav,noise,SPK002/unknown/07-09-2026 15.46_aug_noise.wav
SPK002,unknown,07-09-2026 15.46.wav,07-09-2026 15.46_aug_gain.wav,gain,SPK002/unknown/07-09-2026 15.46_aug_gain.wav
SPK002,unknown,07-09-2026 15.46.wav,07-09-2026 15.46_aug_comp.wav,composite,SPK002/unknown/07-09-2026 15.46_aug_comp.wav
SPK002,unknown,07-09-2026 15.49.wav,07-09-2026 15.49_orig.wav,clean_original,SPK002/unknown/07-09-2026 15.49_orig.wav
SPK002,unknown,07-09-2026 15.49.wav,07-09-2026 15.49_aug_shift.wav,time_shift,SPK002/unknown/07-09-2026 15.49_aug_shift.wav
SPK002,unknown,07-09-2026 15.49.wav,07-09-2026 15.49_aug_noise.wav,noise,SPK002/unknown/07-09-2026 15.49_aug_noise.wav
SPK002,unknown,07-09-2026 15.49.wav,07-09-2026 15.49_aug_gain.wav,gain,SPK002/unknown/07-09-2026 15.49_aug_gain.wav
SPK002,unknown,07-09-2026 15.49.wav,07-09-2026 15.49_aug_comp.wav,composite,SPK002/unknown/07-09-2026 15.49_aug_comp.wav
SPK002,unknown,07-09-2026 15.50(2).wav,07-09-2026 15.50(2)_orig.wav,clean_original,SPK002/unknown/07-09-2026 15.50(2)_orig.wav
SPK002,unknown,07-09-2026 15.50(2).wav,07-09-2026 15.50(2)_aug_shift.wav,time_shift,SPK002/unknown/07-09-2026 15.50(2)_aug_shift.wav
SPK002,unknown,07-09-2026 15.50(2).wav,07-09-2026 15.50(2)_aug_noise.wav,noise,SPK002/unknown/07-09-2026 15.50(2)_aug_noise.wav
SPK002,unknown,07-09-2026 15.50(2).wav,07-09-2026 15.50(2)_aug_gain.wav,gain,SPK002/unknown/07-09-2026 15.50(2)_aug_gain.wav
SPK002,unknown,07-09-2026 15.50(2).wav,07-09-2026 15.50(2)_aug_comp.wav,composite,SPK002/unknown/07-09-2026 15.50(2)_aug_comp.wav
SPK002,unknown,07-09-2026 15.50(3).wav,07-09-2026 15.50(3)_orig.wav,clean_original,SPK002/unknown/07-09-2026 15.50(3)_orig.wav
SPK002,unknown,07-09-2026 15.50(3).wav,07-09-2026 15.50(3)_aug_shift.wav,time_shift,SPK002/unknown/07-09-2026 15.50(3)_aug_shift.wav
SPK002,unknown,07-09-2026 15.50(3).wav,07-09-2026 15.50(3)_aug_noise.wav,noise,SPK002/unknown/07-09-2026 15.50(3)_aug_noise.wav
SPK002,unknown,07-09-2026 15.50(3).wav,07-09-2026 15.50(3)_aug_gain.wav,gain,SPK002/unknown/07-09-2026 15.50(3)_aug_gain.wav
SPK002,unknown,07-09-2026 15.50(3).wav,07-09-2026 15.50(3)_aug_comp.wav,composite,SPK002/unknown/07-09-2026 15.50(3)_aug_comp.wav
SPK002,unknown,07-09-2026 15.50(4).wav,07-09-2026 15.50(4)_orig.wav,clean_original,SPK002/unknown/07-09-2026 15.50(4)_orig.wav
SPK002,unknown,07-09-2026 15.50(4).wav,07-09-2026 15.50(4)_aug_shift.wav,time_shift,SPK002/unknown/07-09-2026 15.50(4)_aug_shift.wav
SPK002,unknown,07-09-2026 15.50(4).wav,07-09-2026 15.50(4)_aug_noise.wav,noise,SPK002/unknown/07-09-2026 15.50(4)_aug_noise.wav
SPK002,unknown,07-09-2026 15.50(4).wav,07-09-2026 15.50(4)_aug_gain.wav,gain,SPK002/unknown/07-09-2026 15.50(4)_aug_gain.wav
SPK002,unknown,07-09-2026 15.50(4).wav,07-09-2026 15.50(4)_aug_comp.wav,composite,SPK002/unknown/07-09-2026 15.50(4)_aug_comp.wav
SPK002,unknown,07-09-2026 15.50(5).wav,07-09-2026 15.50(5)_orig.wav,clean_original,SPK002/unknown/07-09-2026 15.50(5)_orig.wav
SPK002,unknown,07-09-2026 15.50(5).wav,07-09-2026 15.50(5)_aug_shift.wav,time_shift,SPK002/unknown/07-09-2026 15.50(5)_aug_shift.wav
SPK002,unknown,07-09-2026 15.50(5).wav,07-09-2026 15.50(5)_aug_noise.wav,noise,SPK002/unknown/07-09-2026 15.50(5)_aug_noise.wav
SPK002,unknown,07-09-2026 15.50(5).wav,07-09-2026 15.50(5)_aug_gain.wav,gain,SPK002/unknown/07-09-2026 15.50(5)_aug_gain.wav
SPK002,unknown,07-09-2026 15.50(5).wav,07-09-2026 15.50(5)_aug_comp.wav,composite,SPK002/unknown/07-09-2026 15.50(5)_aug_comp.wav
SPK002,unknown,07-09-2026 15.50(6).wav,07-09-2026 15.50(6)_orig.wav,clean_original,SPK002/unknown/07-09-2026 15.50(6)_orig.wav
SPK002,unknown,07-09-2026 15.50(6).wav,07-09-2026 15.50(6)_aug_shift.wav,time_shift,SPK002/unknown/07-09-2026 15.50(6)_aug_shift.wav
SPK002,unknown,07-09-2026 15.50(6).wav,07-09-2026 15.50(6)_aug_noise.wav,noise,SPK002/unknown/07-09-2026 15.50(6)_aug_noise.wav
SPK002,unknown,07-09-2026 15.50(6).wav,07-09-2026 15.50(6)_aug_gain.wav,gain,SPK002/unknown/07-09-2026 15.50(6)_aug_gain.wav
SPK002,unknown,07-09-2026 15.50(6).wav,07-09-2026 15.50(6)_aug_comp.wav,composite,SPK002/unknown/07-09-2026 15.50(6)_aug_comp.wav
SPK002,unknown,07-09-2026 15.50.wav,07-09-2026 15.50_orig.wav,clean_original,SPK002/unknown/07-09-2026 15.50_orig.wav
SPK002,unknown,07-09-2026 15.50.wav,07-09-2026 15.50_aug_shift.wav,time_shift,SPK002/unknown/07-09-2026 15.50_aug_shift.wav
SPK002,unknown,07-09-2026 15.50.wav,07-09-2026 15.50_aug_noise.wav,noise,SPK002/unknown/07-09-2026 15.50_aug_noise.wav
SPK002,unknown,07-09-2026 15.50.wav,07-09-2026 15.50_aug_gain.wav,gain,SPK002/unknown/07-09-2026 15.50_aug_gain.wav
SPK002,unknown,07-09-2026 15.50.wav,07-09-2026 15.50_aug_comp.wav,composite,SPK002/unknown/07-09-2026 15.50_aug_comp.wav
SPK002,unknown,07-09-2026 15.51(2).wav,07-09-2026 15.51(2)_orig.wav,clean_original,SPK002/unknown/07-09-2026 15.51(2)_orig.wav
SPK002,unknown,07-09-2026 15.51(2).wav,07-09-2026 15.51(2)_aug_shift.wav,time_shift,SPK002/unknown/07-09-2026 15.51(2)_aug_shift.wav
SPK002,unknown,07-09-2026 15.51(2).wav,07-09-2026 15.51(2)_aug_noise.wav,noise,SPK002/unknown/07-09-2026 15.51(2)_aug_noise.wav
SPK002,unknown,07-09-2026 15.51(2).wav,07-09-2026 15.51(2)_aug_gain.wav,gain,SPK002/unknown/07-09-2026 15.51(2)_aug_gain.wav
SPK002,unknown,07-09-2026 15.51(2).wav,07-09-2026 15.51(2)_aug_comp.wav,composite,SPK002/unknown/07-09-2026 15.51(2)_aug_comp.wav
SPK002,unknown,07-09-2026 15.51(3).wav,07-09-2026 15.51(3)_orig.wav,clean_original,SPK002/unknown/07-09-2026 15.51(3)_orig.wav
SPK002,unknown,07-09-2026 15.51(3).wav,07-09-2026 15.51(3)_aug_shift.wav,time_shift,SPK002/unknown/07-09-2026 15.51(3)_aug_shift.wav
SPK002,unknown,07-09-2026 15.51(3).wav,07-09-2026 15.51(3)_aug_noise.wav,noise,SPK002/unknown/07-09-2026 15.51(3)_aug_noise.wav
SPK002,unknown,07-09-2026 15.51(3).wav,07-09-2026 15.51(3)_aug_gain.wav,gain,SPK002/unknown/07-09-2026 15.51(3)_aug_gain.wav
SPK002,unknown,07-09-2026 15.51(3).wav,07-09-2026 15.51(3)_aug_comp.wav,composite,SPK002/unknown/07-09-2026 15.51(3)_aug_comp.wav
SPK002,unknown,07-09-2026 15.51(4).wav,07-09-2026 15.51(4)_orig.wav,clean_original,SPK002/unknown/07-09-2026 15.51(4)_orig.wav
SPK002,unknown,07-09-2026 15.51(4).wav,07-09-2026 15.51(4)_aug_shift.wav,time_shift,SPK002/unknown/07-09-2026 15.51(4)_aug_shift.wav
SPK002,unknown,07-09-2026 15.51(4).wav,07-09-2026 15.51(4)_aug_noise.wav,noise,SPK002/unknown/07-09-2026 15.51(4)_aug_noise.wav
SPK002,unknown,07-09-2026 15.51(4).wav,07-09-2026 15.51(4)_aug_gain.wav,gain,SPK002/unknown/07-09-2026 15.51(4)_aug_gain.wav
SPK002,unknown,07-09-2026 15.51(4).wav,07-09-2026 15.51(4)_aug_comp.wav,composite,SPK002/unknown/07-09-2026 15.51(4)_aug_comp.wav
SPK002,unknown,07-09-2026 15.51(5).wav,07-09-2026 15.51(5)_orig.wav,clean_original,SPK002/unknown/07-09-2026 15.51(5)_orig.wav
SPK002,unknown,07-09-2026 15.51(5).wav,07-09-2026 15.51(5)_aug_shift.wav,time_shift,SPK002/unknown/07-09-2026 15.51(5)_aug_shift.wav
SPK002,unknown,07-09-2026 15.51(5).wav,07-09-2026 15.51(5)_aug_noise.wav,noise,SPK002/unknown/07-09-2026 15.51(5)_aug_noise.wav
SPK002,unknown,07-09-2026 15.51(5).wav,07-09-2026 15.51(5)_aug_gain.wav,gain,SPK002/unknown/07-09-2026 15.51(5)_aug_gain.wav
SPK002,unknown,07-09-2026 15.51(5).wav,07-09-2026 15.51(5)_aug_comp.wav,composite,SPK002/unknown/07-09-2026 15.51(5)_aug_comp.wav
SPK002,unknown,07-09-2026 15.51(6).wav,07-09-2026 15.51(6)_orig.wav,clean_original,SPK002/unknown/07-09-2026 15.51(6)_orig.wav
SPK002,unknown,07-09-2026 15.51(6).wav,07-09-2026 15.51(6)_aug_shift.wav,time_shift,SPK002/unknown/07-09-2026 15.51(6)_aug_shift.wav
SPK002,unknown,07-09-2026 15.51(6).wav,07-09-2026 15.51(6)_aug_noise.wav,noise,SPK002/unknown/07-09-2026 15.51(6)_aug_noise.wav
SPK002,unknown,07-09-2026 15.51(6).wav,07-09-2026 15.51(6)_aug_gain.wav,gain,SPK002/unknown/07-09-2026 15.51(6)_aug_gain.wav
SPK002,unknown,07-09-2026 15.51(6).wav,07-09-2026 15.51(6)_aug_comp.wav,composite,SPK002/unknown/07-09-2026 15.51(6)_aug_comp.wav
SPK002,unknown,07-09-2026 15.51.wav,07-09-2026 15.51_orig.wav,clean_original,SPK002/unknown/07-09-2026 15.51_orig.wav
SPK002,unknown,07-09-2026 15.51.wav,07-09-2026 15.51_aug_shift.wav,time_shift,SPK002/unknown/07-09-2026 15.51_aug_shift.wav
SPK002,unknown,07-09-2026 15.51.wav,07-09-2026 15.51_aug_noise.wav,noise,SPK002/unknown/07-09-2026 15.51_aug_noise.wav
SPK002,unknown,07-09-2026 15.51.wav,07-09-2026 15.51_aug_gain.wav,gain,SPK002/unknown/07-09-2026 15.51_aug_gain.wav
SPK002,unknown,07-09-2026 15.51.wav,07-09-2026 15.51_aug_comp.wav,composite,SPK002/unknown/07-09-2026 15.51_aug_comp.wav
SPK002,unknown,07-09-2026 15.52(2).wav,07-09-2026 15.52(2)_orig.wav,clean_original,SPK002/unknown/07-09-2026 15.52(2)_orig.wav
SPK002,unknown,07-09-2026 15.52(2).wav,07-09-2026 15.52(2)_aug_shift.wav,time_shift,SPK002/unknown/07-09-2026 15.52(2)_aug_shift.wav
SPK002,unknown,07-09-2026 15.52(2).wav,07-09-2026 15.52(2)_aug_noise.wav,noise,SPK002/unknown/07-09-2026 15.52(2)_aug_noise.wav
SPK002,unknown,07-09-2026 15.52(2).wav,07-09-2026 15.52(2)_aug_gain.wav,gain,SPK002/unknown/07-09-2026 15.52(2)_aug_gain.wav
SPK002,unknown,07-09-2026 15.52(2).wav,07-09-2026 15.52(2)_aug_comp.wav,composite,SPK002/unknown/07-09-2026 15.52(2)_aug_comp.wav
SPK002,unknown,07-09-2026 15.52(3).wav,07-09-2026 15.52(3)_orig.wav,clean_original,SPK002/unknown/07-09-2026 15.52(3)_orig.wav
SPK002,unknown,07-09-2026 15.52(3).wav,07-09-2026 15.52(3)_aug_shift.wav,time_shift,SPK002/unknown/07-09-2026 15.52(3)_aug_shift.wav
SPK002,unknown,07-09-2026 15.52(3).wav,07-09-2026 15.52(3)_aug_noise.wav,noise,SPK002/unknown/07-09-2026 15.52(3)_aug_noise.wav
SPK002,unknown,07-09-2026 15.52(3).wav,07-09-2026 15.52(3)_aug_gain.wav,gain,SPK002/unknown/07-09-2026 15.52(3)_aug_gain.wav
SPK002,unknown,07-09-2026 15.52(3).wav,07-09-2026 15.52(3)_aug_comp.wav,composite,SPK002/unknown/07-09-2026 15.52(3)_aug_comp.wav
SPK002,unknown,07-09-2026 15.52(4).wav,07-09-2026 15.52(4)_orig.wav,clean_original,SPK002/unknown/07-09-2026 15.52(4)_orig.wav
SPK002,unknown,07-09-2026 15.52(4).wav,07-09-2026 15.52(4)_aug_shift.wav,time_shift,SPK002/unknown/07-09-2026 15.52(4)_aug_shift.wav
SPK002,unknown,07-09-2026 15.52(4).wav,07-09-2026 15.52(4)_aug_noise.wav,noise,SPK002/unknown/07-09-2026 15.52(4)_aug_noise.wav
SPK002,unknown,07-09-2026 15.52(4).wav,07-09-2026 15.52(4)_aug_gain.wav,gain,SPK002/unknown/07-09-2026 15.52(4)_aug_gain.wav
SPK002,unknown,07-09-2026 15.52(4).wav,07-09-2026 15.52(4)_aug_comp.wav,composite,SPK002/unknown/07-09-2026 15.52(4)_aug_comp.wav
SPK002,unknown,07-09-2026 15.52.wav,07-09-2026 15.52_orig.wav,clean_original,SPK002/unknown/07-09-2026 15.52_orig.wav
SPK002,unknown,07-09-2026 15.52.wav,07-09-2026 15.52_aug_shift.wav,time_shift,SPK002/unknown/07-09-2026 15.52_aug_shift.wav
SPK002,unknown,07-09-2026 15.52.wav,07-09-2026 15.52_aug_noise.wav,noise,SPK002/unknown/07-09-2026 15.52_aug_noise.wav
SPK002,unknown,07-09-2026 15.52.wav,07-09-2026 15.52_aug_gain.wav,gain,SPK002/unknown/07-09-2026 15.52_aug_gain.wav
SPK002,unknown,07-09-2026 15.52.wav,07-09-2026 15.52_aug_comp.wav,composite,SPK002/unknown/07-09-2026 15.52_aug_comp.wav
SPK002,unknown,07-09-2026 15.53(2).wav,07-09-2026 15.53(2)_orig.wav,clean_original,SPK002/unknown/07-09-2026 15.53(2)_orig.wav
SPK002,unknown,07-09-2026 15.53(2).wav,07-09-2026 15.53(2)_aug_shift.wav,time_shift,SPK002/unknown/07-09-2026 15.53(2)_aug_shift.wav
SPK002,unknown,07-09-2026 15.53(2).wav,07-09-2026 15.53(2)_aug_noise.wav,noise,SPK002/unknown/07-09-2026 15.53(2)_aug_noise.wav
SPK002,unknown,07-09-2026 15.53(2).wav,07-09-2026 15.53(2)_aug_gain.wav,gain,SPK002/unknown/07-09-2026 15.53(2)_aug_gain.wav
SPK002,unknown,07-09-2026 15.53(2).wav,07-09-2026 15.53(2)_aug_comp.wav,composite,SPK002/unknown/07-09-2026 15.53(2)_aug_comp.wav
SPK002,unknown,07-09-2026 15.53(3).wav,07-09-2026 15.53(3)_orig.wav,clean_original,SPK002/unknown/07-09-2026 15.53(3)_orig.wav
SPK002,unknown,07-09-2026 15.53(3).wav,07-09-2026 15.53(3)_aug_shift.wav,time_shift,SPK002/unknown/07-09-2026 15.53(3)_aug_shift.wav
SPK002,unknown,07-09-2026 15.53(3).wav,07-09-2026 15.53(3)_aug_noise.wav,noise,SPK002/unknown/07-09-2026 15.53(3)_aug_noise.wav
SPK002,unknown,07-09-2026 15.53(3).wav,07-09-2026 15.53(3)_aug_gain.wav,gain,SPK002/unknown/07-09-2026 15.53(3)_aug_gain.wav
SPK002,unknown,07-09-2026 15.53(3).wav,07-09-2026 15.53(3)_aug_comp.wav,composite,SPK002/unknown/07-09-2026 15.53(3)_aug_comp.wav
SPK002,unknown,07-09-2026 15.53(4).wav,07-09-2026 15.53(4)_orig.wav,clean_original,SPK002/unknown/07-09-2026 15.53(4)_orig.wav
SPK002,unknown,07-09-2026 15.53(4).wav,07-09-2026 15.53(4)_aug_shift.wav,time_shift,SPK002/unknown/07-09-2026 15.53(4)_aug_shift.wav
SPK002,unknown,07-09-2026 15.53(4).wav,07-09-2026 15.53(4)_aug_noise.wav,noise,SPK002/unknown/07-09-2026 15.53(4)_aug_noise.wav
SPK002,unknown,07-09-2026 15.53(4).wav,07-09-2026 15.53(4)_aug_gain.wav,gain,SPK002/unknown/07-09-2026 15.53(4)_aug_gain.wav
SPK002,unknown,07-09-2026 15.53(4).wav,07-09-2026 15.53(4)_aug_comp.wav,composite,SPK002/unknown/07-09-2026 15.53(4)_aug_comp.wav
SPK002,unknown,07-09-2026 15.53.wav,07-09-2026 15.53_orig.wav,clean_original,SPK002/unknown/07-09-2026 15.53_orig.wav
SPK002,unknown,07-09-2026 15.53.wav,07-09-2026 15.53_aug_shift.wav,time_shift,SPK002/unknown/07-09-2026 15.53_aug_shift.wav
SPK002,unknown,07-09-2026 15.53.wav,07-09-2026 15.53_aug_noise.wav,noise,SPK002/unknown/07-09-2026 15.53_aug_noise.wav
SPK002,unknown,07-09-2026 15.53.wav,07-09-2026 15.53_aug_gain.wav,gain,SPK002/unknown/07-09-2026 15.53_aug_gain.wav
SPK002,unknown,07-09-2026 15.53.wav,07-09-2026 15.53_aug_comp.wav,composite,SPK002/unknown/07-09-2026 15.53_aug_comp.wav
SPK002,unknown,07-09-2026 15.54(2).wav,07-09-2026 15.54(2)_orig.wav,clean_original,SPK002/unknown/07-09-2026 15.54(2)_orig.wav
SPK002,unknown,07-09-2026 15.54(2).wav,07-09-2026 15.54(2)_aug_shift.wav,time_shift,SPK002/unknown/07-09-2026 15.54(2)_aug_shift.wav
SPK002,unknown,07-09-2026 15.54(2).wav,07-09-2026 15.54(2)_aug_noise.wav,noise,SPK002/unknown/07-09-2026 15.54(2)_aug_noise.wav
SPK002,unknown,07-09-2026 15.54(2).wav,07-09-2026 15.54(2)_aug_gain.wav,gain,SPK002/unknown/07-09-2026 15.54(2)_aug_gain.wav
SPK002,unknown,07-09-2026 15.54(2).wav,07-09-2026 15.54(2)_aug_comp.wav,composite,SPK002/unknown/07-09-2026 15.54(2)_aug_comp.wav
SPK002,unknown,07-09-2026 15.54(3).wav,07-09-2026 15.54(3)_orig.wav,clean_original,SPK002/unknown/07-09-2026 15.54(3)_orig.wav
SPK002,unknown,07-09-2026 15.54(3).wav,07-09-2026 15.54(3)_aug_shift.wav,time_shift,SPK002/unknown/07-09-2026 15.54(3)_aug_shift.wav
SPK002,unknown,07-09-2026 15.54(3).wav,07-09-2026 15.54(3)_aug_noise.wav,noise,SPK002/unknown/07-09-2026 15.54(3)_aug_noise.wav
SPK002,unknown,07-09-2026 15.54(3).wav,07-09-2026 15.54(3)_aug_gain.wav,gain,SPK002/unknown/07-09-2026 15.54(3)_aug_gain.wav
SPK002,unknown,07-09-2026 15.54(3).wav,07-09-2026 15.54(3)_aug_comp.wav,composite,SPK002/unknown/07-09-2026 15.54(3)_aug_comp.wav
SPK002,unknown,07-09-2026 15.54.wav,07-09-2026 15.54_orig.wav,clean_original,SPK002/unknown/07-09-2026 15.54_orig.wav
SPK002,unknown,07-09-2026 15.54.wav,07-09-2026 15.54_aug_shift.wav,time_shift,SPK002/unknown/07-09-2026 15.54_aug_shift.wav
SPK002,unknown,07-09-2026 15.54.wav,07-09-2026 15.54_aug_noise.wav,noise,SPK002/unknown/07-09-2026 15.54_aug_noise.wav
SPK002,unknown,07-09-2026 15.54.wav,07-09-2026 15.54_aug_gain.wav,gain,SPK002/unknown/07-09-2026 15.54_aug_gain.wav
SPK002,unknown,07-09-2026 15.54.wav,07-09-2026 15.54_aug_comp.wav,composite,SPK002/unknown/07-09-2026 15.54_aug_comp.wav
SPK002,unknown,07-09-2026 15.55(2).wav,07-09-2026 15.55(2)_orig.wav,clean_original,SPK002/unknown/07-09-2026 15.55(2)_orig.wav
SPK002,unknown,07-09-2026 15.55(2).wav,07-09-2026 15.55(2)_aug_shift.wav,time_shift,SPK002/unknown/07-09-2026 15.55(2)_aug_shift.wav
SPK002,unknown,07-09-2026 15.55(2).wav,07-09-2026 15.55(2)_aug_noise.wav,noise,SPK002/unknown/07-09-2026 15.55(2)_aug_noise.wav
SPK002,unknown,07-09-2026 15.55(2).wav,07-09-2026 15.55(2)_aug_gain.wav,gain,SPK002/unknown/07-09-2026 15.55(2)_aug_gain.wav
SPK002,unknown,07-09-2026 15.55(2).wav,07-09-2026 15.55(2)_aug_comp.wav,composite,SPK002/unknown/07-09-2026 15.55(2)_aug_comp.wav
SPK002,unknown,07-09-2026 15.55(3).wav,07-09-2026 15.55(3)_orig.wav,clean_original,SPK002/unknown/07-09-2026 15.55(3)_orig.wav
SPK002,unknown,07-09-2026 15.55(3).wav,07-09-2026 15.55(3)_aug_shift.wav,time_shift,SPK002/unknown/07-09-2026 15.55(3)_aug_shift.wav
SPK002,unknown,07-09-2026 15.55(3).wav,07-09-2026 15.55(3)_aug_noise.wav,noise,SPK002/unknown/07-09-2026 15.55(3)_aug_noise.wav
SPK002,unknown,07-09-2026 15.55(3).wav,07-09-2026 15.55(3)_aug_gain.wav,gain,SPK002/unknown/07-09-2026 15.55(3)_aug_gain.wav
SPK002,unknown,07-09-2026 15.55(3).wav,07-09-2026 15.55(3)_aug_comp.wav,composite,SPK002/unknown/07-09-2026 15.55(3)_aug_comp.wav
SPK002,unknown,07-09-2026 15.55(4).wav,07-09-2026 15.55(4)_orig.wav,clean_original,SPK002/unknown/07-09-2026 15.55(4)_orig.wav
SPK002,unknown,07-09-2026 15.55(4).wav,07-09-2026 15.55(4)_aug_shift.wav,time_shift,SPK002/unknown/07-09-2026 15.55(4)_aug_shift.wav
SPK002,unknown,07-09-2026 15.55(4).wav,07-09-2026 15.55(4)_aug_noise.wav,noise,SPK002/unknown/07-09-2026 15.55(4)_aug_noise.wav
SPK002,unknown,07-09-2026 15.55(4).wav,07-09-2026 15.55(4)_aug_gain.wav,gain,SPK002/unknown/07-09-2026 15.55(4)_aug_gain.wav
SPK002,unknown,07-09-2026 15.55(4).wav,07-09-2026 15.55(4)_aug_comp.wav,composite,SPK002/unknown/07-09-2026 15.55(4)_aug_comp.wav
SPK002,unknown,07-09-2026 15.55(5).wav,07-09-2026 15.55(5)_orig.wav,clean_original,SPK002/unknown/07-09-2026 15.55(5)_orig.wav
SPK002,unknown,07-09-2026 15.55(5).wav,07-09-2026 15.55(5)_aug_shift.wav,time_shift,SPK002/unknown/07-09-2026 15.55(5)_aug_shift.wav
SPK002,unknown,07-09-2026 15.55(5).wav,07-09-2026 15.55(5)_aug_noise.wav,noise,SPK002/unknown/07-09-2026 15.55(5)_aug_noise.wav
SPK002,unknown,07-09-2026 15.55(5).wav,07-09-2026 15.55(5)_aug_gain.wav,gain,SPK002/unknown/07-09-2026 15.55(5)_aug_gain.wav
SPK002,unknown,07-09-2026 15.55(5).wav,07-09-2026 15.55(5)_aug_comp.wav,composite,SPK002/unknown/07-09-2026 15.55(5)_aug_comp.wav
SPK002,unknown,07-09-2026 15.55(6).wav,07-09-2026 15.55(6)_orig.wav,clean_original,SPK002/unknown/07-09-2026 15.55(6)_orig.wav
SPK002,unknown,07-09-2026 15.55(6).wav,07-09-2026 15.55(6)_aug_shift.wav,time_shift,SPK002/unknown/07-09-2026 15.55(6)_aug_shift.wav
SPK002,unknown,07-09-2026 15.55(6).wav,07-09-2026 15.55(6)_aug_noise.wav,noise,SPK002/unknown/07-09-2026 15.55(6)_aug_noise.wav
SPK002,unknown,07-09-2026 15.55(6).wav,07-09-2026 15.55(6)_aug_gain.wav,gain,SPK002/unknown/07-09-2026 15.55(6)_aug_gain.wav
SPK002,unknown,07-09-2026 15.55(6).wav,07-09-2026 15.55(6)_aug_comp.wav,composite,SPK002/unknown/07-09-2026 15.55(6)_aug_comp.wav
SPK002,unknown,07-09-2026 15.55(7).wav,07-09-2026 15.55(7)_orig.wav,clean_original,SPK002/unknown/07-09-2026 15.55(7)_orig.wav
SPK002,unknown,07-09-2026 15.55(7).wav,07-09-2026 15.55(7)_aug_shift.wav,time_shift,SPK002/unknown/07-09-2026 15.55(7)_aug_shift.wav
SPK002,unknown,07-09-2026 15.55(7).wav,07-09-2026 15.55(7)_aug_noise.wav,noise,SPK002/unknown/07-09-2026 15.55(7)_aug_noise.wav
SPK002,unknown,07-09-2026 15.55(7).wav,07-09-2026 15.55(7)_aug_gain.wav,gain,SPK002/unknown/07-09-2026 15.55(7)_aug_gain.wav
SPK002,unknown,07-09-2026 15.55(7).wav,07-09-2026 15.55(7)_aug_comp.wav,composite,SPK002/unknown/07-09-2026 15.55(7)_aug_comp.wav
SPK002,unknown,07-09-2026 15.55(8).wav,07-09-2026 15.55(8)_orig.wav,clean_original,SPK002/unknown/07-09-2026 15.55(8)_orig.wav
SPK002,unknown,07-09-2026 15.55(8).wav,07-09-2026 15.55(8)_aug_shift.wav,time_shift,SPK002/unknown/07-09-2026 15.55(8)_aug_shift.wav
SPK002,unknown,07-09-2026 15.55(8).wav,07-09-2026 15.55(8)_aug_noise.wav,noise,SPK002/unknown/07-09-2026 15.55(8)_aug_noise.wav
SPK002,unknown,07-09-2026 15.55(8).wav,07-09-2026 15.55(8)_aug_gain.wav,gain,SPK002/unknown/07-09-2026 15.55(8)_aug_gain.wav
SPK002,unknown,07-09-2026 15.55(8).wav,07-09-2026 15.55(8)_aug_comp.wav,composite,SPK002/unknown/07-09-2026 15.55(8)_aug_comp.wav
SPK002,unknown,07-09-2026 15.55.wav,07-09-2026 15.55_orig.wav,clean_original,SPK002/unknown/07-09-2026 15.55_orig.wav
SPK002,unknown,07-09-2026 15.55.wav,07-09-2026 15.55_aug_shift.wav,time_shift,SPK002/unknown/07-09-2026 15.55_aug_shift.wav
SPK002,unknown,07-09-2026 15.55.wav,07-09-2026 15.55_aug_noise.wav,noise,SPK002/unknown/07-09-2026 15.55_aug_noise.wav
SPK002,unknown,07-09-2026 15.55.wav,07-09-2026 15.55_aug_gain.wav,gain,SPK002/unknown/07-09-2026 15.55_aug_gain.wav
SPK002,unknown,07-09-2026 15.55.wav,07-09-2026 15.55_aug_comp.wav,composite,SPK002/unknown/07-09-2026 15.55_aug_comp.wav
SPK002,unknown,07-09-2026 15.56(2).wav,07-09-2026 15.56(2)_orig.wav,clean_original,SPK002/unknown/07-09-2026 15.56(2)_orig.wav
SPK002,unknown,07-09-2026 15.56(2).wav,07-09-2026 15.56(2)_aug_shift.wav,time_shift,SPK002/unknown/07-09-2026 15.56(2)_aug_shift.wav
SPK002,unknown,07-09-2026 15.56(2).wav,07-09-2026 15.56(2)_aug_noise.wav,noise,SPK002/unknown/07-09-2026 15.56(2)_aug_noise.wav
SPK002,unknown,07-09-2026 15.56(2).wav,07-09-2026 15.56(2)_aug_gain.wav,gain,SPK002/unknown/07-09-2026 15.56(2)_aug_gain.wav
SPK002,unknown,07-09-2026 15.56(2).wav,07-09-2026 15.56(2)_aug_comp.wav,composite,SPK002/unknown/07-09-2026 15.56(2)_aug_comp.wav
SPK002,unknown,07-09-2026 15.56(3).wav,07-09-2026 15.56(3)_orig.wav,clean_original,SPK002/unknown/07-09-2026 15.56(3)_orig.wav
SPK002,unknown,07-09-2026 15.56(3).wav,07-09-2026 15.56(3)_aug_shift.wav,time_shift,SPK002/unknown/07-09-2026 15.56(3)_aug_shift.wav
SPK002,unknown,07-09-2026 15.56(3).wav,07-09-2026 15.56(3)_aug_noise.wav,noise,SPK002/unknown/07-09-2026 15.56(3)_aug_noise.wav
SPK002,unknown,07-09-2026 15.56(3).wav,07-09-2026 15.56(3)_aug_gain.wav,gain,SPK002/unknown/07-09-2026 15.56(3)_aug_gain.wav
SPK002,unknown,07-09-2026 15.56(3).wav,07-09-2026 15.56(3)_aug_comp.wav,composite,SPK002/unknown/07-09-2026 15.56(3)_aug_comp.wav
SPK002,unknown,07-09-2026 15.56(4).wav,07-09-2026 15.56(4)_orig.wav,clean_original,SPK002/unknown/07-09-2026 15.56(4)_orig.wav
SPK002,unknown,07-09-2026 15.56(4).wav,07-09-2026 15.56(4)_aug_shift.wav,time_shift,SPK002/unknown/07-09-2026 15.56(4)_aug_shift.wav
SPK002,unknown,07-09-2026 15.56(4).wav,07-09-2026 15.56(4)_aug_noise.wav,noise,SPK002/unknown/07-09-2026 15.56(4)_aug_noise.wav
SPK002,unknown,07-09-2026 15.56(4).wav,07-09-2026 15.56(4)_aug_gain.wav,gain,SPK002/unknown/07-09-2026 15.56(4)_aug_gain.wav
SPK002,unknown,07-09-2026 15.56(4).wav,07-09-2026 15.56(4)_aug_comp.wav,composite,SPK002/unknown/07-09-2026 15.56(4)_aug_comp.wav
SPK002,unknown,07-09-2026 15.56(5).wav,07-09-2026 15.56(5)_orig.wav,clean_original,SPK002/unknown/07-09-2026 15.56(5)_orig.wav
SPK002,unknown,07-09-2026 15.56(5).wav,07-09-2026 15.56(5)_aug_shift.wav,time_shift,SPK002/unknown/07-09-2026 15.56(5)_aug_shift.wav
SPK002,unknown,07-09-2026 15.56(5).wav,07-09-2026 15.56(5)_aug_noise.wav,noise,SPK002/unknown/07-09-2026 15.56(5)_aug_noise.wav
SPK002,unknown,07-09-2026 15.56(5).wav,07-09-2026 15.56(5)_aug_gain.wav,gain,SPK002/unknown/07-09-2026 15.56(5)_aug_gain.wav
SPK002,unknown,07-09-2026 15.56(5).wav,07-09-2026 15.56(5)_aug_comp.wav,composite,SPK002/unknown/07-09-2026 15.56(5)_aug_comp.wav
SPK002,unknown,07-09-2026 15.56(6).wav,07-09-2026 15.56(6)_orig.wav,clean_original,SPK002/unknown/07-09-2026 15.56(6)_orig.wav
SPK002,unknown,07-09-2026 15.56(6).wav,07-09-2026 15.56(6)_aug_shift.wav,time_shift,SPK002/unknown/07-09-2026 15.56(6)_aug_shift.wav
SPK002,unknown,07-09-2026 15.56(6).wav,07-09-2026 15.56(6)_aug_noise.wav,noise,SPK002/unknown/07-09-2026 15.56(6)_aug_noise.wav
SPK002,unknown,07-09-2026 15.56(6).wav,07-09-2026 15.56(6)_aug_gain.wav,gain,SPK002/unknown/07-09-2026 15.56(6)_aug_gain.wav
SPK002,unknown,07-09-2026 15.56(6).wav,07-09-2026 15.56(6)_aug_comp.wav,composite,SPK002/unknown/07-09-2026 15.56(6)_aug_comp.wav
SPK002,unknown,07-09-2026 15.56.wav,07-09-2026 15.56_orig.wav,clean_original,SPK002/unknown/07-09-2026 15.56_orig.wav
SPK002,unknown,07-09-2026 15.56.wav,07-09-2026 15.56_aug_shift.wav,time_shift,SPK002/unknown/07-09-2026 15.56_aug_shift.wav
SPK002,unknown,07-09-2026 15.56.wav,07-09-2026 15.56_aug_noise.wav,noise,SPK002/unknown/07-09-2026 15.56_aug_noise.wav
SPK002,unknown,07-09-2026 15.56.wav,07-09-2026 15.56_aug_gain.wav,gain,SPK002/unknown/07-09-2026 15.56_aug_gain.wav
SPK002,unknown,07-09-2026 15.56.wav,07-09-2026 15.56_aug_comp.wav,composite,SPK002/unknown/07-09-2026 15.56_aug_comp.wav
SPK002,unknown,Copy of 05-09-2026 16.56(7).wav,Copy of 05-09-2026 16.56(7)_orig.wav,clean_original,SPK002/unknown/Copy of 05-09-2026 16.56(7)_orig.wav
SPK002,unknown,Copy of 05-09-2026 16.56(7).wav,Copy of 05-09-2026 16.56(7)_aug_shift.wav,time_shift,SPK002/unknown/Copy of 05-09-2026 16.56(7)_aug_shift.wav
SPK002,unknown,Copy of 05-09-2026 16.56(7).wav,Copy of 05-09-2026 16.56(7)_aug_noise.wav,noise,SPK002/unknown/Copy of 05-09-2026 16.56(7)_aug_noise.wav
SPK002,unknown,Copy of 05-09-2026 16.56(7).wav,Copy of 05-09-2026 16.56(7)_aug_gain.wav,gain,SPK002/unknown/Copy of 05-09-2026 16.56(7)_aug_gain.wav
SPK002,unknown,Copy of 05-09-2026 16.56(7).wav,Copy of 05-09-2026 16.56(7)_aug_comp.wav,composite,SPK002/unknown/Copy of 05-09-2026 16.56(7)_aug_comp.wav
SPK002,unknown,Copy of 05-09-2026 16.57(2).wav,Copy of 05-09-2026 16.57(2)_orig.wav,clean_original,SPK002/unknown/Copy of 05-09-2026 16.57(2)_orig.wav
SPK002,unknown,Copy of 05-09-2026 16.57(2).wav,Copy of 05-09-2026 16.57(2)_aug_shift.wav,time_shift,SPK002/unknown/Copy of 05-09-2026 16.57(2)_aug_shift.wav
SPK002,unknown,Copy of 05-09-2026 16.57(2).wav,Copy of 05-09-2026 16.57(2)_aug_noise.wav,noise,SPK002/unknown/Copy of 05-09-2026 16.57(2)_aug_noise.wav
SPK002,unknown,Copy of 05-09-2026 16.57(2).wav,Copy of 05-09-2026 16.57(2)_aug_gain.wav,gain,SPK002/unknown/Copy of 05-09-2026 16.57(2)_aug_gain.wav
SPK002,unknown,Copy of 05-09-2026 16.57(2).wav,Copy of 05-09-2026 16.57(2)_aug_comp.wav,composite,SPK002/unknown/Copy of 05-09-2026 16.57(2)_aug_comp.wav
SPK002,unknown,Copy of 05-09-2026 16.57(3).wav,Copy of 05-09-2026 16.57(3)_orig.wav,clean_original,SPK002/unknown/Copy of 05-09-2026 16.57(3)_orig.wav
SPK002,unknown,Copy of 05-09-2026 16.57(3).wav,Copy of 05-09-2026 16.57(3)_aug_shift.wav,time_shift,SPK002/unknown/Copy of 05-09-2026 16.57(3)_aug_shift.wav
SPK002,unknown,Copy of 05-09-2026 16.57(3).wav,Copy of 05-09-2026 16.57(3)_aug_noise.wav,noise,SPK002/unknown/Copy of 05-09-2026 16.57(3)_aug_noise.wav
SPK002,unknown,Copy of 05-09-2026 16.57(3).wav,Copy of 05-09-2026 16.57(3)_aug_gain.wav,gain,SPK002/unknown/Copy of 05-09-2026 16.57(3)_aug_gain.wav
SPK002,unknown,Copy of 05-09-2026 16.57(3).wav,Copy of 05-09-2026 16.57(3)_aug_comp.wav,composite,SPK002/unknown/Copy of 05-09-2026 16.57(3)_aug_comp.wav
SPK002,unknown,Copy of 05-09-2026 16.57(4).wav,Copy of 05-09-2026 16.57(4)_orig.wav,clean_original,SPK002/unknown/Copy of 05-09-2026 16.57(4)_orig.wav
SPK002,unknown,Copy of 05-09-2026 16.57(4).wav,Copy of 05-09-2026 16.57(4)_aug_shift.wav,time_shift,SPK002/unknown/Copy of 05-09-2026 16.57(4)_aug_shift.wav
SPK002,unknown,Copy of 05-09-2026 16.57(4).wav,Copy of 05-09-2026 16.57(4)_aug_noise.wav,noise,SPK002/unknown/Copy of 05-09-2026 16.57(4)_aug_noise.wav
SPK002,unknown,Copy of 05-09-2026 16.57(4).wav,Copy of 05-09-2026 16.57(4)_aug_gain.wav,gain,SPK002/unknown/Copy of 05-09-2026 16.57(4)_aug_gain.wav
SPK002,unknown,Copy of 05-09-2026 16.57(4).wav,Copy of 05-09-2026 16.57(4)_aug_comp.wav,composite,SPK002/unknown/Copy of 05-09-2026 16.57(4)_aug_comp.wav
SPK002,unknown,Copy of 05-09-2026 16.57(5).wav,Copy of 05-09-2026 16.57(5)_orig.wav,clean_original,SPK002/unknown/Copy of 05-09-2026 16.57(5)_orig.wav
SPK002,unknown,Copy of 05-09-2026 16.57(5).wav,Copy of 05-09-2026 16.57(5)_aug_shift.wav,time_shift,SPK002/unknown/Copy of 05-09-2026 16.57(5)_aug_shift.wav
SPK002,unknown,Copy of 05-09-2026 16.57(5).wav,Copy of 05-09-2026 16.57(5)_aug_noise.wav,noise,SPK002/unknown/Copy of 05-09-2026 16.57(5)_aug_noise.wav
SPK002,unknown,Copy of 05-09-2026 16.57(5).wav,Copy of 05-09-2026 16.57(5)_aug_gain.wav,gain,SPK002/unknown/Copy of 05-09-2026 16.57(5)_aug_gain.wav
SPK002,unknown,Copy of 05-09-2026 16.57(5).wav,Copy of 05-09-2026 16.57(5)_aug_comp.wav,composite,SPK002/unknown/Copy of 05-09-2026 16.57(5)_aug_comp.wav
SPK002,unknown,Copy of 05-09-2026 16.57(6).wav,Copy of 05-09-2026 16.57(6)_orig.wav,clean_original,SPK002/unknown/Copy of 05-09-2026 16.57(6)_orig.wav
SPK002,unknown,Copy of 05-09-2026 16.57(6).wav,Copy of 05-09-2026 16.57(6)_aug_shift.wav,time_shift,SPK002/unknown/Copy of 05-09-2026 16.57(6)_aug_shift.wav
SPK002,unknown,Copy of 05-09-2026 16.57(6).wav,Copy of 05-09-2026 16.57(6)_aug_noise.wav,noise,SPK002/unknown/Copy of 05-09-2026 16.57(6)_aug_noise.wav
SPK002,unknown,Copy of 05-09-2026 16.57(6).wav,Copy of 05-09-2026 16.57(6)_aug_gain.wav,gain,SPK002/unknown/Copy of 05-09-2026 16.57(6)_aug_gain.wav
SPK002,unknown,Copy of 05-09-2026 16.57(6).wav,Copy of 05-09-2026 16.57(6)_aug_comp.wav,composite,SPK002/unknown/Copy of 05-09-2026 16.57(6)_aug_comp.wav
SPK002,unknown,Copy of 05-09-2026 16.57.wav,Copy of 05-09-2026 16.57_orig.wav,clean_original,SPK002/unknown/Copy of 05-09-2026 16.57_orig.wav
SPK002,unknown,Copy of 05-09-2026 16.57.wav,Copy of 05-09-2026 16.57_aug_shift.wav,time_shift,SPK002/unknown/Copy of 05-09-2026 16.57_aug_shift.wav
SPK002,unknown,Copy of 05-09-2026 16.57.wav,Copy of 05-09-2026 16.57_aug_noise.wav,noise,SPK002/unknown/Copy of 05-09-2026 16.57_aug_noise.wav
SPK002,unknown,Copy of 05-09-2026 16.57.wav,Copy of 05-09-2026 16.57_aug_gain.wav,gain,SPK002/unknown/Copy of 05-09-2026 16.57_aug_gain.wav
SPK002,unknown,Copy of 05-09-2026 16.57.wav,Copy of 05-09-2026 16.57_aug_comp.wav,composite,SPK002/unknown/Copy of 05-09-2026 16.57_aug_comp.wav
SPK002,unknown,Copy of 05-09-2026 16.58(2).wav,Copy of 05-09-2026 16.58(2)_orig.wav,clean_original,SPK002/unknown/Copy of 05-09-2026 16.58(2)_orig.wav
SPK002,unknown,Copy of 05-09-2026 16.58(2).wav,Copy of 05-09-2026 16.58(2)_aug_shift.wav,time_shift,SPK002/unknown/Copy of 05-09-2026 16.58(2)_aug_shift.wav
SPK002,unknown,Copy of 05-09-2026 16.58(2).wav,Copy of 05-09-2026 16.58(2)_aug_noise.wav,noise,SPK002/unknown/Copy of 05-09-2026 16.58(2)_aug_noise.wav
SPK002,unknown,Copy of 05-09-2026 16.58(2).wav,Copy of 05-09-2026 16.58(2)_aug_gain.wav,gain,SPK002/unknown/Copy of 05-09-2026 16.58(2)_aug_gain.wav
SPK002,unknown,Copy of 05-09-2026 16.58(2).wav,Copy of 05-09-2026 16.58(2)_aug_comp.wav,composite,SPK002/unknown/Copy of 05-09-2026 16.58(2)_aug_comp.wav
SPK002,unknown,Copy of 05-09-2026 16.58(3).wav,Copy of 05-09-2026 16.58(3)_orig.wav,clean_original,SPK002/unknown/Copy of 05-09-2026 16.58(3)_orig.wav
SPK002,unknown,Copy of 05-09-2026 16.58(3).wav,Copy of 05-09-2026 16.58(3)_aug_shift.wav,time_shift,SPK002/unknown/Copy of 05-09-2026 16.58(3)_aug_shift.wav
SPK002,unknown,Copy of 05-09-2026 16.58(3).wav,Copy of 05-09-2026 16.58(3)_aug_noise.wav,noise,SPK002/unknown/Copy of 05-09-2026 16.58(3)_aug_noise.wav
SPK002,unknown,Copy of 05-09-2026 16.58(3).wav,Copy of 05-09-2026 16.58(3)_aug_gain.wav,gain,SPK002/unknown/Copy of 05-09-2026 16.58(3)_aug_gain.wav
SPK002,unknown,Copy of 05-09-2026 16.58(3).wav,Copy of 05-09-2026 16.58(3)_aug_comp.wav,composite,SPK002/unknown/Copy of 05-09-2026 16.58(3)_aug_comp.wav
SPK002,unknown,Copy of 05-09-2026 16.58(4).wav,Copy of 05-09-2026 16.58(4)_orig.wav,clean_original,SPK002/unknown/Copy of 05-09-2026 16.58(4)_orig.wav
SPK002,unknown,Copy of 05-09-2026 16.58(4).wav,Copy of 05-09-2026 16.58(4)_aug_shift.wav,time_shift,SPK002/unknown/Copy of 05-09-2026 16.58(4)_aug_shift.wav
SPK002,unknown,Copy of 05-09-2026 16.58(4).wav,Copy of 05-09-2026 16.58(4)_aug_noise.wav,noise,SPK002/unknown/Copy of 05-09-2026 16.58(4)_aug_noise.wav
SPK002,unknown,Copy of 05-09-2026 16.58(4).wav,Copy of 05-09-2026 16.58(4)_aug_gain.wav,gain,SPK002/unknown/Copy of 05-09-2026 16.58(4)_aug_gain.wav
SPK002,unknown,Copy of 05-09-2026 16.58(4).wav,Copy of 05-09-2026 16.58(4)_aug_comp.wav,composite,SPK002/unknown/Copy of 05-09-2026 16.58(4)_aug_comp.wav
SPK002,unknown,Copy of 05-09-2026 16.58.wav,Copy of 05-09-2026 16.58_orig.wav,clean_original,SPK002/unknown/Copy of 05-09-2026 16.58_orig.wav
SPK002,unknown,Copy of 05-09-2026 16.58.wav,Copy of 05-09-2026 16.58_aug_shift.wav,time_shift,SPK002/unknown/Copy of 05-09-2026 16.58_aug_shift.wav
SPK002,unknown,Copy of 05-09-2026 16.58.wav,Copy of 05-09-2026 16.58_aug_noise.wav,noise,SPK002/unknown/Copy of 05-09-2026 16.58_aug_noise.wav
SPK002,unknown,Copy of 05-09-2026 16.58.wav,Copy of 05-09-2026 16.58_aug_gain.wav,gain,SPK002/unknown/Copy of 05-09-2026 16.58_aug_gain.wav
SPK002,unknown,Copy of 05-09-2026 16.58.wav,Copy of 05-09-2026 16.58_aug_comp.wav,composite,SPK002/unknown/Copy of 05-09-2026 16.58_aug_comp.wav
SPK002,unknown,Copy of 05-09-2026 16.59(2).wav,Copy of 05-09-2026 16.59(2)_orig.wav,clean_original,SPK002/unknown/Copy of 05-09-2026 16.59(2)_orig.wav
SPK002,unknown,Copy of 05-09-2026 16.59(2).wav,Copy of 05-09-2026 16.59(2)_aug_shift.wav,time_shift,SPK002/unknown/Copy of 05-09-2026 16.59(2)_aug_shift.wav
SPK002,unknown,Copy of 05-09-2026 16.59(2).wav,Copy of 05-09-2026 16.59(2)_aug_noise.wav,noise,SPK002/unknown/Copy of 05-09-2026 16.59(2)_aug_noise.wav
SPK002,unknown,Copy of 05-09-2026 16.59(2).wav,Copy of 05-09-2026 16.59(2)_aug_gain.wav,gain,SPK002/unknown/Copy of 05-09-2026 16.59(2)_aug_gain.wav
SPK002,unknown,Copy of 05-09-2026 16.59(2).wav,Copy of 05-09-2026 16.59(2)_aug_comp.wav,composite,SPK002/unknown/Copy of 05-09-2026 16.59(2)_aug_comp.wav
SPK002,unknown,Copy of 05-09-2026 16.59(3).wav,Copy of 05-09-2026 16.59(3)_orig.wav,clean_original,SPK002/unknown/Copy of 05-09-2026 16.59(3)_orig.wav
SPK002,unknown,Copy of 05-09-2026 16.59(3).wav,Copy of 05-09-2026 16.59(3)_aug_shift.wav,time_shift,SPK002/unknown/Copy of 05-09-2026 16.59(3)_aug_shift.wav
SPK002,unknown,Copy of 05-09-2026 16.59(3).wav,Copy of 05-09-2026 16.59(3)_aug_noise.wav,noise,SPK002/unknown/Copy of 05-09-2026 16.59(3)_aug_noise.wav
SPK002,unknown,Copy of 05-09-2026 16.59(3).wav,Copy of 05-09-2026 16.59(3)_aug_gain.wav,gain,SPK002/unknown/Copy of 05-09-2026 16.59(3)_aug_gain.wav
SPK002,unknown,Copy of 05-09-2026 16.59(3).wav,Copy of 05-09-2026 16.59(3)_aug_comp.wav,composite,SPK002/unknown/Copy of 05-09-2026 16.59(3)_aug_comp.wav
SPK002,unknown,Copy of 05-09-2026 16.59.wav,Copy of 05-09-2026 16.59_orig.wav,clean_original,SPK002/unknown/Copy of 05-09-2026 16.59_orig.wav
SPK002,unknown,Copy of 05-09-2026 16.59.wav,Copy of 05-09-2026 16.59_aug_shift.wav,time_shift,SPK002/unknown/Copy of 05-09-2026 16.59_aug_shift.wav
SPK002,unknown,Copy of 05-09-2026 16.59.wav,Copy of 05-09-2026 16.59_aug_noise.wav,noise,SPK002/unknown/Copy of 05-09-2026 16.59_aug_noise.wav
SPK002,unknown,Copy of 05-09-2026 16.59.wav,Copy of 05-09-2026 16.59_aug_gain.wav,gain,SPK002/unknown/Copy of 05-09-2026 16.59_aug_gain.wav
SPK002,unknown,Copy of 05-09-2026 16.59.wav,Copy of 05-09-2026 16.59_aug_comp.wav,composite,SPK002/unknown/Copy of 05-09-2026 16.59_aug_comp.wav
SPK002,unknown,Copy of 05-09-2026 17.00(10).wav,Copy of 05-09-2026 17.00(10)_orig.wav,clean_original,SPK002/unknown/Copy of 05-09-2026 17.00(10)_orig.wav
SPK002,unknown,Copy of 05-09-2026 17.00(10).wav,Copy of 05-09-2026 17.00(10)_aug_shift.wav,time_shift,SPK002/unknown/Copy of 05-09-2026 17.00(10)_aug_shift.wav
SPK002,unknown,Copy of 05-09-2026 17.00(10).wav,Copy of 05-09-2026 17.00(10)_aug_noise.wav,noise,SPK002/unknown/Copy of 05-09-2026 17.00(10)_aug_noise.wav
SPK002,unknown,Copy of 05-09-2026 17.00(10).wav,Copy of 05-09-2026 17.00(10)_aug_gain.wav,gain,SPK002/unknown/Copy of 05-09-2026 17.00(10)_aug_gain.wav
SPK002,unknown,Copy of 05-09-2026 17.00(10).wav,Copy of 05-09-2026 17.00(10)_aug_comp.wav,composite,SPK002/unknown/Copy of 05-09-2026 17.00(10)_aug_comp.wav
SPK002,unknown,Copy of 05-09-2026 17.00(2).wav,Copy of 05-09-2026 17.00(2)_orig.wav,clean_original,SPK002/unknown/Copy of 05-09-2026 17.00(2)_orig.wav
SPK002,unknown,Copy of 05-09-2026 17.00(2).wav,Copy of 05-09-2026 17.00(2)_aug_shift.wav,time_shift,SPK002/unknown/Copy of 05-09-2026 17.00(2)_aug_shift.wav
SPK002,unknown,Copy of 05-09-2026 17.00(2).wav,Copy of 05-09-2026 17.00(2)_aug_noise.wav,noise,SPK002/unknown/Copy of 05-09-2026 17.00(2)_aug_noise.wav
SPK002,unknown,Copy of 05-09-2026 17.00(2).wav,Copy of 05-09-2026 17.00(2)_aug_gain.wav,gain,SPK002/unknown/Copy of 05-09-2026 17.00(2)_aug_gain.wav
SPK002,unknown,Copy of 05-09-2026 17.00(2).wav,Copy of 05-09-2026 17.00(2)_aug_comp.wav,composite,SPK002/unknown/Copy of 05-09-2026 17.00(2)_aug_comp.wav
SPK002,unknown,Copy of 05-09-2026 17.00(3).wav,Copy of 05-09-2026 17.00(3)_orig.wav,clean_original,SPK002/unknown/Copy of 05-09-2026 17.00(3)_orig.wav
SPK002,unknown,Copy of 05-09-2026 17.00(3).wav,Copy of 05-09-2026 17.00(3)_aug_shift.wav,time_shift,SPK002/unknown/Copy of 05-09-2026 17.00(3)_aug_shift.wav
SPK002,unknown,Copy of 05-09-2026 17.00(3).wav,Copy of 05-09-2026 17.00(3)_aug_noise.wav,noise,SPK002/unknown/Copy of 05-09-2026 17.00(3)_aug_noise.wav
SPK002,unknown,Copy of 05-09-2026 17.00(3).wav,Copy of 05-09-2026 17.00(3)_aug_gain.wav,gain,SPK002/unknown/Copy of 05-09-2026 17.00(3)_aug_gain.wav
SPK002,unknown,Copy of 05-09-2026 17.00(3).wav,Copy of 05-09-2026 17.00(3)_aug_comp.wav,composite,SPK002/unknown/Copy of 05-09-2026 17.00(3)_aug_comp.wav
SPK002,unknown,Copy of 05-09-2026 17.00(4).wav,Copy of 05-09-2026 17.00(4)_orig.wav,clean_original,SPK002/unknown/Copy of 05-09-2026 17.00(4)_orig.wav
SPK002,unknown,Copy of 05-09-2026 17.00(4).wav,Copy of 05-09-2026 17.00(4)_aug_shift.wav,time_shift,SPK002/unknown/Copy of 05-09-2026 17.00(4)_aug_shift.wav
SPK002,unknown,Copy of 05-09-2026 17.00(4).wav,Copy of 05-09-2026 17.00(4)_aug_noise.wav,noise,SPK002/unknown/Copy of 05-09-2026 17.00(4)_aug_noise.wav
SPK002,unknown,Copy of 05-09-2026 17.00(4).wav,Copy of 05-09-2026 17.00(4)_aug_gain.wav,gain,SPK002/unknown/Copy of 05-09-2026 17.00(4)_aug_gain.wav
SPK002,unknown,Copy of 05-09-2026 17.00(4).wav,Copy of 05-09-2026 17.00(4)_aug_comp.wav,composite,SPK002/unknown/Copy of 05-09-2026 17.00(4)_aug_comp.wav
SPK002,unknown,Copy of 05-09-2026 17.00(5).wav,Copy of 05-09-2026 17.00(5)_orig.wav,clean_original,SPK002/unknown/Copy of 05-09-2026 17.00(5)_orig.wav
SPK002,unknown,Copy of 05-09-2026 17.00(5).wav,Copy of 05-09-2026 17.00(5)_aug_shift.wav,time_shift,SPK002/unknown/Copy of 05-09-2026 17.00(5)_aug_shift.wav
SPK002,unknown,Copy of 05-09-2026 17.00(5).wav,Copy of 05-09-2026 17.00(5)_aug_noise.wav,noise,SPK002/unknown/Copy of 05-09-2026 17.00(5)_aug_noise.wav
SPK002,unknown,Copy of 05-09-2026 17.00(5).wav,Copy of 05-09-2026 17.00(5)_aug_gain.wav,gain,SPK002/unknown/Copy of 05-09-2026 17.00(5)_aug_gain.wav
SPK002,unknown,Copy of 05-09-2026 17.00(5).wav,Copy of 05-09-2026 17.00(5)_aug_comp.wav,composite,SPK002/unknown/Copy of 05-09-2026 17.00(5)_aug_comp.wav
SPK002,unknown,Copy of 05-09-2026 17.00(6).wav,Copy of 05-09-2026 17.00(6)_orig.wav,clean_original,SPK002/unknown/Copy of 05-09-2026 17.00(6)_orig.wav
SPK002,unknown,Copy of 05-09-2026 17.00(6).wav,Copy of 05-09-2026 17.00(6)_aug_shift.wav,time_shift,SPK002/unknown/Copy of 05-09-2026 17.00(6)_aug_shift.wav
SPK002,unknown,Copy of 05-09-2026 17.00(6).wav,Copy of 05-09-2026 17.00(6)_aug_noise.wav,noise,SPK002/unknown/Copy of 05-09-2026 17.00(6)_aug_noise.wav
SPK002,unknown,Copy of 05-09-2026 17.00(6).wav,Copy of 05-09-2026 17.00(6)_aug_gain.wav,gain,SPK002/unknown/Copy of 05-09-2026 17.00(6)_aug_gain.wav
SPK002,unknown,Copy of 05-09-2026 17.00(6).wav,Copy of 05-09-2026 17.00(6)_aug_comp.wav,composite,SPK002/unknown/Copy of 05-09-2026 17.00(6)_aug_comp.wav
SPK002,unknown,Copy of 05-09-2026 17.00(7).wav,Copy of 05-09-2026 17.00(7)_orig.wav,clean_original,SPK002/unknown/Copy of 05-09-2026 17.00(7)_orig.wav
SPK002,unknown,Copy of 05-09-2026 17.00(7).wav,Copy of 05-09-2026 17.00(7)_aug_shift.wav,time_shift,SPK002/unknown/Copy of 05-09-2026 17.00(7)_aug_shift.wav
SPK002,unknown,Copy of 05-09-2026 17.00(7).wav,Copy of 05-09-2026 17.00(7)_aug_noise.wav,noise,SPK002/unknown/Copy of 05-09-2026 17.00(7)_aug_noise.wav
SPK002,unknown,Copy of 05-09-2026 17.00(7).wav,Copy of 05-09-2026 17.00(7)_aug_gain.wav,gain,SPK002/unknown/Copy of 05-09-2026 17.00(7)_aug_gain.wav
SPK002,unknown,Copy of 05-09-2026 17.00(7).wav,Copy of 05-09-2026 17.00(7)_aug_comp.wav,composite,SPK002/unknown/Copy of 05-09-2026 17.00(7)_aug_comp.wav
SPK002,unknown,Copy of 05-09-2026 17.00(8).wav,Copy of 05-09-2026 17.00(8)_orig.wav,clean_original,SPK002/unknown/Copy of 05-09-2026 17.00(8)_orig.wav
SPK002,unknown,Copy of 05-09-2026 17.00(8).wav,Copy of 05-09-2026 17.00(8)_aug_shift.wav,time_shift,SPK002/unknown/Copy of 05-09-2026 17.00(8)_aug_shift.wav
SPK002,unknown,Copy of 05-09-2026 17.00(8).wav,Copy of 05-09-2026 17.00(8)_aug_noise.wav,noise,SPK002/unknown/Copy of 05-09-2026 17.00(8)_aug_noise.wav
SPK002,unknown,Copy of 05-09-2026 17.00(8).wav,Copy of 05-09-2026 17.00(8)_aug_gain.wav,gain,SPK002/unknown/Copy of 05-09-2026 17.00(8)_aug_gain.wav
SPK002,unknown,Copy of 05-09-2026 17.00(8).wav,Copy of 05-09-2026 17.00(8)_aug_comp.wav,composite,SPK002/unknown/Copy of 05-09-2026 17.00(8)_aug_comp.wav
SPK002,unknown,Copy of 05-09-2026 17.00(9).wav,Copy of 05-09-2026 17.00(9)_orig.wav,clean_original,SPK002/unknown/Copy of 05-09-2026 17.00(9)_orig.wav
SPK002,unknown,Copy of 05-09-2026 17.00(9).wav,Copy of 05-09-2026 17.00(9)_aug_shift.wav,time_shift,SPK002/unknown/Copy of 05-09-2026 17.00(9)_aug_shift.wav
SPK002,unknown,Copy of 05-09-2026 17.00(9).wav,Copy of 05-09-2026 17.00(9)_aug_noise.wav,noise,SPK002/unknown/Copy of 05-09-2026 17.00(9)_aug_noise.wav
SPK002,unknown,Copy of 05-09-2026 17.00(9).wav,Copy of 05-09-2026 17.00(9)_aug_gain.wav,gain,SPK002/unknown/Copy of 05-09-2026 17.00(9)_aug_gain.wav
SPK002,unknown,Copy of 05-09-2026 17.00(9).wav,Copy of 05-09-2026 17.00(9)_aug_comp.wav,composite,SPK002/unknown/Copy of 05-09-2026 17.00(9)_aug_comp.wav
SPK002,unknown,Copy of 05-09-2026 17.00.wav,Copy of 05-09-2026 17.00_orig.wav,clean_original,SPK002/unknown/Copy of 05-09-2026 17.00_orig.wav
SPK002,unknown,Copy of 05-09-2026 17.00.wav,Copy of 05-09-2026 17.00_aug_shift.wav,time_shift,SPK002/unknown/Copy of 05-09-2026 17.00_aug_shift.wav
SPK002,unknown,Copy of 05-09-2026 17.00.wav,Copy of 05-09-2026 17.00_aug_noise.wav,noise,SPK002/unknown/Copy of 05-09-2026 17.00_aug_noise.wav
SPK002,unknown,Copy of 05-09-2026 17.00.wav,Copy of 05-09-2026 17.00_aug_gain.wav,gain,SPK002/unknown/Copy of 05-09-2026 17.00_aug_gain.wav
SPK002,unknown,Copy of 05-09-2026 17.00.wav,Copy of 05-09-2026 17.00_aug_comp.wav,composite,SPK002/unknown/Copy of 05-09-2026 17.00_aug_comp.wav
SPK002,unknown,Copy of 05-09-2026 17.01(2).wav,Copy of 05-09-2026 17.01(2)_orig.wav,clean_original,SPK002/unknown/Copy of 05-09-2026 17.01(2)_orig.wav
SPK002,unknown,Copy of 05-09-2026 17.01(2).wav,Copy of 05-09-2026 17.01(2)_aug_shift.wav,time_shift,SPK002/unknown/Copy of 05-09-2026 17.01(2)_aug_shift.wav
SPK002,unknown,Copy of 05-09-2026 17.01(2).wav,Copy of 05-09-2026 17.01(2)_aug_noise.wav,noise,SPK002/unknown/Copy of 05-09-2026 17.01(2)_aug_noise.wav
SPK002,unknown,Copy of 05-09-2026 17.01(2).wav,Copy of 05-09-2026 17.01(2)_aug_gain.wav,gain,SPK002/unknown/Copy of 05-09-2026 17.01(2)_aug_gain.wav
SPK002,unknown,Copy of 05-09-2026 17.01(2).wav,Copy of 05-09-2026 17.01(2)_aug_comp.wav,composite,SPK002/unknown/Copy of 05-09-2026 17.01(2)_aug_comp.wav
SPK002,unknown,Copy of 05-09-2026 17.01(3).wav,Copy of 05-09-2026 17.01(3)_orig.wav,clean_original,SPK002/unknown/Copy of 05-09-2026 17.01(3)_orig.wav
SPK002,unknown,Copy of 05-09-2026 17.01(3).wav,Copy of 05-09-2026 17.01(3)_aug_shift.wav,time_shift,SPK002/unknown/Copy of 05-09-2026 17.01(3)_aug_shift.wav
SPK002,unknown,Copy of 05-09-2026 17.01(3).wav,Copy of 05-09-2026 17.01(3)_aug_noise.wav,noise,SPK002/unknown/Copy of 05-09-2026 17.01(3)_aug_noise.wav
SPK002,unknown,Copy of 05-09-2026 17.01(3).wav,Copy of 05-09-2026 17.01(3)_aug_gain.wav,gain,SPK002/unknown/Copy of 05-09-2026 17.01(3)_aug_gain.wav
SPK002,unknown,Copy of 05-09-2026 17.01(3).wav,Copy of 05-09-2026 17.01(3)_aug_comp.wav,composite,SPK002/unknown/Copy of 05-09-2026 17.01(3)_aug_comp.wav
SPK002,unknown,Copy of 05-09-2026 17.01(4).wav,Copy of 05-09-2026 17.01(4)_orig.wav,clean_original,SPK002/unknown/Copy of 05-09-2026 17.01(4)_orig.wav
SPK002,unknown,Copy of 05-09-2026 17.01(4).wav,Copy of 05-09-2026 17.01(4)_aug_shift.wav,time_shift,SPK002/unknown/Copy of 05-09-2026 17.01(4)_aug_shift.wav
SPK002,unknown,Copy of 05-09-2026 17.01(4).wav,Copy of 05-09-2026 17.01(4)_aug_noise.wav,noise,SPK002/unknown/Copy of 05-09-2026 17.01(4)_aug_noise.wav
SPK002,unknown,Copy of 05-09-2026 17.01(4).wav,Copy of 05-09-2026 17.01(4)_aug_gain.wav,gain,SPK002/unknown/Copy of 05-09-2026 17.01(4)_aug_gain.wav
SPK002,unknown,Copy of 05-09-2026 17.01(4).wav,Copy of 05-09-2026 17.01(4)_aug_comp.wav,composite,SPK002/unknown/Copy of 05-09-2026 17.01(4)_aug_comp.wav
SPK002,unknown,Copy of 05-09-2026 17.01(5).wav,Copy of 05-09-2026 17.01(5)_orig.wav,clean_original,SPK002/unknown/Copy of 05-09-2026 17.01(5)_orig.wav
SPK002,unknown,Copy of 05-09-2026 17.01(5).wav,Copy of 05-09-2026 17.01(5)_aug_shift.wav,time_shift,SPK002/unknown/Copy of 05-09-2026 17.01(5)_aug_shift.wav
SPK002,unknown,Copy of 05-09-2026 17.01(5).wav,Copy of 05-09-2026 17.01(5)_aug_noise.wav,noise,SPK002/unknown/Copy of 05-09-2026 17.01(5)_aug_noise.wav
SPK002,unknown,Copy of 05-09-2026 17.01(5).wav,Copy of 05-09-2026 17.01(5)_aug_gain.wav,gain,SPK002/unknown/Copy of 05-09-2026 17.01(5)_aug_gain.wav
SPK002,unknown,Copy of 05-09-2026 17.01(5).wav,Copy of 05-09-2026 17.01(5)_aug_comp.wav,composite,SPK002/unknown/Copy of 05-09-2026 17.01(5)_aug_comp.wav
SPK002,unknown,Copy of 05-09-2026 17.01(6).wav,Copy of 05-09-2026 17.01(6)_orig.wav,clean_original,SPK002/unknown/Copy of 05-09-2026 17.01(6)_orig.wav
SPK002,unknown,Copy of 05-09-2026 17.01(6).wav,Copy of 05-09-2026 17.01(6)_aug_shift.wav,time_shift,SPK002/unknown/Copy of 05-09-2026 17.01(6)_aug_shift.wav
SPK002,unknown,Copy of 05-09-2026 17.01(6).wav,Copy of 05-09-2026 17.01(6)_aug_noise.wav,noise,SPK002/unknown/Copy of 05-09-2026 17.01(6)_aug_noise.wav
SPK002,unknown,Copy of 05-09-2026 17.01(6).wav,Copy of 05-09-2026 17.01(6)_aug_gain.wav,gain,SPK002/unknown/Copy of 05-09-2026 17.01(6)_aug_gain.wav
SPK002,unknown,Copy of 05-09-2026 17.01(6).wav,Copy of 05-09-2026 17.01(6)_aug_comp.wav,composite,SPK002/unknown/Copy of 05-09-2026 17.01(6)_aug_comp.wav
SPK002,unknown,Copy of 05-09-2026 17.01.wav,Copy of 05-09-2026 17.01_orig.wav,clean_original,SPK002/unknown/Copy of 05-09-2026 17.01_orig.wav
SPK002,unknown,Copy of 05-09-2026 17.01.wav,Copy of 05-09-2026 17.01_aug_shift.wav,time_shift,SPK002/unknown/Copy of 05-09-2026 17.01_aug_shift.wav
SPK002,unknown,Copy of 05-09-2026 17.01.wav,Copy of 05-09-2026 17.01_aug_noise.wav,noise,SPK002/unknown/Copy of 05-09-2026 17.01_aug_noise.wav
SPK002,unknown,Copy of 05-09-2026 17.01.wav,Copy of 05-09-2026 17.01_aug_gain.wav,gain,SPK002/unknown/Copy of 05-09-2026 17.01_aug_gain.wav
SPK002,unknown,Copy of 05-09-2026 17.01.wav,Copy of 05-09-2026 17.01_aug_comp.wav,composite,SPK002/unknown/Copy of 05-09-2026 17.01_aug_comp.wav
SPK002,unknown,Copy of 05-09-2026 17.02(2).wav,Copy of 05-09-2026 17.02(2)_orig.wav,clean_original,SPK002/unknown/Copy of 05-09-2026 17.02(2)_orig.wav
SPK002,unknown,Copy of 05-09-2026 17.02(2).wav,Copy of 05-09-2026 17.02(2)_aug_shift.wav,time_shift,SPK002/unknown/Copy of 05-09-2026 17.02(2)_aug_shift.wav
SPK002,unknown,Copy of 05-09-2026 17.02(2).wav,Copy of 05-09-2026 17.02(2)_aug_noise.wav,noise,SPK002/unknown/Copy of 05-09-2026 17.02(2)_aug_noise.wav
SPK002,unknown,Copy of 05-09-2026 17.02(2).wav,Copy of 05-09-2026 17.02(2)_aug_gain.wav,gain,SPK002/unknown/Copy of 05-09-2026 17.02(2)_aug_gain.wav
SPK002,unknown,Copy of 05-09-2026 17.02(2).wav,Copy of 05-09-2026 17.02(2)_aug_comp.wav,composite,SPK002/unknown/Copy of 05-09-2026 17.02(2)_aug_comp.wav
SPK002,unknown,Copy of 05-09-2026 17.02(3).wav,Copy of 05-09-2026 17.02(3)_orig.wav,clean_original,SPK002/unknown/Copy of 05-09-2026 17.02(3)_orig.wav
SPK002,unknown,Copy of 05-09-2026 17.02(3).wav,Copy of 05-09-2026 17.02(3)_aug_shift.wav,time_shift,SPK002/unknown/Copy of 05-09-2026 17.02(3)_aug_shift.wav
SPK002,unknown,Copy of 05-09-2026 17.02(3).wav,Copy of 05-09-2026 17.02(3)_aug_noise.wav,noise,SPK002/unknown/Copy of 05-09-2026 17.02(3)_aug_noise.wav
SPK002,unknown,Copy of 05-09-2026 17.02(3).wav,Copy of 05-09-2026 17.02(3)_aug_gain.wav,gain,SPK002/unknown/Copy of 05-09-2026 17.02(3)_aug_gain.wav
SPK002,unknown,Copy of 05-09-2026 17.02(3).wav,Copy of 05-09-2026 17.02(3)_aug_comp.wav,composite,SPK002/unknown/Copy of 05-09-2026 17.02(3)_aug_comp.wav
SPK002,unknown,Copy of 05-09-2026 17.02(4).wav,Copy of 05-09-2026 17.02(4)_orig.wav,clean_original,SPK002/unknown/Copy of 05-09-2026 17.02(4)_orig.wav
SPK002,unknown,Copy of 05-09-2026 17.02(4).wav,Copy of 05-09-2026 17.02(4)_aug_shift.wav,time_shift,SPK002/unknown/Copy of 05-09-2026 17.02(4)_aug_shift.wav
SPK002,unknown,Copy of 05-09-2026 17.02(4).wav,Copy of 05-09-2026 17.02(4)_aug_noise.wav,noise,SPK002/unknown/Copy of 05-09-2026 17.02(4)_aug_noise.wav
SPK002,unknown,Copy of 05-09-2026 17.02(4).wav,Copy of 05-09-2026 17.02(4)_aug_gain.wav,gain,SPK002/unknown/Copy of 05-09-2026 17.02(4)_aug_gain.wav
SPK002,unknown,Copy of 05-09-2026 17.02(4).wav,Copy of 05-09-2026 17.02(4)_aug_comp.wav,composite,SPK002/unknown/Copy of 05-09-2026 17.02(4)_aug_comp.wav
SPK002,unknown,Copy of 05-09-2026 17.02(5).wav,Copy of 05-09-2026 17.02(5)_orig.wav,clean_original,SPK002/unknown/Copy of 05-09-2026 17.02(5)_orig.wav
SPK002,unknown,Copy of 05-09-2026 17.02(5).wav,Copy of 05-09-2026 17.02(5)_aug_shift.wav,time_shift,SPK002/unknown/Copy of 05-09-2026 17.02(5)_aug_shift.wav
SPK002,unknown,Copy of 05-09-2026 17.02(5).wav,Copy of 05-09-2026 17.02(5)_aug_noise.wav,noise,SPK002/unknown/Copy of 05-09-2026 17.02(5)_aug_noise.wav
SPK002,unknown,Copy of 05-09-2026 17.02(5).wav,Copy of 05-09-2026 17.02(5)_aug_gain.wav,gain,SPK002/unknown/Copy of 05-09-2026 17.02(5)_aug_gain.wav
SPK002,unknown,Copy of 05-09-2026 17.02(5).wav,Copy of 05-09-2026 17.02(5)_aug_comp.wav,composite,SPK002/unknown/Copy of 05-09-2026 17.02(5)_aug_comp.wav
SPK002,unknown,Copy of 05-09-2026 17.02(6).wav,Copy of 05-09-2026 17.02(6)_orig.wav,clean_original,SPK002/unknown/Copy of 05-09-2026 17.02(6)_orig.wav
SPK002,unknown,Copy of 05-09-2026 17.02(6).wav,Copy of 05-09-2026 17.02(6)_aug_shift.wav,time_shift,SPK002/unknown/Copy of 05-09-2026 17.02(6)_aug_shift.wav
SPK002,unknown,Copy of 05-09-2026 17.02(6).wav,Copy of 05-09-2026 17.02(6)_aug_noise.wav,noise,SPK002/unknown/Copy of 05-09-2026 17.02(6)_aug_noise.wav
SPK002,unknown,Copy of 05-09-2026 17.02(6).wav,Copy of 05-09-2026 17.02(6)_aug_gain.wav,gain,SPK002/unknown/Copy of 05-09-2026 17.02(6)_aug_gain.wav
SPK002,unknown,Copy of 05-09-2026 17.02(6).wav,Copy of 05-09-2026 17.02(6)_aug_comp.wav,composite,SPK002/unknown/Copy of 05-09-2026 17.02(6)_aug_comp.wav
SPK002,unknown,Copy of 05-09-2026 17.02(7).wav,Copy of 05-09-2026 17.02(7)_orig.wav,clean_original,SPK002/unknown/Copy of 05-09-2026 17.02(7)_orig.wav
SPK002,unknown,Copy of 05-09-2026 17.02(7).wav,Copy of 05-09-2026 17.02(7)_aug_shift.wav,time_shift,SPK002/unknown/Copy of 05-09-2026 17.02(7)_aug_shift.wav
SPK002,unknown,Copy of 05-09-2026 17.02(7).wav,Copy of 05-09-2026 17.02(7)_aug_noise.wav,noise,SPK002/unknown/Copy of 05-09-2026 17.02(7)_aug_noise.wav
SPK002,unknown,Copy of 05-09-2026 17.02(7).wav,Copy of 05-09-2026 17.02(7)_aug_gain.wav,gain,SPK002/unknown/Copy of 05-09-2026 17.02(7)_aug_gain.wav
SPK002,unknown,Copy of 05-09-2026 17.02(7).wav,Copy of 05-09-2026 17.02(7)_aug_comp.wav,composite,SPK002/unknown/Copy of 05-09-2026 17.02(7)_aug_comp.wav
SPK002,unknown,Copy of 05-09-2026 17.02(8).wav,Copy of 05-09-2026 17.02(8)_orig.wav,clean_original,SPK002/unknown/Copy of 05-09-2026 17.02(8)_orig.wav
SPK002,unknown,Copy of 05-09-2026 17.02(8).wav,Copy of 05-09-2026 17.02(8)_aug_shift.wav,time_shift,SPK002/unknown/Copy of 05-09-2026 17.02(8)_aug_shift.wav
SPK002,unknown,Copy of 05-09-2026 17.02(8).wav,Copy of 05-09-2026 17.02(8)_aug_noise.wav,noise,SPK002/unknown/Copy of 05-09-2026 17.02(8)_aug_noise.wav
SPK002,unknown,Copy of 05-09-2026 17.02(8).wav,Copy of 05-09-2026 17.02(8)_aug_gain.wav,gain,SPK002/unknown/Copy of 05-09-2026 17.02(8)_aug_gain.wav
SPK002,unknown,Copy of 05-09-2026 17.02(8).wav,Copy of 05-09-2026 17.02(8)_aug_comp.wav,composite,SPK002/unknown/Copy of 05-09-2026 17.02(8)_aug_comp.wav
SPK002,unknown,Copy of 05-09-2026 17.02.wav,Copy of 05-09-2026 17.02_orig.wav,clean_original,SPK002/unknown/Copy of 05-09-2026 17.02_orig.wav
SPK002,unknown,Copy of 05-09-2026 17.02.wav,Copy of 05-09-2026 17.02_aug_shift.wav,time_shift,SPK002/unknown/Copy of 05-09-2026 17.02_aug_shift.wav
SPK002,unknown,Copy of 05-09-2026 17.02.wav,Copy of 05-09-2026 17.02_aug_noise.wav,noise,SPK002/unknown/Copy of 05-09-2026 17.02_aug_noise.wav
SPK002,unknown,Copy of 05-09-2026 17.02.wav,Copy of 05-09-2026 17.02_aug_gain.wav,gain,SPK002/unknown/Copy of 05-09-2026 17.02_aug_gain.wav
SPK002,unknown,Copy of 05-09-2026 17.02.wav,Copy of 05-09-2026 17.02_aug_comp.wav,composite,SPK002/unknown/Copy of 05-09-2026 17.02_aug_comp.wav
SPK002,unknown,Copy of 05-09-2026 17.03.wav,Copy of 05-09-2026 17.03_orig.wav,clean_original,SPK002/unknown/Copy of 05-09-2026 17.03_orig.wav
SPK002,unknown,Copy of 05-09-2026 17.03.wav,Copy of 05-09-2026 17.03_aug_shift.wav,time_shift,SPK002/unknown/Copy of 05-09-2026 17.03_aug_shift.wav
SPK002,unknown,Copy of 05-09-2026 17.03.wav,Copy of 05-09-2026 17.03_aug_noise.wav,noise,SPK002/unknown/Copy of 05-09-2026 17.03_aug_noise.wav
SPK002,unknown,Copy of 05-09-2026 17.03.wav,Copy of 05-09-2026 17.03_aug_gain.wav,gain,SPK002/unknown/Copy of 05-09-2026 17.03_aug_gain.wav
SPK002,unknown,Copy of 05-09-2026 17.03.wav,Copy of 05-09-2026 17.03_aug_comp.wav,composite,SPK002/unknown/Copy of 05-09-2026 17.03_aug_comp.wav
SPK002,unknown,Copy of 07-09-2026 15.42(2).wav,Copy of 07-09-2026 15.42(2)_orig.wav,clean_original,SPK002/unknown/Copy of 07-09-2026 15.42(2)_orig.wav
SPK002,unknown,Copy of 07-09-2026 15.42(2).wav,Copy of 07-09-2026 15.42(2)_aug_shift.wav,time_shift,SPK002/unknown/Copy of 07-09-2026 15.42(2)_aug_shift.wav
SPK002,unknown,Copy of 07-09-2026 15.42(2).wav,Copy of 07-09-2026 15.42(2)_aug_noise.wav,noise,SPK002/unknown/Copy of 07-09-2026 15.42(2)_aug_noise.wav
SPK002,unknown,Copy of 07-09-2026 15.42(2).wav,Copy of 07-09-2026 15.42(2)_aug_gain.wav,gain,SPK002/unknown/Copy of 07-09-2026 15.42(2)_aug_gain.wav
SPK002,unknown,Copy of 07-09-2026 15.42(2).wav,Copy of 07-09-2026 15.42(2)_aug_comp.wav,composite,SPK002/unknown/Copy of 07-09-2026 15.42(2)_aug_comp.wav
SPK002,unknown,Copy of 07-09-2026 15.42(3).wav,Copy of 07-09-2026 15.42(3)_orig.wav,clean_original,SPK002/unknown/Copy of 07-09-2026 15.42(3)_orig.wav
SPK002,unknown,Copy of 07-09-2026 15.42(3).wav,Copy of 07-09-2026 15.42(3)_aug_shift.wav,time_shift,SPK002/unknown/Copy of 07-09-2026 15.42(3)_aug_shift.wav
SPK002,unknown,Copy of 07-09-2026 15.42(3).wav,Copy of 07-09-2026 15.42(3)_aug_noise.wav,noise,SPK002/unknown/Copy of 07-09-2026 15.42(3)_aug_noise.wav
SPK002,unknown,Copy of 07-09-2026 15.42(3).wav,Copy of 07-09-2026 15.42(3)_aug_gain.wav,gain,SPK002/unknown/Copy of 07-09-2026 15.42(3)_aug_gain.wav
SPK002,unknown,Copy of 07-09-2026 15.42(3).wav,Copy of 07-09-2026 15.42(3)_aug_comp.wav,composite,SPK002/unknown/Copy of 07-09-2026 15.42(3)_aug_comp.wav
SPK002,unknown,Copy of 07-09-2026 15.42(4).wav,Copy of 07-09-2026 15.42(4)_orig.wav,clean_original,SPK002/unknown/Copy of 07-09-2026 15.42(4)_orig.wav
SPK002,unknown,Copy of 07-09-2026 15.42(4).wav,Copy of 07-09-2026 15.42(4)_aug_shift.wav,time_shift,SPK002/unknown/Copy of 07-09-2026 15.42(4)_aug_shift.wav
SPK002,unknown,Copy of 07-09-2026 15.42(4).wav,Copy of 07-09-2026 15.42(4)_aug_noise.wav,noise,SPK002/unknown/Copy of 07-09-2026 15.42(4)_aug_noise.wav
SPK002,unknown,Copy of 07-09-2026 15.42(4).wav,Copy of 07-09-2026 15.42(4)_aug_gain.wav,gain,SPK002/unknown/Copy of 07-09-2026 15.42(4)_aug_gain.wav
SPK002,unknown,Copy of 07-09-2026 15.42(4).wav,Copy of 07-09-2026 15.42(4)_aug_comp.wav,composite,SPK002/unknown/Copy of 07-09-2026 15.42(4)_aug_comp.wav
SPK002,unknown,Copy of 07-09-2026 15.42.wav,Copy of 07-09-2026 15.42_orig.wav,clean_original,SPK002/unknown/Copy of 07-09-2026 15.42_orig.wav
SPK002,unknown,Copy of 07-09-2026 15.42.wav,Copy of 07-09-2026 15.42_aug_shift.wav,time_shift,SPK002/unknown/Copy of 07-09-2026 15.42_aug_shift.wav
SPK002,unknown,Copy of 07-09-2026 15.42.wav,Copy of 07-09-2026 15.42_aug_noise.wav,noise,SPK002/unknown/Copy of 07-09-2026 15.42_aug_noise.wav
SPK002,unknown,Copy of 07-09-2026 15.42.wav,Copy of 07-09-2026 15.42_aug_gain.wav,gain,SPK002/unknown/Copy of 07-09-2026 15.42_aug_gain.wav
SPK002,unknown,Copy of 07-09-2026 15.42.wav,Copy of 07-09-2026 15.42_aug_comp.wav,composite,SPK002/unknown/Copy of 07-09-2026 15.42_aug_comp.wav
SPK002,unknown,Copy of 07-09-2026 15.43(2).wav,Copy of 07-09-2026 15.43(2)_orig.wav,clean_original,SPK002/unknown/Copy of 07-09-2026 15.43(2)_orig.wav
SPK002,unknown,Copy of 07-09-2026 15.43(2).wav,Copy of 07-09-2026 15.43(2)_aug_shift.wav,time_shift,SPK002/unknown/Copy of 07-09-2026 15.43(2)_aug_shift.wav
SPK002,unknown,Copy of 07-09-2026 15.43(2).wav,Copy of 07-09-2026 15.43(2)_aug_noise.wav,noise,SPK002/unknown/Copy of 07-09-2026 15.43(2)_aug_noise.wav
SPK002,unknown,Copy of 07-09-2026 15.43(2).wav,Copy of 07-09-2026 15.43(2)_aug_gain.wav,gain,SPK002/unknown/Copy of 07-09-2026 15.43(2)_aug_gain.wav
SPK002,unknown,Copy of 07-09-2026 15.43(2).wav,Copy of 07-09-2026 15.43(2)_aug_comp.wav,composite,SPK002/unknown/Copy of 07-09-2026 15.43(2)_aug_comp.wav
SPK002,unknown,Copy of 07-09-2026 15.43(3).wav,Copy of 07-09-2026 15.43(3)_orig.wav,clean_original,SPK002/unknown/Copy of 07-09-2026 15.43(3)_orig.wav
SPK002,unknown,Copy of 07-09-2026 15.43(3).wav,Copy of 07-09-2026 15.43(3)_aug_shift.wav,time_shift,SPK002/unknown/Copy of 07-09-2026 15.43(3)_aug_shift.wav
SPK002,unknown,Copy of 07-09-2026 15.43(3).wav,Copy of 07-09-2026 15.43(3)_aug_noise.wav,noise,SPK002/unknown/Copy of 07-09-2026 15.43(3)_aug_noise.wav
SPK002,unknown,Copy of 07-09-2026 15.43(3).wav,Copy of 07-09-2026 15.43(3)_aug_gain.wav,gain,SPK002/unknown/Copy of 07-09-2026 15.43(3)_aug_gain.wav
SPK002,unknown,Copy of 07-09-2026 15.43(3).wav,Copy of 07-09-2026 15.43(3)_aug_comp.wav,composite,SPK002/unknown/Copy of 07-09-2026 15.43(3)_aug_comp.wav
SPK002,unknown,Copy of 07-09-2026 15.43(4).wav,Copy of 07-09-2026 15.43(4)_orig.wav,clean_original,SPK002/unknown/Copy of 07-09-2026 15.43(4)_orig.wav
SPK002,unknown,Copy of 07-09-2026 15.43(4).wav,Copy of 07-09-2026 15.43(4)_aug_shift.wav,time_shift,SPK002/unknown/Copy of 07-09-2026 15.43(4)_aug_shift.wav
SPK002,unknown,Copy of 07-09-2026 15.43(4).wav,Copy of 07-09-2026 15.43(4)_aug_noise.wav,noise,SPK002/unknown/Copy of 07-09-2026 15.43(4)_aug_noise.wav
SPK002,unknown,Copy of 07-09-2026 15.43(4).wav,Copy of 07-09-2026 15.43(4)_aug_gain.wav,gain,SPK002/unknown/Copy of 07-09-2026 15.43(4)_aug_gain.wav
SPK002,unknown,Copy of 07-09-2026 15.43(4).wav,Copy of 07-09-2026 15.43(4)_aug_comp.wav,composite,SPK002/unknown/Copy of 07-09-2026 15.43(4)_aug_comp.wav
SPK002,unknown,Copy of 07-09-2026 15.43(5).wav,Copy of 07-09-2026 15.43(5)_orig.wav,clean_original,SPK002/unknown/Copy of 07-09-2026 15.43(5)_orig.wav
SPK002,unknown,Copy of 07-09-2026 15.43(5).wav,Copy of 07-09-2026 15.43(5)_aug_shift.wav,time_shift,SPK002/unknown/Copy of 07-09-2026 15.43(5)_aug_shift.wav
SPK002,unknown,Copy of 07-09-2026 15.43(5).wav,Copy of 07-09-2026 15.43(5)_aug_noise.wav,noise,SPK002/unknown/Copy of 07-09-2026 15.43(5)_aug_noise.wav
SPK002,unknown,Copy of 07-09-2026 15.43(5).wav,Copy of 07-09-2026 15.43(5)_aug_gain.wav,gain,SPK002/unknown/Copy of 07-09-2026 15.43(5)_aug_gain.wav
SPK002,unknown,Copy of 07-09-2026 15.43(5).wav,Copy of 07-09-2026 15.43(5)_aug_comp.wav,composite,SPK002/unknown/Copy of 07-09-2026 15.43(5)_aug_comp.wav
SPK002,unknown,Copy of 07-09-2026 15.43(6).wav,Copy of 07-09-2026 15.43(6)_orig.wav,clean_original,SPK002/unknown/Copy of 07-09-2026 15.43(6)_orig.wav
SPK002,unknown,Copy of 07-09-2026 15.43(6).wav,Copy of 07-09-2026 15.43(6)_aug_shift.wav,time_shift,SPK002/unknown/Copy of 07-09-2026 15.43(6)_aug_shift.wav
SPK002,unknown,Copy of 07-09-2026 15.43(6).wav,Copy of 07-09-2026 15.43(6)_aug_noise.wav,noise,SPK002/unknown/Copy of 07-09-2026 15.43(6)_aug_noise.wav
SPK002,unknown,Copy of 07-09-2026 15.43(6).wav,Copy of 07-09-2026 15.43(6)_aug_gain.wav,gain,SPK002/unknown/Copy of 07-09-2026 15.43(6)_aug_gain.wav
SPK002,unknown,Copy of 07-09-2026 15.43(6).wav,Copy of 07-09-2026 15.43(6)_aug_comp.wav,composite,SPK002/unknown/Copy of 07-09-2026 15.43(6)_aug_comp.wav
SPK002,unknown,Copy of 07-09-2026 15.43(7).wav,Copy of 07-09-2026 15.43(7)_orig.wav,clean_original,SPK002/unknown/Copy of 07-09-2026 15.43(7)_orig.wav
SPK002,unknown,Copy of 07-09-2026 15.43(7).wav,Copy of 07-09-2026 15.43(7)_aug_shift.wav,time_shift,SPK002/unknown/Copy of 07-09-2026 15.43(7)_aug_shift.wav
SPK002,unknown,Copy of 07-09-2026 15.43(7).wav,Copy of 07-09-2026 15.43(7)_aug_noise.wav,noise,SPK002/unknown/Copy of 07-09-2026 15.43(7)_aug_noise.wav
SPK002,unknown,Copy of 07-09-2026 15.43(7).wav,Copy of 07-09-2026 15.43(7)_aug_gain.wav,gain,SPK002/unknown/Copy of 07-09-2026 15.43(7)_aug_gain.wav
SPK002,unknown,Copy of 07-09-2026 15.43(7).wav,Copy of 07-09-2026 15.43(7)_aug_comp.wav,composite,SPK002/unknown/Copy of 07-09-2026 15.43(7)_aug_comp.wav
SPK002,unknown,Copy of 07-09-2026 15.43.wav,Copy of 07-09-2026 15.43_orig.wav,clean_original,SPK002/unknown/Copy of 07-09-2026 15.43_orig.wav
SPK002,unknown,Copy of 07-09-2026 15.43.wav,Copy of 07-09-2026 15.43_aug_shift.wav,time_shift,SPK002/unknown/Copy of 07-09-2026 15.43_aug_shift.wav
SPK002,unknown,Copy of 07-09-2026 15.43.wav,Copy of 07-09-2026 15.43_aug_noise.wav,noise,SPK002/unknown/Copy of 07-09-2026 15.43_aug_noise.wav
SPK002,unknown,Copy of 07-09-2026 15.43.wav,Copy of 07-09-2026 15.43_aug_gain.wav,gain,SPK002/unknown/Copy of 07-09-2026 15.43_aug_gain.wav
SPK002,unknown,Copy of 07-09-2026 15.43.wav,Copy of 07-09-2026 15.43_aug_comp.wav,composite,SPK002/unknown/Copy of 07-09-2026 15.43_aug_comp.wav
SPK002,unknown,Copy of 07-09-2026 15.44(2).wav,Copy of 07-09-2026 15.44(2)_orig.wav,clean_original,SPK002/unknown/Copy of 07-09-2026 15.44(2)_orig.wav
SPK002,unknown,Copy of 07-09-2026 15.44(2).wav,Copy of 07-09-2026 15.44(2)_aug_shift.wav,time_shift,SPK002/unknown/Copy of 07-09-2026 15.44(2)_aug_shift.wav
SPK002,unknown,Copy of 07-09-2026 15.44(2).wav,Copy of 07-09-2026 15.44(2)_aug_noise.wav,noise,SPK002/unknown/Copy of 07-09-2026 15.44(2)_aug_noise.wav
SPK002,unknown,Copy of 07-09-2026 15.44(2).wav,Copy of 07-09-2026 15.44(2)_aug_gain.wav,gain,SPK002/unknown/Copy of 07-09-2026 15.44(2)_aug_gain.wav
SPK002,unknown,Copy of 07-09-2026 15.44(2).wav,Copy of 07-09-2026 15.44(2)_aug_comp.wav,composite,SPK002/unknown/Copy of 07-09-2026 15.44(2)_aug_comp.wav
SPK002,unknown,Copy of 07-09-2026 15.44(3).wav,Copy of 07-09-2026 15.44(3)_orig.wav,clean_original,SPK002/unknown/Copy of 07-09-2026 15.44(3)_orig.wav
SPK002,unknown,Copy of 07-09-2026 15.44(3).wav,Copy of 07-09-2026 15.44(3)_aug_shift.wav,time_shift,SPK002/unknown/Copy of 07-09-2026 15.44(3)_aug_shift.wav
SPK002,unknown,Copy of 07-09-2026 15.44(3).wav,Copy of 07-09-2026 15.44(3)_aug_noise.wav,noise,SPK002/unknown/Copy of 07-09-2026 15.44(3)_aug_noise.wav
SPK002,unknown,Copy of 07-09-2026 15.44(3).wav,Copy of 07-09-2026 15.44(3)_aug_gain.wav,gain,SPK002/unknown/Copy of 07-09-2026 15.44(3)_aug_gain.wav
SPK002,unknown,Copy of 07-09-2026 15.44(3).wav,Copy of 07-09-2026 15.44(3)_aug_comp.wav,composite,SPK002/unknown/Copy of 07-09-2026 15.44(3)_aug_comp.wav
SPK002,unknown,Copy of 07-09-2026 15.44(4).wav,Copy of 07-09-2026 15.44(4)_orig.wav,clean_original,SPK002/unknown/Copy of 07-09-2026 15.44(4)_orig.wav
SPK002,unknown,Copy of 07-09-2026 15.44(4).wav,Copy of 07-09-2026 15.44(4)_aug_shift.wav,time_shift,SPK002/unknown/Copy of 07-09-2026 15.44(4)_aug_shift.wav
SPK002,unknown,Copy of 07-09-2026 15.44(4).wav,Copy of 07-09-2026 15.44(4)_aug_noise.wav,noise,SPK002/unknown/Copy of 07-09-2026 15.44(4)_aug_noise.wav
SPK002,unknown,Copy of 07-09-2026 15.44(4).wav,Copy of 07-09-2026 15.44(4)_aug_gain.wav,gain,SPK002/unknown/Copy of 07-09-2026 15.44(4)_aug_gain.wav
SPK002,unknown,Copy of 07-09-2026 15.44(4).wav,Copy of 07-09-2026 15.44(4)_aug_comp.wav,composite,SPK002/unknown/Copy of 07-09-2026 15.44(4)_aug_comp.wav
SPK002,unknown,Copy of 07-09-2026 15.44(5).wav,Copy of 07-09-2026 15.44(5)_orig.wav,clean_original,SPK002/unknown/Copy of 07-09-2026 15.44(5)_orig.wav
SPK002,unknown,Copy of 07-09-2026 15.44(5).wav,Copy of 07-09-2026 15.44(5)_aug_shift.wav,time_shift,SPK002/unknown/Copy of 07-09-2026 15.44(5)_aug_shift.wav
SPK002,unknown,Copy of 07-09-2026 15.44(5).wav,Copy of 07-09-2026 15.44(5)_aug_noise.wav,noise,SPK002/unknown/Copy of 07-09-2026 15.44(5)_aug_noise.wav
SPK002,unknown,Copy of 07-09-2026 15.44(5).wav,Copy of 07-09-2026 15.44(5)_aug_gain.wav,gain,SPK002/unknown/Copy of 07-09-2026 15.44(5)_aug_gain.wav
SPK002,unknown,Copy of 07-09-2026 15.44(5).wav,Copy of 07-09-2026 15.44(5)_aug_comp.wav,composite,SPK002/unknown/Copy of 07-09-2026 15.44(5)_aug_comp.wav
SPK002,unknown,Copy of 07-09-2026 15.44.wav,Copy of 07-09-2026 15.44_orig.wav,clean_original,SPK002/unknown/Copy of 07-09-2026 15.44_orig.wav
SPK002,unknown,Copy of 07-09-2026 15.44.wav,Copy of 07-09-2026 15.44_aug_shift.wav,time_shift,SPK002/unknown/Copy of 07-09-2026 15.44_aug_shift.wav
SPK002,unknown,Copy of 07-09-2026 15.44.wav,Copy of 07-09-2026 15.44_aug_noise.wav,noise,SPK002/unknown/Copy of 07-09-2026 15.44_aug_noise.wav
SPK002,unknown,Copy of 07-09-2026 15.44.wav,Copy of 07-09-2026 15.44_aug_gain.wav,gain,SPK002/unknown/Copy of 07-09-2026 15.44_aug_gain.wav
SPK002,unknown,Copy of 07-09-2026 15.44.wav,Copy of 07-09-2026 15.44_aug_comp.wav,composite,SPK002/unknown/Copy of 07-09-2026 15.44_aug_comp.wav
SPK002,unknown,Copy of 07-09-2026 15.45(2).wav,Copy of 07-09-2026 15.45(2)_orig.wav,clean_original,SPK002/unknown/Copy of 07-09-2026 15.45(2)_orig.wav
SPK002,unknown,Copy of 07-09-2026 15.45(2).wav,Copy of 07-09-2026 15.45(2)_aug_shift.wav,time_shift,SPK002/unknown/Copy of 07-09-2026 15.45(2)_aug_shift.wav
SPK002,unknown,Copy of 07-09-2026 15.45(2).wav,Copy of 07-09-2026 15.45(2)_aug_noise.wav,noise,SPK002/unknown/Copy of 07-09-2026 15.45(2)_aug_noise.wav
SPK002,unknown,Copy of 07-09-2026 15.45(2).wav,Copy of 07-09-2026 15.45(2)_aug_gain.wav,gain,SPK002/unknown/Copy of 07-09-2026 15.45(2)_aug_gain.wav
SPK002,unknown,Copy of 07-09-2026 15.45(2).wav,Copy of 07-09-2026 15.45(2)_aug_comp.wav,composite,SPK002/unknown/Copy of 07-09-2026 15.45(2)_aug_comp.wav
SPK002,unknown,Copy of 07-09-2026 15.45(3).wav,Copy of 07-09-2026 15.45(3)_orig.wav,clean_original,SPK002/unknown/Copy of 07-09-2026 15.45(3)_orig.wav
SPK002,unknown,Copy of 07-09-2026 15.45(3).wav,Copy of 07-09-2026 15.45(3)_aug_shift.wav,time_shift,SPK002/unknown/Copy of 07-09-2026 15.45(3)_aug_shift.wav
SPK002,unknown,Copy of 07-09-2026 15.45(3).wav,Copy of 07-09-2026 15.45(3)_aug_noise.wav,noise,SPK002/unknown/Copy of 07-09-2026 15.45(3)_aug_noise.wav
SPK002,unknown,Copy of 07-09-2026 15.45(3).wav,Copy of 07-09-2026 15.45(3)_aug_gain.wav,gain,SPK002/unknown/Copy of 07-09-2026 15.45(3)_aug_gain.wav
SPK002,unknown,Copy of 07-09-2026 15.45(3).wav,Copy of 07-09-2026 15.45(3)_aug_comp.wav,composite,SPK002/unknown/Copy of 07-09-2026 15.45(3)_aug_comp.wav
SPK002,unknown,Copy of 07-09-2026 15.45(4).wav,Copy of 07-09-2026 15.45(4)_orig.wav,clean_original,SPK002/unknown/Copy of 07-09-2026 15.45(4)_orig.wav
SPK002,unknown,Copy of 07-09-2026 15.45(4).wav,Copy of 07-09-2026 15.45(4)_aug_shift.wav,time_shift,SPK002/unknown/Copy of 07-09-2026 15.45(4)_aug_shift.wav
SPK002,unknown,Copy of 07-09-2026 15.45(4).wav,Copy of 07-09-2026 15.45(4)_aug_noise.wav,noise,SPK002/unknown/Copy of 07-09-2026 15.45(4)_aug_noise.wav
SPK002,unknown,Copy of 07-09-2026 15.45(4).wav,Copy of 07-09-2026 15.45(4)_aug_gain.wav,gain,SPK002/unknown/Copy of 07-09-2026 15.45(4)_aug_gain.wav
SPK002,unknown,Copy of 07-09-2026 15.45(4).wav,Copy of 07-09-2026 15.45(4)_aug_comp.wav,composite,SPK002/unknown/Copy of 07-09-2026 15.45(4)_aug_comp.wav
SPK002,unknown,Copy of 07-09-2026 15.45.wav,Copy of 07-09-2026 15.45_orig.wav,clean_original,SPK002/unknown/Copy of 07-09-2026 15.45_orig.wav
SPK002,unknown,Copy of 07-09-2026 15.45.wav,Copy of 07-09-2026 15.45_aug_shift.wav,time_shift,SPK002/unknown/Copy of 07-09-2026 15.45_aug_shift.wav
SPK002,unknown,Copy of 07-09-2026 15.45.wav,Copy of 07-09-2026 15.45_aug_noise.wav,noise,SPK002/unknown/Copy of 07-09-2026 15.45_aug_noise.wav
SPK002,unknown,Copy of 07-09-2026 15.45.wav,Copy of 07-09-2026 15.45_aug_gain.wav,gain,SPK002/unknown/Copy of 07-09-2026 15.45_aug_gain.wav
SPK002,unknown,Copy of 07-09-2026 15.45.wav,Copy of 07-09-2026 15.45_aug_comp.wav,composite,SPK002/unknown/Copy of 07-09-2026 15.45_aug_comp.wav
SPK002,unknown,Copy of 07-09-2026 15.46(2).wav,Copy of 07-09-2026 15.46(2)_orig.wav,clean_original,SPK002/unknown/Copy of 07-09-2026 15.46(2)_orig.wav
SPK002,unknown,Copy of 07-09-2026 15.46(2).wav,Copy of 07-09-2026 15.46(2)_aug_shift.wav,time_shift,SPK002/unknown/Copy of 07-09-2026 15.46(2)_aug_shift.wav
SPK002,unknown,Copy of 07-09-2026 15.46(2).wav,Copy of 07-09-2026 15.46(2)_aug_noise.wav,noise,SPK002/unknown/Copy of 07-09-2026 15.46(2)_aug_noise.wav
SPK002,unknown,Copy of 07-09-2026 15.46(2).wav,Copy of 07-09-2026 15.46(2)_aug_gain.wav,gain,SPK002/unknown/Copy of 07-09-2026 15.46(2)_aug_gain.wav
SPK002,unknown,Copy of 07-09-2026 15.46(2).wav,Copy of 07-09-2026 15.46(2)_aug_comp.wav,composite,SPK002/unknown/Copy of 07-09-2026 15.46(2)_aug_comp.wav
SPK002,unknown,Copy of 07-09-2026 15.46(3).wav,Copy of 07-09-2026 15.46(3)_orig.wav,clean_original,SPK002/unknown/Copy of 07-09-2026 15.46(3)_orig.wav
SPK002,unknown,Copy of 07-09-2026 15.46(3).wav,Copy of 07-09-2026 15.46(3)_aug_shift.wav,time_shift,SPK002/unknown/Copy of 07-09-2026 15.46(3)_aug_shift.wav
SPK002,unknown,Copy of 07-09-2026 15.46(3).wav,Copy of 07-09-2026 15.46(3)_aug_noise.wav,noise,SPK002/unknown/Copy of 07-09-2026 15.46(3)_aug_noise.wav
SPK002,unknown,Copy of 07-09-2026 15.46(3).wav,Copy of 07-09-2026 15.46(3)_aug_gain.wav,gain,SPK002/unknown/Copy of 07-09-2026 15.46(3)_aug_gain.wav
SPK002,unknown,Copy of 07-09-2026 15.46(3).wav,Copy of 07-09-2026 15.46(3)_aug_comp.wav,composite,SPK002/unknown/Copy of 07-09-2026 15.46(3)_aug_comp.wav
SPK002,unknown,Copy of 07-09-2026 15.46.wav,Copy of 07-09-2026 15.46_orig.wav,clean_original,SPK002/unknown/Copy of 07-09-2026 15.46_orig.wav
SPK002,unknown,Copy of 07-09-2026 15.46.wav,Copy of 07-09-2026 15.46_aug_shift.wav,time_shift,SPK002/unknown/Copy of 07-09-2026 15.46_aug_shift.wav
SPK002,unknown,Copy of 07-09-2026 15.46.wav,Copy of 07-09-2026 15.46_aug_noise.wav,noise,SPK002/unknown/Copy of 07-09-2026 15.46_aug_noise.wav
SPK002,unknown,Copy of 07-09-2026 15.46.wav,Copy of 07-09-2026 15.46_aug_gain.wav,gain,SPK002/unknown/Copy of 07-09-2026 15.46_aug_gain.wav
SPK002,unknown,Copy of 07-09-2026 15.46.wav,Copy of 07-09-2026 15.46_aug_comp.wav,composite,SPK002/unknown/Copy of 07-09-2026 15.46_aug_comp.wav
SPK002,unknown,Copy of 07-09-2026 15.49.wav,Copy of 07-09-2026 15.49_orig.wav,clean_original,SPK002/unknown/Copy of 07-09-2026 15.49_orig.wav
SPK002,unknown,Copy of 07-09-2026 15.49.wav,Copy of 07-09-2026 15.49_aug_shift.wav,time_shift,SPK002/unknown/Copy of 07-09-2026 15.49_aug_shift.wav
SPK002,unknown,Copy of 07-09-2026 15.49.wav,Copy of 07-09-2026 15.49_aug_noise.wav,noise,SPK002/unknown/Copy of 07-09-2026 15.49_aug_noise.wav
SPK002,unknown,Copy of 07-09-2026 15.49.wav,Copy of 07-09-2026 15.49_aug_gain.wav,gain,SPK002/unknown/Copy of 07-09-2026 15.49_aug_gain.wav
SPK002,unknown,Copy of 07-09-2026 15.49.wav,Copy of 07-09-2026 15.49_aug_comp.wav,composite,SPK002/unknown/Copy of 07-09-2026 15.49_aug_comp.wav
SPK002,unknown,Copy of 07-09-2026 15.50(2).wav,Copy of 07-09-2026 15.50(2)_orig.wav,clean_original,SPK002/unknown/Copy of 07-09-2026 15.50(2)_orig.wav
SPK002,unknown,Copy of 07-09-2026 15.50(2).wav,Copy of 07-09-2026 15.50(2)_aug_shift.wav,time_shift,SPK002/unknown/Copy of 07-09-2026 15.50(2)_aug_shift.wav
SPK002,unknown,Copy of 07-09-2026 15.50(2).wav,Copy of 07-09-2026 15.50(2)_aug_noise.wav,noise,SPK002/unknown/Copy of 07-09-2026 15.50(2)_aug_noise.wav
SPK002,unknown,Copy of 07-09-2026 15.50(2).wav,Copy of 07-09-2026 15.50(2)_aug_gain.wav,gain,SPK002/unknown/Copy of 07-09-2026 15.50(2)_aug_gain.wav
SPK002,unknown,Copy of 07-09-2026 15.50(2).wav,Copy of 07-09-2026 15.50(2)_aug_comp.wav,composite,SPK002/unknown/Copy of 07-09-2026 15.50(2)_aug_comp.wav
SPK002,unknown,Copy of 07-09-2026 15.50(3).wav,Copy of 07-09-2026 15.50(3)_orig.wav,clean_original,SPK002/unknown/Copy of 07-09-2026 15.50(3)_orig.wav
SPK002,unknown,Copy of 07-09-2026 15.50(3).wav,Copy of 07-09-2026 15.50(3)_aug_shift.wav,time_shift,SPK002/unknown/Copy of 07-09-2026 15.50(3)_aug_shift.wav
SPK002,unknown,Copy of 07-09-2026 15.50(3).wav,Copy of 07-09-2026 15.50(3)_aug_noise.wav,noise,SPK002/unknown/Copy of 07-09-2026 15.50(3)_aug_noise.wav
SPK002,unknown,Copy of 07-09-2026 15.50(3).wav,Copy of 07-09-2026 15.50(3)_aug_gain.wav,gain,SPK002/unknown/Copy of 07-09-2026 15.50(3)_aug_gain.wav
SPK002,unknown,Copy of 07-09-2026 15.50(3).wav,Copy of 07-09-2026 15.50(3)_aug_comp.wav,composite,SPK002/unknown/Copy of 07-09-2026 15.50(3)_aug_comp.wav
SPK002,unknown,Copy of 07-09-2026 15.50(4).wav,Copy of 07-09-2026 15.50(4)_orig.wav,clean_original,SPK002/unknown/Copy of 07-09-2026 15.50(4)_orig.wav
SPK002,unknown,Copy of 07-09-2026 15.50(4).wav,Copy of 07-09-2026 15.50(4)_aug_shift.wav,time_shift,SPK002/unknown/Copy of 07-09-2026 15.50(4)_aug_shift.wav
SPK002,unknown,Copy of 07-09-2026 15.50(4).wav,Copy of 07-09-2026 15.50(4)_aug_noise.wav,noise,SPK002/unknown/Copy of 07-09-2026 15.50(4)_aug_noise.wav
SPK002,unknown,Copy of 07-09-2026 15.50(4).wav,Copy of 07-09-2026 15.50(4)_aug_gain.wav,gain,SPK002/unknown/Copy of 07-09-2026 15.50(4)_aug_gain.wav
SPK002,unknown,Copy of 07-09-2026 15.50(4).wav,Copy of 07-09-2026 15.50(4)_aug_comp.wav,composite,SPK002/unknown/Copy of 07-09-2026 15.50(4)_aug_comp.wav
SPK002,unknown,Copy of 07-09-2026 15.50(5).wav,Copy of 07-09-2026 15.50(5)_orig.wav,clean_original,SPK002/unknown/Copy of 07-09-2026 15.50(5)_orig.wav
SPK002,unknown,Copy of 07-09-2026 15.50(5).wav,Copy of 07-09-2026 15.50(5)_aug_shift.wav,time_shift,SPK002/unknown/Copy of 07-09-2026 15.50(5)_aug_shift.wav
SPK002,unknown,Copy of 07-09-2026 15.50(5).wav,Copy of 07-09-2026 15.50(5)_aug_noise.wav,noise,SPK002/unknown/Copy of 07-09-2026 15.50(5)_aug_noise.wav
SPK002,unknown,Copy of 07-09-2026 15.50(5).wav,Copy of 07-09-2026 15.50(5)_aug_gain.wav,gain,SPK002/unknown/Copy of 07-09-2026 15.50(5)_aug_gain.wav
SPK002,unknown,Copy of 07-09-2026 15.50(5).wav,Copy of 07-09-2026 15.50(5)_aug_comp.wav,composite,SPK002/unknown/Copy of 07-09-2026 15.50(5)_aug_comp.wav
SPK002,unknown,Copy of 07-09-2026 15.50(6).wav,Copy of 07-09-2026 15.50(6)_orig.wav,clean_original,SPK002/unknown/Copy of 07-09-2026 15.50(6)_orig.wav
SPK002,unknown,Copy of 07-09-2026 15.50(6).wav,Copy of 07-09-2026 15.50(6)_aug_shift.wav,time_shift,SPK002/unknown/Copy of 07-09-2026 15.50(6)_aug_shift.wav
SPK002,unknown,Copy of 07-09-2026 15.50(6).wav,Copy of 07-09-2026 15.50(6)_aug_noise.wav,noise,SPK002/unknown/Copy of 07-09-2026 15.50(6)_aug_noise.wav
SPK002,unknown,Copy of 07-09-2026 15.50(6).wav,Copy of 07-09-2026 15.50(6)_aug_gain.wav,gain,SPK002/unknown/Copy of 07-09-2026 15.50(6)_aug_gain.wav
SPK002,unknown,Copy of 07-09-2026 15.50(6).wav,Copy of 07-09-2026 15.50(6)_aug_comp.wav,composite,SPK002/unknown/Copy of 07-09-2026 15.50(6)_aug_comp.wav
SPK002,unknown,Copy of 07-09-2026 15.50.wav,Copy of 07-09-2026 15.50_orig.wav,clean_original,SPK002/unknown/Copy of 07-09-2026 15.50_orig.wav
SPK002,unknown,Copy of 07-09-2026 15.50.wav,Copy of 07-09-2026 15.50_aug_shift.wav,time_shift,SPK002/unknown/Copy of 07-09-2026 15.50_aug_shift.wav
SPK002,unknown,Copy of 07-09-2026 15.50.wav,Copy of 07-09-2026 15.50_aug_noise.wav,noise,SPK002/unknown/Copy of 07-09-2026 15.50_aug_noise.wav
SPK002,unknown,Copy of 07-09-2026 15.50.wav,Copy of 07-09-2026 15.50_aug_gain.wav,gain,SPK002/unknown/Copy of 07-09-2026 15.50_aug_gain.wav
SPK002,unknown,Copy of 07-09-2026 15.50.wav,Copy of 07-09-2026 15.50_aug_comp.wav,composite,SPK002/unknown/Copy of 07-09-2026 15.50_aug_comp.wav
SPK002,unknown,Copy of 07-09-2026 15.51(2).wav,Copy of 07-09-2026 15.51(2)_orig.wav,clean_original,SPK002/unknown/Copy of 07-09-2026 15.51(2)_orig.wav
SPK002,unknown,Copy of 07-09-2026 15.51(2).wav,Copy of 07-09-2026 15.51(2)_aug_shift.wav,time_shift,SPK002/unknown/Copy of 07-09-2026 15.51(2)_aug_shift.wav
SPK002,unknown,Copy of 07-09-2026 15.51(2).wav,Copy of 07-09-2026 15.51(2)_aug_noise.wav,noise,SPK002/unknown/Copy of 07-09-2026 15.51(2)_aug_noise.wav
SPK002,unknown,Copy of 07-09-2026 15.51(2).wav,Copy of 07-09-2026 15.51(2)_aug_gain.wav,gain,SPK002/unknown/Copy of 07-09-2026 15.51(2)_aug_gain.wav
SPK002,unknown,Copy of 07-09-2026 15.51(2).wav,Copy of 07-09-2026 15.51(2)_aug_comp.wav,composite,SPK002/unknown/Copy of 07-09-2026 15.51(2)_aug_comp.wav
SPK002,unknown,Copy of 07-09-2026 15.51(3).wav,Copy of 07-09-2026 15.51(3)_orig.wav,clean_original,SPK002/unknown/Copy of 07-09-2026 15.51(3)_orig.wav
SPK002,unknown,Copy of 07-09-2026 15.51(3).wav,Copy of 07-09-2026 15.51(3)_aug_shift.wav,time_shift,SPK002/unknown/Copy of 07-09-2026 15.51(3)_aug_shift.wav
SPK002,unknown,Copy of 07-09-2026 15.51(3).wav,Copy of 07-09-2026 15.51(3)_aug_noise.wav,noise,SPK002/unknown/Copy of 07-09-2026 15.51(3)_aug_noise.wav
SPK002,unknown,Copy of 07-09-2026 15.51(3).wav,Copy of 07-09-2026 15.51(3)_aug_gain.wav,gain,SPK002/unknown/Copy of 07-09-2026 15.51(3)_aug_gain.wav
SPK002,unknown,Copy of 07-09-2026 15.51(3).wav,Copy of 07-09-2026 15.51(3)_aug_comp.wav,composite,SPK002/unknown/Copy of 07-09-2026 15.51(3)_aug_comp.wav
SPK002,unknown,Copy of 07-09-2026 15.51(4).wav,Copy of 07-09-2026 15.51(4)_orig.wav,clean_original,SPK002/unknown/Copy of 07-09-2026 15.51(4)_orig.wav
SPK002,unknown,Copy of 07-09-2026 15.51(4).wav,Copy of 07-09-2026 15.51(4)_aug_shift.wav,time_shift,SPK002/unknown/Copy of 07-09-2026 15.51(4)_aug_shift.wav
SPK002,unknown,Copy of 07-09-2026 15.51(4).wav,Copy of 07-09-2026 15.51(4)_aug_noise.wav,noise,SPK002/unknown/Copy of 07-09-2026 15.51(4)_aug_noise.wav
SPK002,unknown,Copy of 07-09-2026 15.51(4).wav,Copy of 07-09-2026 15.51(4)_aug_gain.wav,gain,SPK002/unknown/Copy of 07-09-2026 15.51(4)_aug_gain.wav
SPK002,unknown,Copy of 07-09-2026 15.51(4).wav,Copy of 07-09-2026 15.51(4)_aug_comp.wav,composite,SPK002/unknown/Copy of 07-09-2026 15.51(4)_aug_comp.wav
SPK002,unknown,Copy of 07-09-2026 15.51(5).wav,Copy of 07-09-2026 15.51(5)_orig.wav,clean_original,SPK002/unknown/Copy of 07-09-2026 15.51(5)_orig.wav
SPK002,unknown,Copy of 07-09-2026 15.51(5).wav,Copy of 07-09-2026 15.51(5)_aug_shift.wav,time_shift,SPK002/unknown/Copy of 07-09-2026 15.51(5)_aug_shift.wav
SPK002,unknown,Copy of 07-09-2026 15.51(5).wav,Copy of 07-09-2026 15.51(5)_aug_noise.wav,noise,SPK002/unknown/Copy of 07-09-2026 15.51(5)_aug_noise.wav
SPK002,unknown,Copy of 07-09-2026 15.51(5).wav,Copy of 07-09-2026 15.51(5)_aug_gain.wav,gain,SPK002/unknown/Copy of 07-09-2026 15.51(5)_aug_gain.wav
SPK002,unknown,Copy of 07-09-2026 15.51(5).wav,Copy of 07-09-2026 15.51(5)_aug_comp.wav,composite,SPK002/unknown/Copy of 07-09-2026 15.51(5)_aug_comp.wav
SPK002,unknown,Copy of 07-09-2026 15.51(6).wav,Copy of 07-09-2026 15.51(6)_orig.wav,clean_original,SPK002/unknown/Copy of 07-09-2026 15.51(6)_orig.wav
SPK002,unknown,Copy of 07-09-2026 15.51(6).wav,Copy of 07-09-2026 15.51(6)_aug_shift.wav,time_shift,SPK002/unknown/Copy of 07-09-2026 15.51(6)_aug_shift.wav
SPK002,unknown,Copy of 07-09-2026 15.51(6).wav,Copy of 07-09-2026 15.51(6)_aug_noise.wav,noise,SPK002/unknown/Copy of 07-09-2026 15.51(6)_aug_noise.wav
SPK002,unknown,Copy of 07-09-2026 15.51(6).wav,Copy of 07-09-2026 15.51(6)_aug_gain.wav,gain,SPK002/unknown/Copy of 07-09-2026 15.51(6)_aug_gain.wav
SPK002,unknown,Copy of 07-09-2026 15.51(6).wav,Copy of 07-09-2026 15.51(6)_aug_comp.wav,composite,SPK002/unknown/Copy of 07-09-2026 15.51(6)_aug_comp.wav
SPK002,unknown,Copy of 07-09-2026 15.51.wav,Copy of 07-09-2026 15.51_orig.wav,clean_original,SPK002/unknown/Copy of 07-09-2026 15.51_orig.wav
SPK002,unknown,Copy of 07-09-2026 15.51.wav,Copy of 07-09-2026 15.51_aug_shift.wav,time_shift,SPK002/unknown/Copy of 07-09-2026 15.51_aug_shift.wav
SPK002,unknown,Copy of 07-09-2026 15.51.wav,Copy of 07-09-2026 15.51_aug_noise.wav,noise,SPK002/unknown/Copy of 07-09-2026 15.51_aug_noise.wav
SPK002,unknown,Copy of 07-09-2026 15.51.wav,Copy of 07-09-2026 15.51_aug_gain.wav,gain,SPK002/unknown/Copy of 07-09-2026 15.51_aug_gain.wav
SPK002,unknown,Copy of 07-09-2026 15.51.wav,Copy of 07-09-2026 15.51_aug_comp.wav,composite,SPK002/unknown/Copy of 07-09-2026 15.51_aug_comp.wav
SPK002,unknown,Copy of 07-09-2026 15.52(2).wav,Copy of 07-09-2026 15.52(2)_orig.wav,clean_original,SPK002/unknown/Copy of 07-09-2026 15.52(2)_orig.wav
SPK002,unknown,Copy of 07-09-2026 15.52(2).wav,Copy of 07-09-2026 15.52(2)_aug_shift.wav,time_shift,SPK002/unknown/Copy of 07-09-2026 15.52(2)_aug_shift.wav
SPK002,unknown,Copy of 07-09-2026 15.52(2).wav,Copy of 07-09-2026 15.52(2)_aug_noise.wav,noise,SPK002/unknown/Copy of 07-09-2026 15.52(2)_aug_noise.wav
SPK002,unknown,Copy of 07-09-2026 15.52(2).wav,Copy of 07-09-2026 15.52(2)_aug_gain.wav,gain,SPK002/unknown/Copy of 07-09-2026 15.52(2)_aug_gain.wav
SPK002,unknown,Copy of 07-09-2026 15.52(2).wav,Copy of 07-09-2026 15.52(2)_aug_comp.wav,composite,SPK002/unknown/Copy of 07-09-2026 15.52(2)_aug_comp.wav
SPK002,unknown,Copy of 07-09-2026 15.52(3).wav,Copy of 07-09-2026 15.52(3)_orig.wav,clean_original,SPK002/unknown/Copy of 07-09-2026 15.52(3)_orig.wav
SPK002,unknown,Copy of 07-09-2026 15.52(3).wav,Copy of 07-09-2026 15.52(3)_aug_shift.wav,time_shift,SPK002/unknown/Copy of 07-09-2026 15.52(3)_aug_shift.wav
SPK002,unknown,Copy of 07-09-2026 15.52(3).wav,Copy of 07-09-2026 15.52(3)_aug_noise.wav,noise,SPK002/unknown/Copy of 07-09-2026 15.52(3)_aug_noise.wav
SPK002,unknown,Copy of 07-09-2026 15.52(3).wav,Copy of 07-09-2026 15.52(3)_aug_gain.wav,gain,SPK002/unknown/Copy of 07-09-2026 15.52(3)_aug_gain.wav
SPK002,unknown,Copy of 07-09-2026 15.52(3).wav,Copy of 07-09-2026 15.52(3)_aug_comp.wav,composite,SPK002/unknown/Copy of 07-09-2026 15.52(3)_aug_comp.wav
SPK002,unknown,Copy of 07-09-2026 15.52(4).wav,Copy of 07-09-2026 15.52(4)_orig.wav,clean_original,SPK002/unknown/Copy of 07-09-2026 15.52(4)_orig.wav
SPK002,unknown,Copy of 07-09-2026 15.52(4).wav,Copy of 07-09-2026 15.52(4)_aug_shift.wav,time_shift,SPK002/unknown/Copy of 07-09-2026 15.52(4)_aug_shift.wav
SPK002,unknown,Copy of 07-09-2026 15.52(4).wav,Copy of 07-09-2026 15.52(4)_aug_noise.wav,noise,SPK002/unknown/Copy of 07-09-2026 15.52(4)_aug_noise.wav
SPK002,unknown,Copy of 07-09-2026 15.52(4).wav,Copy of 07-09-2026 15.52(4)_aug_gain.wav,gain,SPK002/unknown/Copy of 07-09-2026 15.52(4)_aug_gain.wav
SPK002,unknown,Copy of 07-09-2026 15.52(4).wav,Copy of 07-09-2026 15.52(4)_aug_comp.wav,composite,SPK002/unknown/Copy of 07-09-2026 15.52(4)_aug_comp.wav
SPK002,unknown,Copy of 07-09-2026 15.52.wav,Copy of 07-09-2026 15.52_orig.wav,clean_original,SPK002/unknown/Copy of 07-09-2026 15.52_orig.wav
SPK002,unknown,Copy of 07-09-2026 15.52.wav,Copy of 07-09-2026 15.52_aug_shift.wav,time_shift,SPK002/unknown/Copy of 07-09-2026 15.52_aug_shift.wav
SPK002,unknown,Copy of 07-09-2026 15.52.wav,Copy of 07-09-2026 15.52_aug_noise.wav,noise,SPK002/unknown/Copy of 07-09-2026 15.52_aug_noise.wav
SPK002,unknown,Copy of 07-09-2026 15.52.wav,Copy of 07-09-2026 15.52_aug_gain.wav,gain,SPK002/unknown/Copy of 07-09-2026 15.52_aug_gain.wav
SPK002,unknown,Copy of 07-09-2026 15.52.wav,Copy of 07-09-2026 15.52_aug_comp.wav,composite,SPK002/unknown/Copy of 07-09-2026 15.52_aug_comp.wav
SPK002,unknown,Copy of 07-09-2026 15.53(2).wav,Copy of 07-09-2026 15.53(2)_orig.wav,clean_original,SPK002/unknown/Copy of 07-09-2026 15.53(2)_orig.wav
SPK002,unknown,Copy of 07-09-2026 15.53(2).wav,Copy of 07-09-2026 15.53(2)_aug_shift.wav,time_shift,SPK002/unknown/Copy of 07-09-2026 15.53(2)_aug_shift.wav
SPK002,unknown,Copy of 07-09-2026 15.53(2).wav,Copy of 07-09-2026 15.53(2)_aug_noise.wav,noise,SPK002/unknown/Copy of 07-09-2026 15.53(2)_aug_noise.wav
SPK002,unknown,Copy of 07-09-2026 15.53(2).wav,Copy of 07-09-2026 15.53(2)_aug_gain.wav,gain,SPK002/unknown/Copy of 07-09-2026 15.53(2)_aug_gain.wav
SPK002,unknown,Copy of 07-09-2026 15.53(2).wav,Copy of 07-09-2026 15.53(2)_aug_comp.wav,composite,SPK002/unknown/Copy of 07-09-2026 15.53(2)_aug_comp.wav
SPK002,unknown,Copy of 07-09-2026 15.53(3).wav,Copy of 07-09-2026 15.53(3)_orig.wav,clean_original,SPK002/unknown/Copy of 07-09-2026 15.53(3)_orig.wav
SPK002,unknown,Copy of 07-09-2026 15.53(3).wav,Copy of 07-09-2026 15.53(3)_aug_shift.wav,time_shift,SPK002/unknown/Copy of 07-09-2026 15.53(3)_aug_shift.wav
SPK002,unknown,Copy of 07-09-2026 15.53(3).wav,Copy of 07-09-2026 15.53(3)_aug_noise.wav,noise,SPK002/unknown/Copy of 07-09-2026 15.53(3)_aug_noise.wav
SPK002,unknown,Copy of 07-09-2026 15.53(3).wav,Copy of 07-09-2026 15.53(3)_aug_gain.wav,gain,SPK002/unknown/Copy of 07-09-2026 15.53(3)_aug_gain.wav
SPK002,unknown,Copy of 07-09-2026 15.53(3).wav,Copy of 07-09-2026 15.53(3)_aug_comp.wav,composite,SPK002/unknown/Copy of 07-09-2026 15.53(3)_aug_comp.wav
SPK002,unknown,Copy of 07-09-2026 15.53(4).wav,Copy of 07-09-2026 15.53(4)_orig.wav,clean_original,SPK002/unknown/Copy of 07-09-2026 15.53(4)_orig.wav
SPK002,unknown,Copy of 07-09-2026 15.53(4).wav,Copy of 07-09-2026 15.53(4)_aug_shift.wav,time_shift,SPK002/unknown/Copy of 07-09-2026 15.53(4)_aug_shift.wav
SPK002,unknown,Copy of 07-09-2026 15.53(4).wav,Copy of 07-09-2026 15.53(4)_aug_noise.wav,noise,SPK002/unknown/Copy of 07-09-2026 15.53(4)_aug_noise.wav
SPK002,unknown,Copy of 07-09-2026 15.53(4).wav,Copy of 07-09-2026 15.53(4)_aug_gain.wav,gain,SPK002/unknown/Copy of 07-09-2026 15.53(4)_aug_gain.wav
SPK002,unknown,Copy of 07-09-2026 15.53(4).wav,Copy of 07-09-2026 15.53(4)_aug_comp.wav,composite,SPK002/unknown/Copy of 07-09-2026 15.53(4)_aug_comp.wav
SPK002,unknown,Copy of 07-09-2026 15.53.wav,Copy of 07-09-2026 15.53_orig.wav,clean_original,SPK002/unknown/Copy of 07-09-2026 15.53_orig.wav
SPK002,unknown,Copy of 07-09-2026 15.53.wav,Copy of 07-09-2026 15.53_aug_shift.wav,time_shift,SPK002/unknown/Copy of 07-09-2026 15.53_aug_shift.wav
SPK002,unknown,Copy of 07-09-2026 15.53.wav,Copy of 07-09-2026 15.53_aug_noise.wav,noise,SPK002/unknown/Copy of 07-09-2026 15.53_aug_noise.wav
SPK002,unknown,Copy of 07-09-2026 15.53.wav,Copy of 07-09-2026 15.53_aug_gain.wav,gain,SPK002/unknown/Copy of 07-09-2026 15.53_aug_gain.wav
SPK002,unknown,Copy of 07-09-2026 15.53.wav,Copy of 07-09-2026 15.53_aug_comp.wav,composite,SPK002/unknown/Copy of 07-09-2026 15.53_aug_comp.wav
SPK002,unknown,Copy of 07-09-2026 15.54(2).wav,Copy of 07-09-2026 15.54(2)_orig.wav,clean_original,SPK002/unknown/Copy of 07-09-2026 15.54(2)_orig.wav
SPK002,unknown,Copy of 07-09-2026 15.54(2).wav,Copy of 07-09-2026 15.54(2)_aug_shift.wav,time_shift,SPK002/unknown/Copy of 07-09-2026 15.54(2)_aug_shift.wav
SPK002,unknown,Copy of 07-09-2026 15.54(2).wav,Copy of 07-09-2026 15.54(2)_aug_noise.wav,noise,SPK002/unknown/Copy of 07-09-2026 15.54(2)_aug_noise.wav
SPK002,unknown,Copy of 07-09-2026 15.54(2).wav,Copy of 07-09-2026 15.54(2)_aug_gain.wav,gain,SPK002/unknown/Copy of 07-09-2026 15.54(2)_aug_gain.wav
SPK002,unknown,Copy of 07-09-2026 15.54(2).wav,Copy of 07-09-2026 15.54(2)_aug_comp.wav,composite,SPK002/unknown/Copy of 07-09-2026 15.54(2)_aug_comp.wav
SPK002,unknown,Copy of 07-09-2026 15.54(3).wav,Copy of 07-09-2026 15.54(3)_orig.wav,clean_original,SPK002/unknown/Copy of 07-09-2026 15.54(3)_orig.wav
SPK002,unknown,Copy of 07-09-2026 15.54(3).wav,Copy of 07-09-2026 15.54(3)_aug_shift.wav,time_shift,SPK002/unknown/Copy of 07-09-2026 15.54(3)_aug_shift.wav
SPK002,unknown,Copy of 07-09-2026 15.54(3).wav,Copy of 07-09-2026 15.54(3)_aug_noise.wav,noise,SPK002/unknown/Copy of 07-09-2026 15.54(3)_aug_noise.wav
SPK002,unknown,Copy of 07-09-2026 15.54(3).wav,Copy of 07-09-2026 15.54(3)_aug_gain.wav,gain,SPK002/unknown/Copy of 07-09-2026 15.54(3)_aug_gain.wav
SPK002,unknown,Copy of 07-09-2026 15.54(3).wav,Copy of 07-09-2026 15.54(3)_aug_comp.wav,composite,SPK002/unknown/Copy of 07-09-2026 15.54(3)_aug_comp.wav
SPK002,unknown,Copy of 07-09-2026 15.54.wav,Copy of 07-09-2026 15.54_orig.wav,clean_original,SPK002/unknown/Copy of 07-09-2026 15.54_orig.wav
SPK002,unknown,Copy of 07-09-2026 15.54.wav,Copy of 07-09-2026 15.54_aug_shift.wav,time_shift,SPK002/unknown/Copy of 07-09-2026 15.54_aug_shift.wav
SPK002,unknown,Copy of 07-09-2026 15.54.wav,Copy of 07-09-2026 15.54_aug_noise.wav,noise,SPK002/unknown/Copy of 07-09-2026 15.54_aug_noise.wav
SPK002,unknown,Copy of 07-09-2026 15.54.wav,Copy of 07-09-2026 15.54_aug_gain.wav,gain,SPK002/unknown/Copy of 07-09-2026 15.54_aug_gain.wav
SPK002,unknown,Copy of 07-09-2026 15.54.wav,Copy of 07-09-2026 15.54_aug_comp.wav,composite,SPK002/unknown/Copy of 07-09-2026 15.54_aug_comp.wav
SPK002,unknown,Copy of 07-09-2026 15.55(2).wav,Copy of 07-09-2026 15.55(2)_orig.wav,clean_original,SPK002/unknown/Copy of 07-09-2026 15.55(2)_orig.wav
SPK002,unknown,Copy of 07-09-2026 15.55(2).wav,Copy of 07-09-2026 15.55(2)_aug_shift.wav,time_shift,SPK002/unknown/Copy of 07-09-2026 15.55(2)_aug_shift.wav
SPK002,unknown,Copy of 07-09-2026 15.55(2).wav,Copy of 07-09-2026 15.55(2)_aug_noise.wav,noise,SPK002/unknown/Copy of 07-09-2026 15.55(2)_aug_noise.wav
SPK002,unknown,Copy of 07-09-2026 15.55(2).wav,Copy of 07-09-2026 15.55(2)_aug_gain.wav,gain,SPK002/unknown/Copy of 07-09-2026 15.55(2)_aug_gain.wav
SPK002,unknown,Copy of 07-09-2026 15.55(2).wav,Copy of 07-09-2026 15.55(2)_aug_comp.wav,composite,SPK002/unknown/Copy of 07-09-2026 15.55(2)_aug_comp.wav
SPK002,unknown,Copy of 07-09-2026 15.55(3).wav,Copy of 07-09-2026 15.55(3)_orig.wav,clean_original,SPK002/unknown/Copy of 07-09-2026 15.55(3)_orig.wav
SPK002,unknown,Copy of 07-09-2026 15.55(3).wav,Copy of 07-09-2026 15.55(3)_aug_shift.wav,time_shift,SPK002/unknown/Copy of 07-09-2026 15.55(3)_aug_shift.wav
SPK002,unknown,Copy of 07-09-2026 15.55(3).wav,Copy of 07-09-2026 15.55(3)_aug_noise.wav,noise,SPK002/unknown/Copy of 07-09-2026 15.55(3)_aug_noise.wav
SPK002,unknown,Copy of 07-09-2026 15.55(3).wav,Copy of 07-09-2026 15.55(3)_aug_gain.wav,gain,SPK002/unknown/Copy of 07-09-2026 15.55(3)_aug_gain.wav
SPK002,unknown,Copy of 07-09-2026 15.55(3).wav,Copy of 07-09-2026 15.55(3)_aug_comp.wav,composite,SPK002/unknown/Copy of 07-09-2026 15.55(3)_aug_comp.wav
SPK002,unknown,Copy of 07-09-2026 15.55(4).wav,Copy of 07-09-2026 15.55(4)_orig.wav,clean_original,SPK002/unknown/Copy of 07-09-2026 15.55(4)_orig.wav
SPK002,unknown,Copy of 07-09-2026 15.55(4).wav,Copy of 07-09-2026 15.55(4)_aug_shift.wav,time_shift,SPK002/unknown/Copy of 07-09-2026 15.55(4)_aug_shift.wav
SPK002,unknown,Copy of 07-09-2026 15.55(4).wav,Copy of 07-09-2026 15.55(4)_aug_noise.wav,noise,SPK002/unknown/Copy of 07-09-2026 15.55(4)_aug_noise.wav
SPK002,unknown,Copy of 07-09-2026 15.55(4).wav,Copy of 07-09-2026 15.55(4)_aug_gain.wav,gain,SPK002/unknown/Copy of 07-09-2026 15.55(4)_aug_gain.wav
SPK002,unknown,Copy of 07-09-2026 15.55(4).wav,Copy of 07-09-2026 15.55(4)_aug_comp.wav,composite,SPK002/unknown/Copy of 07-09-2026 15.55(4)_aug_comp.wav
SPK002,unknown,Copy of 07-09-2026 15.55(5).wav,Copy of 07-09-2026 15.55(5)_orig.wav,clean_original,SPK002/unknown/Copy of 07-09-2026 15.55(5)_orig.wav
SPK002,unknown,Copy of 07-09-2026 15.55(5).wav,Copy of 07-09-2026 15.55(5)_aug_shift.wav,time_shift,SPK002/unknown/Copy of 07-09-2026 15.55(5)_aug_shift.wav
SPK002,unknown,Copy of 07-09-2026 15.55(5).wav,Copy of 07-09-2026 15.55(5)_aug_noise.wav,noise,SPK002/unknown/Copy of 07-09-2026 15.55(5)_aug_noise.wav
SPK002,unknown,Copy of 07-09-2026 15.55(5).wav,Copy of 07-09-2026 15.55(5)_aug_gain.wav,gain,SPK002/unknown/Copy of 07-09-2026 15.55(5)_aug_gain.wav
SPK002,unknown,Copy of 07-09-2026 15.55(5).wav,Copy of 07-09-2026 15.55(5)_aug_comp.wav,composite,SPK002/unknown/Copy of 07-09-2026 15.55(5)_aug_comp.wav
SPK002,unknown,Copy of 07-09-2026 15.55(6).wav,Copy of 07-09-2026 15.55(6)_orig.wav,clean_original,SPK002/unknown/Copy of 07-09-2026 15.55(6)_orig.wav
SPK002,unknown,Copy of 07-09-2026 15.55(6).wav,Copy of 07-09-2026 15.55(6)_aug_shift.wav,time_shift,SPK002/unknown/Copy of 07-09-2026 15.55(6)_aug_shift.wav
SPK002,unknown,Copy of 07-09-2026 15.55(6).wav,Copy of 07-09-2026 15.55(6)_aug_noise.wav,noise,SPK002/unknown/Copy of 07-09-2026 15.55(6)_aug_noise.wav
SPK002,unknown,Copy of 07-09-2026 15.55(6).wav,Copy of 07-09-2026 15.55(6)_aug_gain.wav,gain,SPK002/unknown/Copy of 07-09-2026 15.55(6)_aug_gain.wav
SPK002,unknown,Copy of 07-09-2026 15.55(6).wav,Copy of 07-09-2026 15.55(6)_aug_comp.wav,composite,SPK002/unknown/Copy of 07-09-2026 15.55(6)_aug_comp.wav
SPK002,unknown,Copy of 07-09-2026 15.55(7).wav,Copy of 07-09-2026 15.55(7)_orig.wav,clean_original,SPK002/unknown/Copy of 07-09-2026 15.55(7)_orig.wav
SPK002,unknown,Copy of 07-09-2026 15.55(7).wav,Copy of 07-09-2026 15.55(7)_aug_shift.wav,time_shift,SPK002/unknown/Copy of 07-09-2026 15.55(7)_aug_shift.wav
SPK002,unknown,Copy of 07-09-2026 15.55(7).wav,Copy of 07-09-2026 15.55(7)_aug_noise.wav,noise,SPK002/unknown/Copy of 07-09-2026 15.55(7)_aug_noise.wav
SPK002,unknown,Copy of 07-09-2026 15.55(7).wav,Copy of 07-09-2026 15.55(7)_aug_gain.wav,gain,SPK002/unknown/Copy of 07-09-2026 15.55(7)_aug_gain.wav
SPK002,unknown,Copy of 07-09-2026 15.55(7).wav,Copy of 07-09-2026 15.55(7)_aug_comp.wav,composite,SPK002/unknown/Copy of 07-09-2026 15.55(7)_aug_comp.wav
SPK002,unknown,Copy of 07-09-2026 15.55(8).wav,Copy of 07-09-2026 15.55(8)_orig.wav,clean_original,SPK002/unknown/Copy of 07-09-2026 15.55(8)_orig.wav
SPK002,unknown,Copy of 07-09-2026 15.55(8).wav,Copy of 07-09-2026 15.55(8)_aug_shift.wav,time_shift,SPK002/unknown/Copy of 07-09-2026 15.55(8)_aug_shift.wav
SPK002,unknown,Copy of 07-09-2026 15.55(8).wav,Copy of 07-09-2026 15.55(8)_aug_noise.wav,noise,SPK002/unknown/Copy of 07-09-2026 15.55(8)_aug_noise.wav
SPK002,unknown,Copy of 07-09-2026 15.55(8).wav,Copy of 07-09-2026 15.55(8)_aug_gain.wav,gain,SPK002/unknown/Copy of 07-09-2026 15.55(8)_aug_gain.wav
SPK002,unknown,Copy of 07-09-2026 15.55(8).wav,Copy of 07-09-2026 15.55(8)_aug_comp.wav,composite,SPK002/unknown/Copy of 07-09-2026 15.55(8)_aug_comp.wav
SPK002,unknown,Copy of 07-09-2026 15.55.wav,Copy of 07-09-2026 15.55_orig.wav,clean_original,SPK002/unknown/Copy of 07-09-2026 15.55_orig.wav
SPK002,unknown,Copy of 07-09-2026 15.55.wav,Copy of 07-09-2026 15.55_aug_shift.wav,time_shift,SPK002/unknown/Copy of 07-09-2026 15.55_aug_shift.wav
SPK002,unknown,Copy of 07-09-2026 15.55.wav,Copy of 07-09-2026 15.55_aug_noise.wav,noise,SPK002/unknown/Copy of 07-09-2026 15.55_aug_noise.wav
SPK002,unknown,Copy of 07-09-2026 15.55.wav,Copy of 07-09-2026 15.55_aug_gain.wav,gain,SPK002/unknown/Copy of 07-09-2026 15.55_aug_gain.wav
SPK002,unknown,Copy of 07-09-2026 15.55.wav,Copy of 07-09-2026 15.55_aug_comp.wav,composite,SPK002/unknown/Copy of 07-09-2026 15.55_aug_comp.wav
SPK002,unknown,Copy of 07-09-2026 15.56(2).wav,Copy of 07-09-2026 15.56(2)_orig.wav,clean_original,SPK002/unknown/Copy of 07-09-2026 15.56(2)_orig.wav
SPK002,unknown,Copy of 07-09-2026 15.56(2).wav,Copy of 07-09-2026 15.56(2)_aug_shift.wav,time_shift,SPK002/unknown/Copy of 07-09-2026 15.56(2)_aug_shift.wav
SPK002,unknown,Copy of 07-09-2026 15.56(2).wav,Copy of 07-09-2026 15.56(2)_aug_noise.wav,noise,SPK002/unknown/Copy of 07-09-2026 15.56(2)_aug_noise.wav
SPK002,unknown,Copy of 07-09-2026 15.56(2).wav,Copy of 07-09-2026 15.56(2)_aug_gain.wav,gain,SPK002/unknown/Copy of 07-09-2026 15.56(2)_aug_gain.wav
SPK002,unknown,Copy of 07-09-2026 15.56(2).wav,Copy of 07-09-2026 15.56(2)_aug_comp.wav,composite,SPK002/unknown/Copy of 07-09-2026 15.56(2)_aug_comp.wav
SPK002,unknown,Copy of 07-09-2026 15.56(3).wav,Copy of 07-09-2026 15.56(3)_orig.wav,clean_original,SPK002/unknown/Copy of 07-09-2026 15.56(3)_orig.wav
SPK002,unknown,Copy of 07-09-2026 15.56(3).wav,Copy of 07-09-2026 15.56(3)_aug_shift.wav,time_shift,SPK002/unknown/Copy of 07-09-2026 15.56(3)_aug_shift.wav
SPK002,unknown,Copy of 07-09-2026 15.56(3).wav,Copy of 07-09-2026 15.56(3)_aug_noise.wav,noise,SPK002/unknown/Copy of 07-09-2026 15.56(3)_aug_noise.wav
SPK002,unknown,Copy of 07-09-2026 15.56(3).wav,Copy of 07-09-2026 15.56(3)_aug_gain.wav,gain,SPK002/unknown/Copy of 07-09-2026 15.56(3)_aug_gain.wav
SPK002,unknown,Copy of 07-09-2026 15.56(3).wav,Copy of 07-09-2026 15.56(3)_aug_comp.wav,composite,SPK002/unknown/Copy of 07-09-2026 15.56(3)_aug_comp.wav
SPK002,unknown,Copy of 07-09-2026 15.56(4).wav,Copy of 07-09-2026 15.56(4)_orig.wav,clean_original,SPK002/unknown/Copy of 07-09-2026 15.56(4)_orig.wav
SPK002,unknown,Copy of 07-09-2026 15.56(4).wav,Copy of 07-09-2026 15.56(4)_aug_shift.wav,time_shift,SPK002/unknown/Copy of 07-09-2026 15.56(4)_aug_shift.wav
SPK002,unknown,Copy of 07-09-2026 15.56(4).wav,Copy of 07-09-2026 15.56(4)_aug_noise.wav,noise,SPK002/unknown/Copy of 07-09-2026 15.56(4)_aug_noise.wav
SPK002,unknown,Copy of 07-09-2026 15.56(4).wav,Copy of 07-09-2026 15.56(4)_aug_gain.wav,gain,SPK002/unknown/Copy of 07-09-2026 15.56(4)_aug_gain.wav
SPK002,unknown,Copy of 07-09-2026 15.56(4).wav,Copy of 07-09-2026 15.56(4)_aug_comp.wav,composite,SPK002/unknown/Copy of 07-09-2026 15.56(4)_aug_comp.wav
SPK002,unknown,Copy of 07-09-2026 15.56(5).wav,Copy of 07-09-2026 15.56(5)_orig.wav,clean_original,SPK002/unknown/Copy of 07-09-2026 15.56(5)_orig.wav
SPK002,unknown,Copy of 07-09-2026 15.56(5).wav,Copy of 07-09-2026 15.56(5)_aug_shift.wav,time_shift,SPK002/unknown/Copy of 07-09-2026 15.56(5)_aug_shift.wav
SPK002,unknown,Copy of 07-09-2026 15.56(5).wav,Copy of 07-09-2026 15.56(5)_aug_noise.wav,noise,SPK002/unknown/Copy of 07-09-2026 15.56(5)_aug_noise.wav
SPK002,unknown,Copy of 07-09-2026 15.56(5).wav,Copy of 07-09-2026 15.56(5)_aug_gain.wav,gain,SPK002/unknown/Copy of 07-09-2026 15.56(5)_aug_gain.wav
SPK002,unknown,Copy of 07-09-2026 15.56(5).wav,Copy of 07-09-2026 15.56(5)_aug_comp.wav,composite,SPK002/unknown/Copy of 07-09-2026 15.56(5)_aug_comp.wav
SPK002,unknown,Copy of 07-09-2026 15.56(6).wav,Copy of 07-09-2026 15.56(6)_orig.wav,clean_original,SPK002/unknown/Copy of 07-09-2026 15.56(6)_orig.wav
SPK002,unknown,Copy of 07-09-2026 15.56(6).wav,Copy of 07-09-2026 15.56(6)_aug_shift.wav,time_shift,SPK002/unknown/Copy of 07-09-2026 15.56(6)_aug_shift.wav
SPK002,unknown,Copy of 07-09-2026 15.56(6).wav,Copy of 07-09-2026 15.56(6)_aug_noise.wav,noise,SPK002/unknown/Copy of 07-09-2026 15.56(6)_aug_noise.wav
SPK002,unknown,Copy of 07-09-2026 15.56(6).wav,Copy of 07-09-2026 15.56(6)_aug_gain.wav,gain,SPK002/unknown/Copy of 07-09-2026 15.56(6)_aug_gain.wav
SPK002,unknown,Copy of 07-09-2026 15.56(6).wav,Copy of 07-09-2026 15.56(6)_aug_comp.wav,composite,SPK002/unknown/Copy of 07-09-2026 15.56(6)_aug_comp.wav
SPK002,unknown,Copy of 07-09-2026 15.56.wav,Copy of 07-09-2026 15.56_orig.wav,clean_original,SPK002/unknown/Copy of 07-09-2026 15.56_orig.wav
SPK002,unknown,Copy of 07-09-2026 15.56.wav,Copy of 07-09-2026 15.56_aug_shift.wav,time_shift,SPK002/unknown/Copy of 07-09-2026 15.56_aug_shift.wav
SPK002,unknown,Copy of 07-09-2026 15.56.wav,Copy of 07-09-2026 15.56_aug_noise.wav,noise,SPK002/unknown/Copy of 07-09-2026 15.56_aug_noise.wav
SPK002,unknown,Copy of 07-09-2026 15.56.wav,Copy of 07-09-2026 15.56_aug_gain.wav,gain,SPK002/unknown/Copy of 07-09-2026 15.56_aug_gain.wav
SPK002,unknown,Copy of 07-09-2026 15.56.wav,Copy of 07-09-2026 15.56_aug_comp.wav,composite,SPK002/unknown/Copy of 07-09-2026 15.56_aug_comp.wav
SPK003,proxima,New recording 1.wav,New recording 1_orig.wav,clean_original,SPK003/proxima/New recording 1_orig.wav
SPK003,proxima,New recording 1.wav,New recording 1_aug_shift.wav,time_shift,SPK003/proxima/New recording 1_aug_shift.wav
SPK003,proxima,New recording 1.wav,New recording 1_aug_noise.wav,noise,SPK003/proxima/New recording 1_aug_noise.wav
SPK003,proxima,New recording 1.wav,New recording 1_aug_gain.wav,gain,SPK003/proxima/New recording 1_aug_gain.wav
SPK003,proxima,New recording 1.wav,New recording 1_aug_comp.wav,composite,SPK003/proxima/New recording 1_aug_comp.wav
SPK003,proxima,New recording 10.wav,New recording 10_orig.wav,clean_original,SPK003/proxima/New recording 10_orig.wav
SPK003,proxima,New recording 10.wav,New recording 10_aug_shift.wav,time_shift,SPK003/proxima/New recording 10_aug_shift.wav
SPK003,proxima,New recording 10.wav,New recording 10_aug_noise.wav,noise,SPK003/proxima/New recording 10_aug_noise.wav
SPK003,proxima,New recording 10.wav,New recording 10_aug_gain.wav,gain,SPK003/proxima/New recording 10_aug_gain.wav
SPK003,proxima,New recording 10.wav,New recording 10_aug_comp.wav,composite,SPK003/proxima/New recording 10_aug_comp.wav
SPK003,proxima,New recording 11.wav,New recording 11_orig.wav,clean_original,SPK003/proxima/New recording 11_orig.wav
SPK003,proxima,New recording 11.wav,New recording 11_aug_shift.wav,time_shift,SPK003/proxima/New recording 11_aug_shift.wav
SPK003,proxima,New recording 11.wav,New recording 11_aug_noise.wav,noise,SPK003/proxima/New recording 11_aug_noise.wav
SPK003,proxima,New recording 11.wav,New recording 11_aug_gain.wav,gain,SPK003/proxima/New recording 11_aug_gain.wav
SPK003,proxima,New recording 11.wav,New recording 11_aug_comp.wav,composite,SPK003/proxima/New recording 11_aug_comp.wav
SPK003,proxima,New recording 12.wav,New recording 12_orig.wav,clean_original,SPK003/proxima/New recording 12_orig.wav
SPK003,proxima,New recording 12.wav,New recording 12_aug_shift.wav,time_shift,SPK003/proxima/New recording 12_aug_shift.wav
SPK003,proxima,New recording 12.wav,New recording 12_aug_noise.wav,noise,SPK003/proxima/New recording 12_aug_noise.wav
SPK003,proxima,New recording 12.wav,New recording 12_aug_gain.wav,gain,SPK003/proxima/New recording 12_aug_gain.wav
SPK003,proxima,New recording 12.wav,New recording 12_aug_comp.wav,composite,SPK003/proxima/New recording 12_aug_comp.wav
SPK003,proxima,New recording 13.wav,New recording 13_orig.wav,clean_original,SPK003/proxima/New recording 13_orig.wav
SPK003,proxima,New recording 13.wav,New recording 13_aug_shift.wav,time_shift,SPK003/proxima/New recording 13_aug_shift.wav
SPK003,proxima,New recording 13.wav,New recording 13_aug_noise.wav,noise,SPK003/proxima/New recording 13_aug_noise.wav
SPK003,proxima,New recording 13.wav,New recording 13_aug_gain.wav,gain,SPK003/proxima/New recording 13_aug_gain.wav
SPK003,proxima,New recording 13.wav,New recording 13_aug_comp.wav,composite,SPK003/proxima/New recording 13_aug_comp.wav
SPK003,proxima,New recording 14.wav,New recording 14_orig.wav,clean_original,SPK003/proxima/New recording 14_orig.wav
SPK003,proxima,New recording 14.wav,New recording 14_aug_shift.wav,time_shift,SPK003/proxima/New recording 14_aug_shift.wav
SPK003,proxima,New recording 14.wav,New recording 14_aug_noise.wav,noise,SPK003/proxima/New recording 14_aug_noise.wav
SPK003,proxima,New recording 14.wav,New recording 14_aug_gain.wav,gain,SPK003/proxima/New recording 14_aug_gain.wav
SPK003,proxima,New recording 14.wav,New recording 14_aug_comp.wav,composite,SPK003/proxima/New recording 14_aug_comp.wav
SPK003,proxima,New recording 15.wav,New recording 15_orig.wav,clean_original,SPK003/proxima/New recording 15_orig.wav
SPK003,proxima,New recording 15.wav,New recording 15_aug_shift.wav,time_shift,SPK003/proxima/New recording 15_aug_shift.wav
SPK003,proxima,New recording 15.wav,New recording 15_aug_noise.wav,noise,SPK003/proxima/New recording 15_aug_noise.wav
SPK003,proxima,New recording 15.wav,New recording 15_aug_gain.wav,gain,SPK003/proxima/New recording 15_aug_gain.wav
SPK003,proxima,New recording 15.wav,New recording 15_aug_comp.wav,composite,SPK003/proxima/New recording 15_aug_comp.wav
SPK003,proxima,New recording 16.wav,New recording 16_orig.wav,clean_original,SPK003/proxima/New recording 16_orig.wav
SPK003,proxima,New recording 16.wav,New recording 16_aug_shift.wav,time_shift,SPK003/proxima/New recording 16_aug_shift.wav
SPK003,proxima,New recording 16.wav,New recording 16_aug_noise.wav,noise,SPK003/proxima/New recording 16_aug_noise.wav
SPK003,proxima,New recording 16.wav,New recording 16_aug_gain.wav,gain,SPK003/proxima/New recording 16_aug_gain.wav
SPK003,proxima,New recording 16.wav,New recording 16_aug_comp.wav,composite,SPK003/proxima/New recording 16_aug_comp.wav
SPK003,proxima,New recording 17.wav,New recording 17_orig.wav,clean_original,SPK003/proxima/New recording 17_orig.wav
SPK003,proxima,New recording 17.wav,New recording 17_aug_shift.wav,time_shift,SPK003/proxima/New recording 17_aug_shift.wav
SPK003,proxima,New recording 17.wav,New recording 17_aug_noise.wav,noise,SPK003/proxima/New recording 17_aug_noise.wav
SPK003,proxima,New recording 17.wav,New recording 17_aug_gain.wav,gain,SPK003/proxima/New recording 17_aug_gain.wav
SPK003,proxima,New recording 17.wav,New recording 17_aug_comp.wav,composite,SPK003/proxima/New recording 17_aug_comp.wav
SPK003,proxima,New recording 18.wav,New recording 18_orig.wav,clean_original,SPK003/proxima/New recording 18_orig.wav
SPK003,proxima,New recording 18.wav,New recording 18_aug_shift.wav,time_shift,SPK003/proxima/New recording 18_aug_shift.wav
SPK003,proxima,New recording 18.wav,New recording 18_aug_noise.wav,noise,SPK003/proxima/New recording 18_aug_noise.wav
SPK003,proxima,New recording 18.wav,New recording 18_aug_gain.wav,gain,SPK003/proxima/New recording 18_aug_gain.wav
SPK003,proxima,New recording 18.wav,New recording 18_aug_comp.wav,composite,SPK003/proxima/New recording 18_aug_comp.wav
SPK003,proxima,New recording 19.wav,New recording 19_orig.wav,clean_original,SPK003/proxima/New recording 19_orig.wav
SPK003,proxima,New recording 19.wav,New recording 19_aug_shift.wav,time_shift,SPK003/proxima/New recording 19_aug_shift.wav
SPK003,proxima,New recording 19.wav,New recording 19_aug_noise.wav,noise,SPK003/proxima/New recording 19_aug_noise.wav
SPK003,proxima,New recording 19.wav,New recording 19_aug_gain.wav,gain,SPK003/proxima/New recording 19_aug_gain.wav
SPK003,proxima,New recording 19.wav,New recording 19_aug_comp.wav,composite,SPK003/proxima/New recording 19_aug_comp.wav
SPK003,proxima,New recording 2.wav,New recording 2_orig.wav,clean_original,SPK003/proxima/New recording 2_orig.wav
SPK003,proxima,New recording 2.wav,New recording 2_aug_shift.wav,time_shift,SPK003/proxima/New recording 2_aug_shift.wav
SPK003,proxima,New recording 2.wav,New recording 2_aug_noise.wav,noise,SPK003/proxima/New recording 2_aug_noise.wav
SPK003,proxima,New recording 2.wav,New recording 2_aug_gain.wav,gain,SPK003/proxima/New recording 2_aug_gain.wav
SPK003,proxima,New recording 2.wav,New recording 2_aug_comp.wav,composite,SPK003/proxima/New recording 2_aug_comp.wav
SPK003,proxima,New recording 20.wav,New recording 20_orig.wav,clean_original,SPK003/proxima/New recording 20_orig.wav
SPK003,proxima,New recording 20.wav,New recording 20_aug_shift.wav,time_shift,SPK003/proxima/New recording 20_aug_shift.wav
SPK003,proxima,New recording 20.wav,New recording 20_aug_noise.wav,noise,SPK003/proxima/New recording 20_aug_noise.wav
SPK003,proxima,New recording 20.wav,New recording 20_aug_gain.wav,gain,SPK003/proxima/New recording 20_aug_gain.wav
SPK003,proxima,New recording 20.wav,New recording 20_aug_comp.wav,composite,SPK003/proxima/New recording 20_aug_comp.wav
SPK003,proxima,New recording 21.wav,New recording 21_orig.wav,clean_original,SPK003/proxima/New recording 21_orig.wav
SPK003,proxima,New recording 21.wav,New recording 21_aug_shift.wav,time_shift,SPK003/proxima/New recording 21_aug_shift.wav
SPK003,proxima,New recording 21.wav,New recording 21_aug_noise.wav,noise,SPK003/proxima/New recording 21_aug_noise.wav
SPK003,proxima,New recording 21.wav,New recording 21_aug_gain.wav,gain,SPK003/proxima/New recording 21_aug_gain.wav
SPK003,proxima,New recording 21.wav,New recording 21_aug_comp.wav,composite,SPK003/proxima/New recording 21_aug_comp.wav
SPK003,proxima,New recording 22.wav,New recording 22_orig.wav,clean_original,SPK003/proxima/New recording 22_orig.wav
SPK003,proxima,New recording 22.wav,New recording 22_aug_shift.wav,time_shift,SPK003/proxima/New recording 22_aug_shift.wav
SPK003,proxima,New recording 22.wav,New recording 22_aug_noise.wav,noise,SPK003/proxima/New recording 22_aug_noise.wav
SPK003,proxima,New recording 22.wav,New recording 22_aug_gain.wav,gain,SPK003/proxima/New recording 22_aug_gain.wav
SPK003,proxima,New recording 22.wav,New recording 22_aug_comp.wav,composite,SPK003/proxima/New recording 22_aug_comp.wav
SPK003,proxima,New recording 23.wav,New recording 23_orig.wav,clean_original,SPK003/proxima/New recording 23_orig.wav
SPK003,proxima,New recording 23.wav,New recording 23_aug_shift.wav,time_shift,SPK003/proxima/New recording 23_aug_shift.wav
SPK003,proxima,New recording 23.wav,New recording 23_aug_noise.wav,noise,SPK003/proxima/New recording 23_aug_noise.wav
SPK003,proxima,New recording 23.wav,New recording 23_aug_gain.wav,gain,SPK003/proxima/New recording 23_aug_gain.wav
SPK003,proxima,New recording 23.wav,New recording 23_aug_comp.wav,composite,SPK003/proxima/New recording 23_aug_comp.wav
SPK003,proxima,New recording 24.wav,New recording 24_orig.wav,clean_original,SPK003/proxima/New recording 24_orig.wav
SPK003,proxima,New recording 24.wav,New recording 24_aug_shift.wav,time_shift,SPK003/proxima/New recording 24_aug_shift.wav
SPK003,proxima,New recording 24.wav,New recording 24_aug_noise.wav,noise,SPK003/proxima/New recording 24_aug_noise.wav
SPK003,proxima,New recording 24.wav,New recording 24_aug_gain.wav,gain,SPK003/proxima/New recording 24_aug_gain.wav
SPK003,proxima,New recording 24.wav,New recording 24_aug_comp.wav,composite,SPK003/proxima/New recording 24_aug_comp.wav
SPK003,proxima,New recording 25.wav,New recording 25_orig.wav,clean_original,SPK003/proxima/New recording 25_orig.wav
SPK003,proxima,New recording 25.wav,New recording 25_aug_shift.wav,time_shift,SPK003/proxima/New recording 25_aug_shift.wav
SPK003,proxima,New recording 25.wav,New recording 25_aug_noise.wav,noise,SPK003/proxima/New recording 25_aug_noise.wav
SPK003,proxima,New recording 25.wav,New recording 25_aug_gain.wav,gain,SPK003/proxima/New recording 25_aug_gain.wav
SPK003,proxima,New recording 25.wav,New recording 25_aug_comp.wav,composite,SPK003/proxima/New recording 25_aug_comp.wav
SPK003,proxima,New recording 26.wav,New recording 26_orig.wav,clean_original,SPK003/proxima/New recording 26_orig.wav
SPK003,proxima,New recording 26.wav,New recording 26_aug_shift.wav,time_shift,SPK003/proxima/New recording 26_aug_shift.wav
SPK003,proxima,New recording 26.wav,New recording 26_aug_noise.wav,noise,SPK003/proxima/New recording 26_aug_noise.wav
SPK003,proxima,New recording 26.wav,New recording 26_aug_gain.wav,gain,SPK003/proxima/New recording 26_aug_gain.wav
SPK003,proxima,New recording 26.wav,New recording 26_aug_comp.wav,composite,SPK003/proxima/New recording 26_aug_comp.wav
SPK003,proxima,New recording 27.wav,New recording 27_orig.wav,clean_original,SPK003/proxima/New recording 27_orig.wav
SPK003,proxima,New recording 27.wav,New recording 27_aug_shift.wav,time_shift,SPK003/proxima/New recording 27_aug_shift.wav
SPK003,proxima,New recording 27.wav,New recording 27_aug_noise.wav,noise,SPK003/proxima/New recording 27_aug_noise.wav
SPK003,proxima,New recording 27.wav,New recording 27_aug_gain.wav,gain,SPK003/proxima/New recording 27_aug_gain.wav
SPK003,proxima,New recording 27.wav,New recording 27_aug_comp.wav,composite,SPK003/proxima/New recording 27_aug_comp.wav
SPK003,proxima,New recording 28.wav,New recording 28_orig.wav,clean_original,SPK003/proxima/New recording 28_orig.wav
SPK003,proxima,New recording 28.wav,New recording 28_aug_shift.wav,time_shift,SPK003/proxima/New recording 28_aug_shift.wav
SPK003,proxima,New recording 28.wav,New recording 28_aug_noise.wav,noise,SPK003/proxima/New recording 28_aug_noise.wav
SPK003,proxima,New recording 28.wav,New recording 28_aug_gain.wav,gain,SPK003/proxima/New recording 28_aug_gain.wav
SPK003,proxima,New recording 28.wav,New recording 28_aug_comp.wav,composite,SPK003/proxima/New recording 28_aug_comp.wav
SPK003,proxima,New recording 29.wav,New recording 29_orig.wav,clean_original,SPK003/proxima/New recording 29_orig.wav
SPK003,proxima,New recording 29.wav,New recording 29_aug_shift.wav,time_shift,SPK003/proxima/New recording 29_aug_shift.wav
SPK003,proxima,New recording 29.wav,New recording 29_aug_noise.wav,noise,SPK003/proxima/New recording 29_aug_noise.wav
SPK003,proxima,New recording 29.wav,New recording 29_aug_gain.wav,gain,SPK003/proxima/New recording 29_aug_gain.wav
SPK003,proxima,New recording 29.wav,New recording 29_aug_comp.wav,composite,SPK003/proxima/New recording 29_aug_comp.wav
SPK003,proxima,New recording 3.wav,New recording 3_orig.wav,clean_original,SPK003/proxima/New recording 3_orig.wav
SPK003,proxima,New recording 3.wav,New recording 3_aug_shift.wav,time_shift,SPK003/proxima/New recording 3_aug_shift.wav
SPK003,proxima,New recording 3.wav,New recording 3_aug_noise.wav,noise,SPK003/proxima/New recording 3_aug_noise.wav
SPK003,proxima,New recording 3.wav,New recording 3_aug_gain.wav,gain,SPK003/proxima/New recording 3_aug_gain.wav
SPK003,proxima,New recording 3.wav,New recording 3_aug_comp.wav,composite,SPK003/proxima/New recording 3_aug_comp.wav
SPK003,proxima,New recording 30.wav,New recording 30_orig.wav,clean_original,SPK003/proxima/New recording 30_orig.wav
SPK003,proxima,New recording 30.wav,New recording 30_aug_shift.wav,time_shift,SPK003/proxima/New recording 30_aug_shift.wav
SPK003,proxima,New recording 30.wav,New recording 30_aug_noise.wav,noise,SPK003/proxima/New recording 30_aug_noise.wav
SPK003,proxima,New recording 30.wav,New recording 30_aug_gain.wav,gain,SPK003/proxima/New recording 30_aug_gain.wav
SPK003,proxima,New recording 30.wav,New recording 30_aug_comp.wav,composite,SPK003/proxima/New recording 30_aug_comp.wav
SPK003,proxima,New recording 31.wav,New recording 31_orig.wav,clean_original,SPK003/proxima/New recording 31_orig.wav
SPK003,proxima,New recording 31.wav,New recording 31_aug_shift.wav,time_shift,SPK003/proxima/New recording 31_aug_shift.wav
SPK003,proxima,New recording 31.wav,New recording 31_aug_noise.wav,noise,SPK003/proxima/New recording 31_aug_noise.wav
SPK003,proxima,New recording 31.wav,New recording 31_aug_gain.wav,gain,SPK003/proxima/New recording 31_aug_gain.wav
SPK003,proxima,New recording 31.wav,New recording 31_aug_comp.wav,composite,SPK003/proxima/New recording 31_aug_comp.wav
SPK003,proxima,New recording 32.wav,New recording 32_orig.wav,clean_original,SPK003/proxima/New recording 32_orig.wav
SPK003,proxima,New recording 32.wav,New recording 32_aug_shift.wav,time_shift,SPK003/proxima/New recording 32_aug_shift.wav
SPK003,proxima,New recording 32.wav,New recording 32_aug_noise.wav,noise,SPK003/proxima/New recording 32_aug_noise.wav
SPK003,proxima,New recording 32.wav,New recording 32_aug_gain.wav,gain,SPK003/proxima/New recording 32_aug_gain.wav
SPK003,proxima,New recording 32.wav,New recording 32_aug_comp.wav,composite,SPK003/proxima/New recording 32_aug_comp.wav
SPK003,proxima,New recording 33.wav,New recording 33_orig.wav,clean_original,SPK003/proxima/New recording 33_orig.wav
SPK003,proxima,New recording 33.wav,New recording 33_aug_shift.wav,time_shift,SPK003/proxima/New recording 33_aug_shift.wav
SPK003,proxima,New recording 33.wav,New recording 33_aug_noise.wav,noise,SPK003/proxima/New recording 33_aug_noise.wav
SPK003,proxima,New recording 33.wav,New recording 33_aug_gain.wav,gain,SPK003/proxima/New recording 33_aug_gain.wav
SPK003,proxima,New recording 33.wav,New recording 33_aug_comp.wav,composite,SPK003/proxima/New recording 33_aug_comp.wav
SPK003,proxima,New recording 34.wav,New recording 34_orig.wav,clean_original,SPK003/proxima/New recording 34_orig.wav
SPK003,proxima,New recording 34.wav,New recording 34_aug_shift.wav,time_shift,SPK003/proxima/New recording 34_aug_shift.wav
SPK003,proxima,New recording 34.wav,New recording 34_aug_noise.wav,noise,SPK003/proxima/New recording 34_aug_noise.wav
SPK003,proxima,New recording 34.wav,New recording 34_aug_gain.wav,gain,SPK003/proxima/New recording 34_aug_gain.wav
SPK003,proxima,New recording 34.wav,New recording 34_aug_comp.wav,composite,SPK003/proxima/New recording 34_aug_comp.wav
SPK003,proxima,New recording 35.wav,New recording 35_orig.wav,clean_original,SPK003/proxima/New recording 35_orig.wav
SPK003,proxima,New recording 35.wav,New recording 35_aug_shift.wav,time_shift,SPK003/proxima/New recording 35_aug_shift.wav
SPK003,proxima,New recording 35.wav,New recording 35_aug_noise.wav,noise,SPK003/proxima/New recording 35_aug_noise.wav
SPK003,proxima,New recording 35.wav,New recording 35_aug_gain.wav,gain,SPK003/proxima/New recording 35_aug_gain.wav
SPK003,proxima,New recording 35.wav,New recording 35_aug_comp.wav,composite,SPK003/proxima/New recording 35_aug_comp.wav
SPK003,proxima,New recording 36.wav,New recording 36_orig.wav,clean_original,SPK003/proxima/New recording 36_orig.wav
SPK003,proxima,New recording 36.wav,New recording 36_aug_shift.wav,time_shift,SPK003/proxima/New recording 36_aug_shift.wav
SPK003,proxima,New recording 36.wav,New recording 36_aug_noise.wav,noise,SPK003/proxima/New recording 36_aug_noise.wav
SPK003,proxima,New recording 36.wav,New recording 36_aug_gain.wav,gain,SPK003/proxima/New recording 36_aug_gain.wav
SPK003,proxima,New recording 36.wav,New recording 36_aug_comp.wav,composite,SPK003/proxima/New recording 36_aug_comp.wav
SPK003,proxima,New recording 37.wav,New recording 37_orig.wav,clean_original,SPK003/proxima/New recording 37_orig.wav
SPK003,proxima,New recording 37.wav,New recording 37_aug_shift.wav,time_shift,SPK003/proxima/New recording 37_aug_shift.wav
SPK003,proxima,New recording 37.wav,New recording 37_aug_noise.wav,noise,SPK003/proxima/New recording 37_aug_noise.wav
SPK003,proxima,New recording 37.wav,New recording 37_aug_gain.wav,gain,SPK003/proxima/New recording 37_aug_gain.wav
SPK003,proxima,New recording 37.wav,New recording 37_aug_comp.wav,composite,SPK003/proxima/New recording 37_aug_comp.wav
SPK003,proxima,New recording 38.wav,New recording 38_orig.wav,clean_original,SPK003/proxima/New recording 38_orig.wav
SPK003,proxima,New recording 38.wav,New recording 38_aug_shift.wav,time_shift,SPK003/proxima/New recording 38_aug_shift.wav
SPK003,proxima,New recording 38.wav,New recording 38_aug_noise.wav,noise,SPK003/proxima/New recording 38_aug_noise.wav
SPK003,proxima,New recording 38.wav,New recording 38_aug_gain.wav,gain,SPK003/proxima/New recording 38_aug_gain.wav
SPK003,proxima,New recording 38.wav,New recording 38_aug_comp.wav,composite,SPK003/proxima/New recording 38_aug_comp.wav
SPK003,proxima,New recording 39.wav,New recording 39_orig.wav,clean_original,SPK003/proxima/New recording 39_orig.wav
SPK003,proxima,New recording 39.wav,New recording 39_aug_shift.wav,time_shift,SPK003/proxima/New recording 39_aug_shift.wav
SPK003,proxima,New recording 39.wav,New recording 39_aug_noise.wav,noise,SPK003/proxima/New recording 39_aug_noise.wav
SPK003,proxima,New recording 39.wav,New recording 39_aug_gain.wav,gain,SPK003/proxima/New recording 39_aug_gain.wav
SPK003,proxima,New recording 39.wav,New recording 39_aug_comp.wav,composite,SPK003/proxima/New recording 39_aug_comp.wav
SPK003,proxima,New recording 4.wav,New recording 4_orig.wav,clean_original,SPK003/proxima/New recording 4_orig.wav
SPK003,proxima,New recording 4.wav,New recording 4_aug_shift.wav,time_shift,SPK003/proxima/New recording 4_aug_shift.wav
SPK003,proxima,New recording 4.wav,New recording 4_aug_noise.wav,noise,SPK003/proxima/New recording 4_aug_noise.wav
SPK003,proxima,New recording 4.wav,New recording 4_aug_gain.wav,gain,SPK003/proxima/New recording 4_aug_gain.wav
SPK003,proxima,New recording 4.wav,New recording 4_aug_comp.wav,composite,SPK003/proxima/New recording 4_aug_comp.wav
SPK003,proxima,New recording 40.wav,New recording 40_orig.wav,clean_original,SPK003/proxima/New recording 40_orig.wav
SPK003,proxima,New recording 40.wav,New recording 40_aug_shift.wav,time_shift,SPK003/proxima/New recording 40_aug_shift.wav
SPK003,proxima,New recording 40.wav,New recording 40_aug_noise.wav,noise,SPK003/proxima/New recording 40_aug_noise.wav
SPK003,proxima,New recording 40.wav,New recording 40_aug_gain.wav,gain,SPK003/proxima/New recording 40_aug_gain.wav
SPK003,proxima,New recording 40.wav,New recording 40_aug_comp.wav,composite,SPK003/proxima/New recording 40_aug_comp.wav
SPK003,proxima,New recording 5.wav,New recording 5_orig.wav,clean_original,SPK003/proxima/New recording 5_orig.wav
SPK003,proxima,New recording 5.wav,New recording 5_aug_shift.wav,time_shift,SPK003/proxima/New recording 5_aug_shift.wav
SPK003,proxima,New recording 5.wav,New recording 5_aug_noise.wav,noise,SPK003/proxima/New recording 5_aug_noise.wav
SPK003,proxima,New recording 5.wav,New recording 5_aug_gain.wav,gain,SPK003/proxima/New recording 5_aug_gain.wav
SPK003,proxima,New recording 5.wav,New recording 5_aug_comp.wav,composite,SPK003/proxima/New recording 5_aug_comp.wav
SPK003,proxima,New recording 6.wav,New recording 6_orig.wav,clean_original,SPK003/proxima/New recording 6_orig.wav
SPK003,proxima,New recording 6.wav,New recording 6_aug_shift.wav,time_shift,SPK003/proxima/New recording 6_aug_shift.wav
SPK003,proxima,New recording 6.wav,New recording 6_aug_noise.wav,noise,SPK003/proxima/New recording 6_aug_noise.wav
SPK003,proxima,New recording 6.wav,New recording 6_aug_gain.wav,gain,SPK003/proxima/New recording 6_aug_gain.wav
SPK003,proxima,New recording 6.wav,New recording 6_aug_comp.wav,composite,SPK003/proxima/New recording 6_aug_comp.wav
SPK003,proxima,New recording 7.wav,New recording 7_orig.wav,clean_original,SPK003/proxima/New recording 7_orig.wav
SPK003,proxima,New recording 7.wav,New recording 7_aug_shift.wav,time_shift,SPK003/proxima/New recording 7_aug_shift.wav
SPK003,proxima,New recording 7.wav,New recording 7_aug_noise.wav,noise,SPK003/proxima/New recording 7_aug_noise.wav
SPK003,proxima,New recording 7.wav,New recording 7_aug_gain.wav,gain,SPK003/proxima/New recording 7_aug_gain.wav
SPK003,proxima,New recording 7.wav,New recording 7_aug_comp.wav,composite,SPK003/proxima/New recording 7_aug_comp.wav
SPK003,proxima,New recording 8.wav,New recording 8_orig.wav,clean_original,SPK003/proxima/New recording 8_orig.wav
SPK003,proxima,New recording 8.wav,New recording 8_aug_shift.wav,time_shift,SPK003/proxima/New recording 8_aug_shift.wav
SPK003,proxima,New recording 8.wav,New recording 8_aug_noise.wav,noise,SPK003/proxima/New recording 8_aug_noise.wav
SPK003,proxima,New recording 8.wav,New recording 8_aug_gain.wav,gain,SPK003/proxima/New recording 8_aug_gain.wav
SPK003,proxima,New recording 8.wav,New recording 8_aug_comp.wav,composite,SPK003/proxima/New recording 8_aug_comp.wav
SPK003,proxima,New recording 9.wav,New recording 9_orig.wav,clean_original,SPK003/proxima/New recording 9_orig.wav
SPK003,proxima,New recording 9.wav,New recording 9_aug_shift.wav,time_shift,SPK003/proxima/New recording 9_aug_shift.wav
SPK003,proxima,New recording 9.wav,New recording 9_aug_noise.wav,noise,SPK003/proxima/New recording 9_aug_noise.wav
SPK003,proxima,New recording 9.wav,New recording 9_aug_gain.wav,gain,SPK003/proxima/New recording 9_aug_gain.wav
SPK003,proxima,New recording 9.wav,New recording 9_aug_comp.wav,composite,SPK003/proxima/New recording 9_aug_comp.wav
SPK005,proxima,Copy of Recording (10).wav,Copy of Recording (10)_orig.wav,clean_original,SPK005/proxima/Copy of Recording (10)_orig.wav
SPK005,proxima,Copy of Recording (10).wav,Copy of Recording (10)_aug_shift.wav,time_shift,SPK005/proxima/Copy of Recording (10)_aug_shift.wav
SPK005,proxima,Copy of Recording (10).wav,Copy of Recording (10)_aug_noise.wav,noise,SPK005/proxima/Copy of Recording (10)_aug_noise.wav
SPK005,proxima,Copy of Recording (10).wav,Copy of Recording (10)_aug_gain.wav,gain,SPK005/proxima/Copy of Recording (10)_aug_gain.wav
SPK005,proxima,Copy of Recording (10).wav,Copy of Recording (10)_aug_comp.wav,composite,SPK005/proxima/Copy of Recording (10)_aug_comp.wav
SPK005,proxima,Copy of Recording (11).wav,Copy of Recording (11)_orig.wav,clean_original,SPK005/proxima/Copy of Recording (11)_orig.wav
SPK005,proxima,Copy of Recording (11).wav,Copy of Recording (11)_aug_shift.wav,time_shift,SPK005/proxima/Copy of Recording (11)_aug_shift.wav
SPK005,proxima,Copy of Recording (11).wav,Copy of Recording (11)_aug_noise.wav,noise,SPK005/proxima/Copy of Recording (11)_aug_noise.wav
SPK005,proxima,Copy of Recording (11).wav,Copy of Recording (11)_aug_gain.wav,gain,SPK005/proxima/Copy of Recording (11)_aug_gain.wav
SPK005,proxima,Copy of Recording (11).wav,Copy of Recording (11)_aug_comp.wav,composite,SPK005/proxima/Copy of Recording (11)_aug_comp.wav
SPK005,proxima,Copy of Recording (12).wav,Copy of Recording (12)_orig.wav,clean_original,SPK005/proxima/Copy of Recording (12)_orig.wav
SPK005,proxima,Copy of Recording (12).wav,Copy of Recording (12)_aug_shift.wav,time_shift,SPK005/proxima/Copy of Recording (12)_aug_shift.wav
SPK005,proxima,Copy of Recording (12).wav,Copy of Recording (12)_aug_noise.wav,noise,SPK005/proxima/Copy of Recording (12)_aug_noise.wav
SPK005,proxima,Copy of Recording (12).wav,Copy of Recording (12)_aug_gain.wav,gain,SPK005/proxima/Copy of Recording (12)_aug_gain.wav
SPK005,proxima,Copy of Recording (12).wav,Copy of Recording (12)_aug_comp.wav,composite,SPK005/proxima/Copy of Recording (12)_aug_comp.wav
SPK005,proxima,Copy of Recording (13).wav,Copy of Recording (13)_orig.wav,clean_original,SPK005/proxima/Copy of Recording (13)_orig.wav
SPK005,proxima,Copy of Recording (13).wav,Copy of Recording (13)_aug_shift.wav,time_shift,SPK005/proxima/Copy of Recording (13)_aug_shift.wav
SPK005,proxima,Copy of Recording (13).wav,Copy of Recording (13)_aug_noise.wav,noise,SPK005/proxima/Copy of Recording (13)_aug_noise.wav
SPK005,proxima,Copy of Recording (13).wav,Copy of Recording (13)_aug_gain.wav,gain,SPK005/proxima/Copy of Recording (13)_aug_gain.wav
SPK005,proxima,Copy of Recording (13).wav,Copy of Recording (13)_aug_comp.wav,composite,SPK005/proxima/Copy of Recording (13)_aug_comp.wav
SPK005,proxima,Copy of Recording (14).wav,Copy of Recording (14)_orig.wav,clean_original,SPK005/proxima/Copy of Recording (14)_orig.wav
SPK005,proxima,Copy of Recording (14).wav,Copy of Recording (14)_aug_shift.wav,time_shift,SPK005/proxima/Copy of Recording (14)_aug_shift.wav
SPK005,proxima,Copy of Recording (14).wav,Copy of Recording (14)_aug_noise.wav,noise,SPK005/proxima/Copy of Recording (14)_aug_noise.wav
SPK005,proxima,Copy of Recording (14).wav,Copy of Recording (14)_aug_gain.wav,gain,SPK005/proxima/Copy of Recording (14)_aug_gain.wav
SPK005,proxima,Copy of Recording (14).wav,Copy of Recording (14)_aug_comp.wav,composite,SPK005/proxima/Copy of Recording (14)_aug_comp.wav
SPK005,proxima,Copy of Recording (15).wav,Copy of Recording (15)_orig.wav,clean_original,SPK005/proxima/Copy of Recording (15)_orig.wav
SPK005,proxima,Copy of Recording (15).wav,Copy of Recording (15)_aug_shift.wav,time_shift,SPK005/proxima/Copy of Recording (15)_aug_shift.wav
SPK005,proxima,Copy of Recording (15).wav,Copy of Recording (15)_aug_noise.wav,noise,SPK005/proxima/Copy of Recording (15)_aug_noise.wav
SPK005,proxima,Copy of Recording (15).wav,Copy of Recording (15)_aug_gain.wav,gain,SPK005/proxima/Copy of Recording (15)_aug_gain.wav
SPK005,proxima,Copy of Recording (15).wav,Copy of Recording (15)_aug_comp.wav,composite,SPK005/proxima/Copy of Recording (15)_aug_comp.wav
SPK005,proxima,Copy of Recording (16).wav,Copy of Recording (16)_orig.wav,clean_original,SPK005/proxima/Copy of Recording (16)_orig.wav
SPK005,proxima,Copy of Recording (16).wav,Copy of Recording (16)_aug_shift.wav,time_shift,SPK005/proxima/Copy of Recording (16)_aug_shift.wav
SPK005,proxima,Copy of Recording (16).wav,Copy of Recording (16)_aug_noise.wav,noise,SPK005/proxima/Copy of Recording (16)_aug_noise.wav
SPK005,proxima,Copy of Recording (16).wav,Copy of Recording (16)_aug_gain.wav,gain,SPK005/proxima/Copy of Recording (16)_aug_gain.wav
SPK005,proxima,Copy of Recording (16).wav,Copy of Recording (16)_aug_comp.wav,composite,SPK005/proxima/Copy of Recording (16)_aug_comp.wav
SPK005,proxima,Copy of Recording (17).wav,Copy of Recording (17)_orig.wav,clean_original,SPK005/proxima/Copy of Recording (17)_orig.wav
SPK005,proxima,Copy of Recording (17).wav,Copy of Recording (17)_aug_shift.wav,time_shift,SPK005/proxima/Copy of Recording (17)_aug_shift.wav
SPK005,proxima,Copy of Recording (17).wav,Copy of Recording (17)_aug_noise.wav,noise,SPK005/proxima/Copy of Recording (17)_aug_noise.wav
SPK005,proxima,Copy of Recording (17).wav,Copy of Recording (17)_aug_gain.wav,gain,SPK005/proxima/Copy of Recording (17)_aug_gain.wav
SPK005,proxima,Copy of Recording (17).wav,Copy of Recording (17)_aug_comp.wav,composite,SPK005/proxima/Copy of Recording (17)_aug_comp.wav
SPK005,proxima,Copy of Recording (18).wav,Copy of Recording (18)_orig.wav,clean_original,SPK005/proxima/Copy of Recording (18)_orig.wav
SPK005,proxima,Copy of Recording (18).wav,Copy of Recording (18)_aug_shift.wav,time_shift,SPK005/proxima/Copy of Recording (18)_aug_shift.wav
SPK005,proxima,Copy of Recording (18).wav,Copy of Recording (18)_aug_noise.wav,noise,SPK005/proxima/Copy of Recording (18)_aug_noise.wav
SPK005,proxima,Copy of Recording (18).wav,Copy of Recording (18)_aug_gain.wav,gain,SPK005/proxima/Copy of Recording (18)_aug_gain.wav
SPK005,proxima,Copy of Recording (18).wav,Copy of Recording (18)_aug_comp.wav,composite,SPK005/proxima/Copy of Recording (18)_aug_comp.wav
SPK005,proxima,Copy of Recording (19).wav,Copy of Recording (19)_orig.wav,clean_original,SPK005/proxima/Copy of Recording (19)_orig.wav
SPK005,proxima,Copy of Recording (19).wav,Copy of Recording (19)_aug_shift.wav,time_shift,SPK005/proxima/Copy of Recording (19)_aug_shift.wav
SPK005,proxima,Copy of Recording (19).wav,Copy of Recording (19)_aug_noise.wav,noise,SPK005/proxima/Copy of Recording (19)_aug_noise.wav
SPK005,proxima,Copy of Recording (19).wav,Copy of Recording (19)_aug_gain.wav,gain,SPK005/proxima/Copy of Recording (19)_aug_gain.wav
SPK005,proxima,Copy of Recording (19).wav,Copy of Recording (19)_aug_comp.wav,composite,SPK005/proxima/Copy of Recording (19)_aug_comp.wav
SPK005,proxima,Copy of Recording (2).wav,Copy of Recording (2)_orig.wav,clean_original,SPK005/proxima/Copy of Recording (2)_orig.wav
SPK005,proxima,Copy of Recording (2).wav,Copy of Recording (2)_aug_shift.wav,time_shift,SPK005/proxima/Copy of Recording (2)_aug_shift.wav
SPK005,proxima,Copy of Recording (2).wav,Copy of Recording (2)_aug_noise.wav,noise,SPK005/proxima/Copy of Recording (2)_aug_noise.wav
SPK005,proxima,Copy of Recording (2).wav,Copy of Recording (2)_aug_gain.wav,gain,SPK005/proxima/Copy of Recording (2)_aug_gain.wav
SPK005,proxima,Copy of Recording (2).wav,Copy of Recording (2)_aug_comp.wav,composite,SPK005/proxima/Copy of Recording (2)_aug_comp.wav
SPK005,proxima,Copy of Recording (20).wav,Copy of Recording (20)_orig.wav,clean_original,SPK005/proxima/Copy of Recording (20)_orig.wav
SPK005,proxima,Copy of Recording (20).wav,Copy of Recording (20)_aug_shift.wav,time_shift,SPK005/proxima/Copy of Recording (20)_aug_shift.wav
SPK005,proxima,Copy of Recording (20).wav,Copy of Recording (20)_aug_noise.wav,noise,SPK005/proxima/Copy of Recording (20)_aug_noise.wav
SPK005,proxima,Copy of Recording (20).wav,Copy of Recording (20)_aug_gain.wav,gain,SPK005/proxima/Copy of Recording (20)_aug_gain.wav
SPK005,proxima,Copy of Recording (20).wav,Copy of Recording (20)_aug_comp.wav,composite,SPK005/proxima/Copy of Recording (20)_aug_comp.wav
SPK005,proxima,Copy of Recording (21).wav,Copy of Recording (21)_orig.wav,clean_original,SPK005/proxima/Copy of Recording (21)_orig.wav
SPK005,proxima,Copy of Recording (21).wav,Copy of Recording (21)_aug_shift.wav,time_shift,SPK005/proxima/Copy of Recording (21)_aug_shift.wav
SPK005,proxima,Copy of Recording (21).wav,Copy of Recording (21)_aug_noise.wav,noise,SPK005/proxima/Copy of Recording (21)_aug_noise.wav
SPK005,proxima,Copy of Recording (21).wav,Copy of Recording (21)_aug_gain.wav,gain,SPK005/proxima/Copy of Recording (21)_aug_gain.wav
SPK005,proxima,Copy of Recording (21).wav,Copy of Recording (21)_aug_comp.wav,composite,SPK005/proxima/Copy of Recording (21)_aug_comp.wav
SPK005,proxima,Copy of Recording (22).wav,Copy of Recording (22)_orig.wav,clean_original,SPK005/proxima/Copy of Recording (22)_orig.wav
SPK005,proxima,Copy of Recording (22).wav,Copy of Recording (22)_aug_shift.wav,time_shift,SPK005/proxima/Copy of Recording (22)_aug_shift.wav
SPK005,proxima,Copy of Recording (22).wav,Copy of Recording (22)_aug_noise.wav,noise,SPK005/proxima/Copy of Recording (22)_aug_noise.wav
SPK005,proxima,Copy of Recording (22).wav,Copy of Recording (22)_aug_gain.wav,gain,SPK005/proxima/Copy of Recording (22)_aug_gain.wav
SPK005,proxima,Copy of Recording (22).wav,Copy of Recording (22)_aug_comp.wav,composite,SPK005/proxima/Copy of Recording (22)_aug_comp.wav
SPK005,proxima,Copy of Recording (23).wav,Copy of Recording (23)_orig.wav,clean_original,SPK005/proxima/Copy of Recording (23)_orig.wav
SPK005,proxima,Copy of Recording (23).wav,Copy of Recording (23)_aug_shift.wav,time_shift,SPK005/proxima/Copy of Recording (23)_aug_shift.wav
SPK005,proxima,Copy of Recording (23).wav,Copy of Recording (23)_aug_noise.wav,noise,SPK005/proxima/Copy of Recording (23)_aug_noise.wav
SPK005,proxima,Copy of Recording (23).wav,Copy of Recording (23)_aug_gain.wav,gain,SPK005/proxima/Copy of Recording (23)_aug_gain.wav
SPK005,proxima,Copy of Recording (23).wav,Copy of Recording (23)_aug_comp.wav,composite,SPK005/proxima/Copy of Recording (23)_aug_comp.wav
SPK005,proxima,Copy of Recording (24).wav,Copy of Recording (24)_orig.wav,clean_original,SPK005/proxima/Copy of Recording (24)_orig.wav
SPK005,proxima,Copy of Recording (24).wav,Copy of Recording (24)_aug_shift.wav,time_shift,SPK005/proxima/Copy of Recording (24)_aug_shift.wav
SPK005,proxima,Copy of Recording (24).wav,Copy of Recording (24)_aug_noise.wav,noise,SPK005/proxima/Copy of Recording (24)_aug_noise.wav
SPK005,proxima,Copy of Recording (24).wav,Copy of Recording (24)_aug_gain.wav,gain,SPK005/proxima/Copy of Recording (24)_aug_gain.wav
SPK005,proxima,Copy of Recording (24).wav,Copy of Recording (24)_aug_comp.wav,composite,SPK005/proxima/Copy of Recording (24)_aug_comp.wav
SPK005,proxima,Copy of Recording (25).wav,Copy of Recording (25)_orig.wav,clean_original,SPK005/proxima/Copy of Recording (25)_orig.wav
SPK005,proxima,Copy of Recording (25).wav,Copy of Recording (25)_aug_shift.wav,time_shift,SPK005/proxima/Copy of Recording (25)_aug_shift.wav
SPK005,proxima,Copy of Recording (25).wav,Copy of Recording (25)_aug_noise.wav,noise,SPK005/proxima/Copy of Recording (25)_aug_noise.wav
SPK005,proxima,Copy of Recording (25).wav,Copy of Recording (25)_aug_gain.wav,gain,SPK005/proxima/Copy of Recording (25)_aug_gain.wav
SPK005,proxima,Copy of Recording (25).wav,Copy of Recording (25)_aug_comp.wav,composite,SPK005/proxima/Copy of Recording (25)_aug_comp.wav
SPK005,proxima,Copy of Recording (26).wav,Copy of Recording (26)_orig.wav,clean_original,SPK005/proxima/Copy of Recording (26)_orig.wav
SPK005,proxima,Copy of Recording (26).wav,Copy of Recording (26)_aug_shift.wav,time_shift,SPK005/proxima/Copy of Recording (26)_aug_shift.wav
SPK005,proxima,Copy of Recording (26).wav,Copy of Recording (26)_aug_noise.wav,noise,SPK005/proxima/Copy of Recording (26)_aug_noise.wav
SPK005,proxima,Copy of Recording (26).wav,Copy of Recording (26)_aug_gain.wav,gain,SPK005/proxima/Copy of Recording (26)_aug_gain.wav
SPK005,proxima,Copy of Recording (26).wav,Copy of Recording (26)_aug_comp.wav,composite,SPK005/proxima/Copy of Recording (26)_aug_comp.wav
SPK005,proxima,Copy of Recording (27).wav,Copy of Recording (27)_orig.wav,clean_original,SPK005/proxima/Copy of Recording (27)_orig.wav
SPK005,proxima,Copy of Recording (27).wav,Copy of Recording (27)_aug_shift.wav,time_shift,SPK005/proxima/Copy of Recording (27)_aug_shift.wav
SPK005,proxima,Copy of Recording (27).wav,Copy of Recording (27)_aug_noise.wav,noise,SPK005/proxima/Copy of Recording (27)_aug_noise.wav
SPK005,proxima,Copy of Recording (27).wav,Copy of Recording (27)_aug_gain.wav,gain,SPK005/proxima/Copy of Recording (27)_aug_gain.wav
SPK005,proxima,Copy of Recording (27).wav,Copy of Recording (27)_aug_comp.wav,composite,SPK005/proxima/Copy of Recording (27)_aug_comp.wav
SPK005,proxima,Copy of Recording (28).wav,Copy of Recording (28)_orig.wav,clean_original,SPK005/proxima/Copy of Recording (28)_orig.wav
SPK005,proxima,Copy of Recording (28).wav,Copy of Recording (28)_aug_shift.wav,time_shift,SPK005/proxima/Copy of Recording (28)_aug_shift.wav
SPK005,proxima,Copy of Recording (28).wav,Copy of Recording (28)_aug_noise.wav,noise,SPK005/proxima/Copy of Recording (28)_aug_noise.wav
SPK005,proxima,Copy of Recording (28).wav,Copy of Recording (28)_aug_gain.wav,gain,SPK005/proxima/Copy of Recording (28)_aug_gain.wav
SPK005,proxima,Copy of Recording (28).wav,Copy of Recording (28)_aug_comp.wav,composite,SPK005/proxima/Copy of Recording (28)_aug_comp.wav
SPK005,proxima,Copy of Recording (29).wav,Copy of Recording (29)_orig.wav,clean_original,SPK005/proxima/Copy of Recording (29)_orig.wav
SPK005,proxima,Copy of Recording (29).wav,Copy of Recording (29)_aug_shift.wav,time_shift,SPK005/proxima/Copy of Recording (29)_aug_shift.wav
SPK005,proxima,Copy of Recording (29).wav,Copy of Recording (29)_aug_noise.wav,noise,SPK005/proxima/Copy of Recording (29)_aug_noise.wav
SPK005,proxima,Copy of Recording (29).wav,Copy of Recording (29)_aug_gain.wav,gain,SPK005/proxima/Copy of Recording (29)_aug_gain.wav
SPK005,proxima,Copy of Recording (29).wav,Copy of Recording (29)_aug_comp.wav,composite,SPK005/proxima/Copy of Recording (29)_aug_comp.wav
SPK005,proxima,Copy of Recording (30).wav,Copy of Recording (30)_orig.wav,clean_original,SPK005/proxima/Copy of Recording (30)_orig.wav
SPK005,proxima,Copy of Recording (30).wav,Copy of Recording (30)_aug_shift.wav,time_shift,SPK005/proxima/Copy of Recording (30)_aug_shift.wav
SPK005,proxima,Copy of Recording (30).wav,Copy of Recording (30)_aug_noise.wav,noise,SPK005/proxima/Copy of Recording (30)_aug_noise.wav
SPK005,proxima,Copy of Recording (30).wav,Copy of Recording (30)_aug_gain.wav,gain,SPK005/proxima/Copy of Recording (30)_aug_gain.wav
SPK005,proxima,Copy of Recording (30).wav,Copy of Recording (30)_aug_comp.wav,composite,SPK005/proxima/Copy of Recording (30)_aug_comp.wav
SPK005,proxima,Copy of Recording (31).wav,Copy of Recording (31)_orig.wav,clean_original,SPK005/proxima/Copy of Recording (31)_orig.wav
SPK005,proxima,Copy of Recording (31).wav,Copy of Recording (31)_aug_shift.wav,time_shift,SPK005/proxima/Copy of Recording (31)_aug_shift.wav
SPK005,proxima,Copy of Recording (31).wav,Copy of Recording (31)_aug_noise.wav,noise,SPK005/proxima/Copy of Recording (31)_aug_noise.wav
SPK005,proxima,Copy of Recording (31).wav,Copy of Recording (31)_aug_gain.wav,gain,SPK005/proxima/Copy of Recording (31)_aug_gain.wav
SPK005,proxima,Copy of Recording (31).wav,Copy of Recording (31)_aug_comp.wav,composite,SPK005/proxima/Copy of Recording (31)_aug_comp.wav
SPK005,proxima,Copy of Recording (32).wav,Copy of Recording (32)_orig.wav,clean_original,SPK005/proxima/Copy of Recording (32)_orig.wav
SPK005,proxima,Copy of Recording (32).wav,Copy of Recording (32)_aug_shift.wav,time_shift,SPK005/proxima/Copy of Recording (32)_aug_shift.wav
SPK005,proxima,Copy of Recording (32).wav,Copy of Recording (32)_aug_noise.wav,noise,SPK005/proxima/Copy of Recording (32)_aug_noise.wav
SPK005,proxima,Copy of Recording (32).wav,Copy of Recording (32)_aug_gain.wav,gain,SPK005/proxima/Copy of Recording (32)_aug_gain.wav
SPK005,proxima,Copy of Recording (32).wav,Copy of Recording (32)_aug_comp.wav,composite,SPK005/proxima/Copy of Recording (32)_aug_comp.wav
SPK005,proxima,Copy of Recording (33).wav,Copy of Recording (33)_orig.wav,clean_original,SPK005/proxima/Copy of Recording (33)_orig.wav
SPK005,proxima,Copy of Recording (33).wav,Copy of Recording (33)_aug_shift.wav,time_shift,SPK005/proxima/Copy of Recording (33)_aug_shift.wav
SPK005,proxima,Copy of Recording (33).wav,Copy of Recording (33)_aug_noise.wav,noise,SPK005/proxima/Copy of Recording (33)_aug_noise.wav
SPK005,proxima,Copy of Recording (33).wav,Copy of Recording (33)_aug_gain.wav,gain,SPK005/proxima/Copy of Recording (33)_aug_gain.wav
SPK005,proxima,Copy of Recording (33).wav,Copy of Recording (33)_aug_comp.wav,composite,SPK005/proxima/Copy of Recording (33)_aug_comp.wav
SPK005,proxima,Copy of Recording (34).wav,Copy of Recording (34)_orig.wav,clean_original,SPK005/proxima/Copy of Recording (34)_orig.wav
SPK005,proxima,Copy of Recording (34).wav,Copy of Recording (34)_aug_shift.wav,time_shift,SPK005/proxima/Copy of Recording (34)_aug_shift.wav
SPK005,proxima,Copy of Recording (34).wav,Copy of Recording (34)_aug_noise.wav,noise,SPK005/proxima/Copy of Recording (34)_aug_noise.wav
SPK005,proxima,Copy of Recording (34).wav,Copy of Recording (34)_aug_gain.wav,gain,SPK005/proxima/Copy of Recording (34)_aug_gain.wav
SPK005,proxima,Copy of Recording (34).wav,Copy of Recording (34)_aug_comp.wav,composite,SPK005/proxima/Copy of Recording (34)_aug_comp.wav
SPK005,proxima,Copy of Recording (35).wav,Copy of Recording (35)_orig.wav,clean_original,SPK005/proxima/Copy of Recording (35)_orig.wav
SPK005,proxima,Copy of Recording (35).wav,Copy of Recording (35)_aug_shift.wav,time_shift,SPK005/proxima/Copy of Recording (35)_aug_shift.wav
SPK005,proxima,Copy of Recording (35).wav,Copy of Recording (35)_aug_noise.wav,noise,SPK005/proxima/Copy of Recording (35)_aug_noise.wav
SPK005,proxima,Copy of Recording (35).wav,Copy of Recording (35)_aug_gain.wav,gain,SPK005/proxima/Copy of Recording (35)_aug_gain.wav
SPK005,proxima,Copy of Recording (35).wav,Copy of Recording (35)_aug_comp.wav,composite,SPK005/proxima/Copy of Recording (35)_aug_comp.wav
SPK005,proxima,Copy of Recording (36).wav,Copy of Recording (36)_orig.wav,clean_original,SPK005/proxima/Copy of Recording (36)_orig.wav
SPK005,proxima,Copy of Recording (36).wav,Copy of Recording (36)_aug_shift.wav,time_shift,SPK005/proxima/Copy of Recording (36)_aug_shift.wav
SPK005,proxima,Copy of Recording (36).wav,Copy of Recording (36)_aug_noise.wav,noise,SPK005/proxima/Copy of Recording (36)_aug_noise.wav
SPK005,proxima,Copy of Recording (36).wav,Copy of Recording (36)_aug_gain.wav,gain,SPK005/proxima/Copy of Recording (36)_aug_gain.wav
SPK005,proxima,Copy of Recording (36).wav,Copy of Recording (36)_aug_comp.wav,composite,SPK005/proxima/Copy of Recording (36)_aug_comp.wav
SPK005,proxima,Copy of Recording (37).wav,Copy of Recording (37)_orig.wav,clean_original,SPK005/proxima/Copy of Recording (37)_orig.wav
SPK005,proxima,Copy of Recording (37).wav,Copy of Recording (37)_aug_shift.wav,time_shift,SPK005/proxima/Copy of Recording (37)_aug_shift.wav
SPK005,proxima,Copy of Recording (37).wav,Copy of Recording (37)_aug_noise.wav,noise,SPK005/proxima/Copy of Recording (37)_aug_noise.wav
SPK005,proxima,Copy of Recording (37).wav,Copy of Recording (37)_aug_gain.wav,gain,SPK005/proxima/Copy of Recording (37)_aug_gain.wav
SPK005,proxima,Copy of Recording (37).wav,Copy of Recording (37)_aug_comp.wav,composite,SPK005/proxima/Copy of Recording (37)_aug_comp.wav
SPK005,proxima,Copy of Recording (38).wav,Copy of Recording (38)_orig.wav,clean_original,SPK005/proxima/Copy of Recording (38)_orig.wav
SPK005,proxima,Copy of Recording (38).wav,Copy of Recording (38)_aug_shift.wav,time_shift,SPK005/proxima/Copy of Recording (38)_aug_shift.wav
SPK005,proxima,Copy of Recording (38).wav,Copy of Recording (38)_aug_noise.wav,noise,SPK005/proxima/Copy of Recording (38)_aug_noise.wav
SPK005,proxima,Copy of Recording (38).wav,Copy of Recording (38)_aug_gain.wav,gain,SPK005/proxima/Copy of Recording (38)_aug_gain.wav
SPK005,proxima,Copy of Recording (38).wav,Copy of Recording (38)_aug_comp.wav,composite,SPK005/proxima/Copy of Recording (38)_aug_comp.wav
SPK005,proxima,Copy of Recording (39).wav,Copy of Recording (39)_orig.wav,clean_original,SPK005/proxima/Copy of Recording (39)_orig.wav
SPK005,proxima,Copy of Recording (39).wav,Copy of Recording (39)_aug_shift.wav,time_shift,SPK005/proxima/Copy of Recording (39)_aug_shift.wav
SPK005,proxima,Copy of Recording (39).wav,Copy of Recording (39)_aug_noise.wav,noise,SPK005/proxima/Copy of Recording (39)_aug_noise.wav
SPK005,proxima,Copy of Recording (39).wav,Copy of Recording (39)_aug_gain.wav,gain,SPK005/proxima/Copy of Recording (39)_aug_gain.wav
SPK005,proxima,Copy of Recording (39).wav,Copy of Recording (39)_aug_comp.wav,composite,SPK005/proxima/Copy of Recording (39)_aug_comp.wav
SPK005,proxima,Copy of Recording (4).wav,Copy of Recording (4)_orig.wav,clean_original,SPK005/proxima/Copy of Recording (4)_orig.wav
SPK005,proxima,Copy of Recording (4).wav,Copy of Recording (4)_aug_shift.wav,time_shift,SPK005/proxima/Copy of Recording (4)_aug_shift.wav
SPK005,proxima,Copy of Recording (4).wav,Copy of Recording (4)_aug_noise.wav,noise,SPK005/proxima/Copy of Recording (4)_aug_noise.wav
SPK005,proxima,Copy of Recording (4).wav,Copy of Recording (4)_aug_gain.wav,gain,SPK005/proxima/Copy of Recording (4)_aug_gain.wav
SPK005,proxima,Copy of Recording (4).wav,Copy of Recording (4)_aug_comp.wav,composite,SPK005/proxima/Copy of Recording (4)_aug_comp.wav
SPK005,proxima,Copy of Recording (40).wav,Copy of Recording (40)_orig.wav,clean_original,SPK005/proxima/Copy of Recording (40)_orig.wav
SPK005,proxima,Copy of Recording (40).wav,Copy of Recording (40)_aug_shift.wav,time_shift,SPK005/proxima/Copy of Recording (40)_aug_shift.wav
SPK005,proxima,Copy of Recording (40).wav,Copy of Recording (40)_aug_noise.wav,noise,SPK005/proxima/Copy of Recording (40)_aug_noise.wav
SPK005,proxima,Copy of Recording (40).wav,Copy of Recording (40)_aug_gain.wav,gain,SPK005/proxima/Copy of Recording (40)_aug_gain.wav
SPK005,proxima,Copy of Recording (40).wav,Copy of Recording (40)_aug_comp.wav,composite,SPK005/proxima/Copy of Recording (40)_aug_comp.wav
SPK005,proxima,Copy of Recording (41).wav,Copy of Recording (41)_orig.wav,clean_original,SPK005/proxima/Copy of Recording (41)_orig.wav
SPK005,proxima,Copy of Recording (41).wav,Copy of Recording (41)_aug_shift.wav,time_shift,SPK005/proxima/Copy of Recording (41)_aug_shift.wav
SPK005,proxima,Copy of Recording (41).wav,Copy of Recording (41)_aug_noise.wav,noise,SPK005/proxima/Copy of Recording (41)_aug_noise.wav
SPK005,proxima,Copy of Recording (41).wav,Copy of Recording (41)_aug_gain.wav,gain,SPK005/proxima/Copy of Recording (41)_aug_gain.wav
SPK005,proxima,Copy of Recording (41).wav,Copy of Recording (41)_aug_comp.wav,composite,SPK005/proxima/Copy of Recording (41)_aug_comp.wav
SPK005,proxima,Copy of Recording (42).wav,Copy of Recording (42)_orig.wav,clean_original,SPK005/proxima/Copy of Recording (42)_orig.wav
SPK005,proxima,Copy of Recording (42).wav,Copy of Recording (42)_aug_shift.wav,time_shift,SPK005/proxima/Copy of Recording (42)_aug_shift.wav
SPK005,proxima,Copy of Recording (42).wav,Copy of Recording (42)_aug_noise.wav,noise,SPK005/proxima/Copy of Recording (42)_aug_noise.wav
SPK005,proxima,Copy of Recording (42).wav,Copy of Recording (42)_aug_gain.wav,gain,SPK005/proxima/Copy of Recording (42)_aug_gain.wav
SPK005,proxima,Copy of Recording (42).wav,Copy of Recording (42)_aug_comp.wav,composite,SPK005/proxima/Copy of Recording (42)_aug_comp.wav
SPK005,proxima,Copy of Recording (43).wav,Copy of Recording (43)_orig.wav,clean_original,SPK005/proxima/Copy of Recording (43)_orig.wav
SPK005,proxima,Copy of Recording (43).wav,Copy of Recording (43)_aug_shift.wav,time_shift,SPK005/proxima/Copy of Recording (43)_aug_shift.wav
SPK005,proxima,Copy of Recording (43).wav,Copy of Recording (43)_aug_noise.wav,noise,SPK005/proxima/Copy of Recording (43)_aug_noise.wav
SPK005,proxima,Copy of Recording (43).wav,Copy of Recording (43)_aug_gain.wav,gain,SPK005/proxima/Copy of Recording (43)_aug_gain.wav
SPK005,proxima,Copy of Recording (43).wav,Copy of Recording (43)_aug_comp.wav,composite,SPK005/proxima/Copy of Recording (43)_aug_comp.wav
SPK005,proxima,Copy of Recording (44).wav,Copy of Recording (44)_orig.wav,clean_original,SPK005/proxima/Copy of Recording (44)_orig.wav
SPK005,proxima,Copy of Recording (44).wav,Copy of Recording (44)_aug_shift.wav,time_shift,SPK005/proxima/Copy of Recording (44)_aug_shift.wav
SPK005,proxima,Copy of Recording (44).wav,Copy of Recording (44)_aug_noise.wav,noise,SPK005/proxima/Copy of Recording (44)_aug_noise.wav
SPK005,proxima,Copy of Recording (44).wav,Copy of Recording (44)_aug_gain.wav,gain,SPK005/proxima/Copy of Recording (44)_aug_gain.wav
SPK005,proxima,Copy of Recording (44).wav,Copy of Recording (44)_aug_comp.wav,composite,SPK005/proxima/Copy of Recording (44)_aug_comp.wav
SPK005,proxima,Copy of Recording (45).wav,Copy of Recording (45)_orig.wav,clean_original,SPK005/proxima/Copy of Recording (45)_orig.wav
SPK005,proxima,Copy of Recording (45).wav,Copy of Recording (45)_aug_shift.wav,time_shift,SPK005/proxima/Copy of Recording (45)_aug_shift.wav
SPK005,proxima,Copy of Recording (45).wav,Copy of Recording (45)_aug_noise.wav,noise,SPK005/proxima/Copy of Recording (45)_aug_noise.wav
SPK005,proxima,Copy of Recording (45).wav,Copy of Recording (45)_aug_gain.wav,gain,SPK005/proxima/Copy of Recording (45)_aug_gain.wav
SPK005,proxima,Copy of Recording (45).wav,Copy of Recording (45)_aug_comp.wav,composite,SPK005/proxima/Copy of Recording (45)_aug_comp.wav
SPK005,proxima,Copy of Recording (46).wav,Copy of Recording (46)_orig.wav,clean_original,SPK005/proxima/Copy of Recording (46)_orig.wav
SPK005,proxima,Copy of Recording (46).wav,Copy of Recording (46)_aug_shift.wav,time_shift,SPK005/proxima/Copy of Recording (46)_aug_shift.wav
SPK005,proxima,Copy of Recording (46).wav,Copy of Recording (46)_aug_noise.wav,noise,SPK005/proxima/Copy of Recording (46)_aug_noise.wav
SPK005,proxima,Copy of Recording (46).wav,Copy of Recording (46)_aug_gain.wav,gain,SPK005/proxima/Copy of Recording (46)_aug_gain.wav
SPK005,proxima,Copy of Recording (46).wav,Copy of Recording (46)_aug_comp.wav,composite,SPK005/proxima/Copy of Recording (46)_aug_comp.wav
SPK005,proxima,Copy of Recording (47).wav,Copy of Recording (47)_orig.wav,clean_original,SPK005/proxima/Copy of Recording (47)_orig.wav
SPK005,proxima,Copy of Recording (47).wav,Copy of Recording (47)_aug_shift.wav,time_shift,SPK005/proxima/Copy of Recording (47)_aug_shift.wav
SPK005,proxima,Copy of Recording (47).wav,Copy of Recording (47)_aug_noise.wav,noise,SPK005/proxima/Copy of Recording (47)_aug_noise.wav
SPK005,proxima,Copy of Recording (47).wav,Copy of Recording (47)_aug_gain.wav,gain,SPK005/proxima/Copy of Recording (47)_aug_gain.wav
SPK005,proxima,Copy of Recording (47).wav,Copy of Recording (47)_aug_comp.wav,composite,SPK005/proxima/Copy of Recording (47)_aug_comp.wav
SPK005,proxima,Copy of Recording (48).wav,Copy of Recording (48)_orig.wav,clean_original,SPK005/proxima/Copy of Recording (48)_orig.wav
SPK005,proxima,Copy of Recording (48).wav,Copy of Recording (48)_aug_shift.wav,time_shift,SPK005/proxima/Copy of Recording (48)_aug_shift.wav
SPK005,proxima,Copy of Recording (48).wav,Copy of Recording (48)_aug_noise.wav,noise,SPK005/proxima/Copy of Recording (48)_aug_noise.wav
SPK005,proxima,Copy of Recording (48).wav,Copy of Recording (48)_aug_gain.wav,gain,SPK005/proxima/Copy of Recording (48)_aug_gain.wav
SPK005,proxima,Copy of Recording (48).wav,Copy of Recording (48)_aug_comp.wav,composite,SPK005/proxima/Copy of Recording (48)_aug_comp.wav
SPK005,proxima,Copy of Recording (49).wav,Copy of Recording (49)_orig.wav,clean_original,SPK005/proxima/Copy of Recording (49)_orig.wav
SPK005,proxima,Copy of Recording (49).wav,Copy of Recording (49)_aug_shift.wav,time_shift,SPK005/proxima/Copy of Recording (49)_aug_shift.wav
SPK005,proxima,Copy of Recording (49).wav,Copy of Recording (49)_aug_noise.wav,noise,SPK005/proxima/Copy of Recording (49)_aug_noise.wav
SPK005,proxima,Copy of Recording (49).wav,Copy of Recording (49)_aug_gain.wav,gain,SPK005/proxima/Copy of Recording (49)_aug_gain.wav
SPK005,proxima,Copy of Recording (49).wav,Copy of Recording (49)_aug_comp.wav,composite,SPK005/proxima/Copy of Recording (49)_aug_comp.wav
SPK005,proxima,Copy of Recording (5).wav,Copy of Recording (5)_orig.wav,clean_original,SPK005/proxima/Copy of Recording (5)_orig.wav
SPK005,proxima,Copy of Recording (5).wav,Copy of Recording (5)_aug_shift.wav,time_shift,SPK005/proxima/Copy of Recording (5)_aug_shift.wav
SPK005,proxima,Copy of Recording (5).wav,Copy of Recording (5)_aug_noise.wav,noise,SPK005/proxima/Copy of Recording (5)_aug_noise.wav
SPK005,proxima,Copy of Recording (5).wav,Copy of Recording (5)_aug_gain.wav,gain,SPK005/proxima/Copy of Recording (5)_aug_gain.wav
SPK005,proxima,Copy of Recording (5).wav,Copy of Recording (5)_aug_comp.wav,composite,SPK005/proxima/Copy of Recording (5)_aug_comp.wav
SPK005,proxima,Copy of Recording (50).wav,Copy of Recording (50)_orig.wav,clean_original,SPK005/proxima/Copy of Recording (50)_orig.wav
SPK005,proxima,Copy of Recording (50).wav,Copy of Recording (50)_aug_shift.wav,time_shift,SPK005/proxima/Copy of Recording (50)_aug_shift.wav
SPK005,proxima,Copy of Recording (50).wav,Copy of Recording (50)_aug_noise.wav,noise,SPK005/proxima/Copy of Recording (50)_aug_noise.wav
SPK005,proxima,Copy of Recording (50).wav,Copy of Recording (50)_aug_gain.wav,gain,SPK005/proxima/Copy of Recording (50)_aug_gain.wav
SPK005,proxima,Copy of Recording (50).wav,Copy of Recording (50)_aug_comp.wav,composite,SPK005/proxima/Copy of Recording (50)_aug_comp.wav
SPK005,proxima,Copy of Recording (51).wav,Copy of Recording (51)_orig.wav,clean_original,SPK005/proxima/Copy of Recording (51)_orig.wav
SPK005,proxima,Copy of Recording (51).wav,Copy of Recording (51)_aug_shift.wav,time_shift,SPK005/proxima/Copy of Recording (51)_aug_shift.wav
SPK005,proxima,Copy of Recording (51).wav,Copy of Recording (51)_aug_noise.wav,noise,SPK005/proxima/Copy of Recording (51)_aug_noise.wav
SPK005,proxima,Copy of Recording (51).wav,Copy of Recording (51)_aug_gain.wav,gain,SPK005/proxima/Copy of Recording (51)_aug_gain.wav
SPK005,proxima,Copy of Recording (51).wav,Copy of Recording (51)_aug_comp.wav,composite,SPK005/proxima/Copy of Recording (51)_aug_comp.wav
SPK005,proxima,Copy of Recording (6).wav,Copy of Recording (6)_orig.wav,clean_original,SPK005/proxima/Copy of Recording (6)_orig.wav
SPK005,proxima,Copy of Recording (6).wav,Copy of Recording (6)_aug_shift.wav,time_shift,SPK005/proxima/Copy of Recording (6)_aug_shift.wav
SPK005,proxima,Copy of Recording (6).wav,Copy of Recording (6)_aug_noise.wav,noise,SPK005/proxima/Copy of Recording (6)_aug_noise.wav
SPK005,proxima,Copy of Recording (6).wav,Copy of Recording (6)_aug_gain.wav,gain,SPK005/proxima/Copy of Recording (6)_aug_gain.wav
SPK005,proxima,Copy of Recording (6).wav,Copy of Recording (6)_aug_comp.wav,composite,SPK005/proxima/Copy of Recording (6)_aug_comp.wav
SPK005,proxima,Copy of Recording (7).wav,Copy of Recording (7)_orig.wav,clean_original,SPK005/proxima/Copy of Recording (7)_orig.wav
SPK005,proxima,Copy of Recording (7).wav,Copy of Recording (7)_aug_shift.wav,time_shift,SPK005/proxima/Copy of Recording (7)_aug_shift.wav
SPK005,proxima,Copy of Recording (7).wav,Copy of Recording (7)_aug_noise.wav,noise,SPK005/proxima/Copy of Recording (7)_aug_noise.wav
SPK005,proxima,Copy of Recording (7).wav,Copy of Recording (7)_aug_gain.wav,gain,SPK005/proxima/Copy of Recording (7)_aug_gain.wav
SPK005,proxima,Copy of Recording (7).wav,Copy of Recording (7)_aug_comp.wav,composite,SPK005/proxima/Copy of Recording (7)_aug_comp.wav
SPK005,proxima,Copy of Recording (8).wav,Copy of Recording (8)_orig.wav,clean_original,SPK005/proxima/Copy of Recording (8)_orig.wav
SPK005,proxima,Copy of Recording (8).wav,Copy of Recording (8)_aug_shift.wav,time_shift,SPK005/proxima/Copy of Recording (8)_aug_shift.wav
SPK005,proxima,Copy of Recording (8).wav,Copy of Recording (8)_aug_noise.wav,noise,SPK005/proxima/Copy of Recording (8)_aug_noise.wav
SPK005,proxima,Copy of Recording (8).wav,Copy of Recording (8)_aug_gain.wav,gain,SPK005/proxima/Copy of Recording (8)_aug_gain.wav
SPK005,proxima,Copy of Recording (8).wav,Copy of Recording (8)_aug_comp.wav,composite,SPK005/proxima/Copy of Recording (8)_aug_comp.wav
SPK005,proxima,Copy of Recording (9).wav,Copy of Recording (9)_orig.wav,clean_original,SPK005/proxima/Copy of Recording (9)_orig.wav
SPK005,proxima,Copy of Recording (9).wav,Copy of Recording (9)_aug_shift.wav,time_shift,SPK005/proxima/Copy of Recording (9)_aug_shift.wav
SPK005,proxima,Copy of Recording (9).wav,Copy of Recording (9)_aug_noise.wav,noise,SPK005/proxima/Copy of Recording (9)_aug_noise.wav
SPK005,proxima,Copy of Recording (9).wav,Copy of Recording (9)_aug_gain.wav,gain,SPK005/proxima/Copy of Recording (9)_aug_gain.wav
SPK005,proxima,Copy of Recording (9).wav,Copy of Recording (9)_aug_comp.wav,composite,SPK005/proxima/Copy of Recording (9)_aug_comp.wav
SPK005,proxima,Copy of Recording.wav,Copy of Recording_orig.wav,clean_original,SPK005/proxima/Copy of Recording_orig.wav
SPK005,proxima,Copy of Recording.wav,Copy of Recording_aug_shift.wav,time_shift,SPK005/proxima/Copy of Recording_aug_shift.wav
SPK005,proxima,Copy of Recording.wav,Copy of Recording_aug_noise.wav,noise,SPK005/proxima/Copy of Recording_aug_noise.wav
SPK005,proxima,Copy of Recording.wav,Copy of Recording_aug_gain.wav,gain,SPK005/proxima/Copy of Recording_aug_gain.wav
SPK005,proxima,Copy of Recording.wav,Copy of Recording_aug_comp.wav,composite,SPK005/proxima/Copy of Recording_aug_comp.wav
SPK005,proxima,Recording (10).wav,Recording (10)_orig.wav,clean_original,SPK005/proxima/Recording (10)_orig.wav
SPK005,proxima,Recording (10).wav,Recording (10)_aug_shift.wav,time_shift,SPK005/proxima/Recording (10)_aug_shift.wav
SPK005,proxima,Recording (10).wav,Recording (10)_aug_noise.wav,noise,SPK005/proxima/Recording (10)_aug_noise.wav
SPK005,proxima,Recording (10).wav,Recording (10)_aug_gain.wav,gain,SPK005/proxima/Recording (10)_aug_gain.wav
SPK005,proxima,Recording (10).wav,Recording (10)_aug_comp.wav,composite,SPK005/proxima/Recording (10)_aug_comp.wav
SPK005,proxima,Recording (11).wav,Recording (11)_orig.wav,clean_original,SPK005/proxima/Recording (11)_orig.wav
SPK005,proxima,Recording (11).wav,Recording (11)_aug_shift.wav,time_shift,SPK005/proxima/Recording (11)_aug_shift.wav
SPK005,proxima,Recording (11).wav,Recording (11)_aug_noise.wav,noise,SPK005/proxima/Recording (11)_aug_noise.wav
SPK005,proxima,Recording (11).wav,Recording (11)_aug_gain.wav,gain,SPK005/proxima/Recording (11)_aug_gain.wav
SPK005,proxima,Recording (11).wav,Recording (11)_aug_comp.wav,composite,SPK005/proxima/Recording (11)_aug_comp.wav
SPK005,proxima,Recording (12).wav,Recording (12)_orig.wav,clean_original,SPK005/proxima/Recording (12)_orig.wav
SPK005,proxima,Recording (12).wav,Recording (12)_aug_shift.wav,time_shift,SPK005/proxima/Recording (12)_aug_shift.wav
SPK005,proxima,Recording (12).wav,Recording (12)_aug_noise.wav,noise,SPK005/proxima/Recording (12)_aug_noise.wav
SPK005,proxima,Recording (12).wav,Recording (12)_aug_gain.wav,gain,SPK005/proxima/Recording (12)_aug_gain.wav
SPK005,proxima,Recording (12).wav,Recording (12)_aug_comp.wav,composite,SPK005/proxima/Recording (12)_aug_comp.wav
SPK005,proxima,Recording (13).wav,Recording (13)_orig.wav,clean_original,SPK005/proxima/Recording (13)_orig.wav
SPK005,proxima,Recording (13).wav,Recording (13)_aug_shift.wav,time_shift,SPK005/proxima/Recording (13)_aug_shift.wav
SPK005,proxima,Recording (13).wav,Recording (13)_aug_noise.wav,noise,SPK005/proxima/Recording (13)_aug_noise.wav
SPK005,proxima,Recording (13).wav,Recording (13)_aug_gain.wav,gain,SPK005/proxima/Recording (13)_aug_gain.wav
SPK005,proxima,Recording (13).wav,Recording (13)_aug_comp.wav,composite,SPK005/proxima/Recording (13)_aug_comp.wav
SPK005,proxima,Recording (14).wav,Recording (14)_orig.wav,clean_original,SPK005/proxima/Recording (14)_orig.wav
SPK005,proxima,Recording (14).wav,Recording (14)_aug_shift.wav,time_shift,SPK005/proxima/Recording (14)_aug_shift.wav
SPK005,proxima,Recording (14).wav,Recording (14)_aug_noise.wav,noise,SPK005/proxima/Recording (14)_aug_noise.wav
SPK005,proxima,Recording (14).wav,Recording (14)_aug_gain.wav,gain,SPK005/proxima/Recording (14)_aug_gain.wav
SPK005,proxima,Recording (14).wav,Recording (14)_aug_comp.wav,composite,SPK005/proxima/Recording (14)_aug_comp.wav
SPK005,proxima,Recording (15).wav,Recording (15)_orig.wav,clean_original,SPK005/proxima/Recording (15)_orig.wav
SPK005,proxima,Recording (15).wav,Recording (15)_aug_shift.wav,time_shift,SPK005/proxima/Recording (15)_aug_shift.wav
SPK005,proxima,Recording (15).wav,Recording (15)_aug_noise.wav,noise,SPK005/proxima/Recording (15)_aug_noise.wav
SPK005,proxima,Recording (15).wav,Recording (15)_aug_gain.wav,gain,SPK005/proxima/Recording (15)_aug_gain.wav
SPK005,proxima,Recording (15).wav,Recording (15)_aug_comp.wav,composite,SPK005/proxima/Recording (15)_aug_comp.wav
SPK005,proxima,Recording (16).wav,Recording (16)_orig.wav,clean_original,SPK005/proxima/Recording (16)_orig.wav
SPK005,proxima,Recording (16).wav,Recording (16)_aug_shift.wav,time_shift,SPK005/proxima/Recording (16)_aug_shift.wav
SPK005,proxima,Recording (16).wav,Recording (16)_aug_noise.wav,noise,SPK005/proxima/Recording (16)_aug_noise.wav
SPK005,proxima,Recording (16).wav,Recording (16)_aug_gain.wav,gain,SPK005/proxima/Recording (16)_aug_gain.wav
SPK005,proxima,Recording (16).wav,Recording (16)_aug_comp.wav,composite,SPK005/proxima/Recording (16)_aug_comp.wav
SPK005,proxima,Recording (17).wav,Recording (17)_orig.wav,clean_original,SPK005/proxima/Recording (17)_orig.wav
SPK005,proxima,Recording (17).wav,Recording (17)_aug_shift.wav,time_shift,SPK005/proxima/Recording (17)_aug_shift.wav
SPK005,proxima,Recording (17).wav,Recording (17)_aug_noise.wav,noise,SPK005/proxima/Recording (17)_aug_noise.wav
SPK005,proxima,Recording (17).wav,Recording (17)_aug_gain.wav,gain,SPK005/proxima/Recording (17)_aug_gain.wav
SPK005,proxima,Recording (17).wav,Recording (17)_aug_comp.wav,composite,SPK005/proxima/Recording (17)_aug_comp.wav
SPK005,proxima,Recording (18).wav,Recording (18)_orig.wav,clean_original,SPK005/proxima/Recording (18)_orig.wav
SPK005,proxima,Recording (18).wav,Recording (18)_aug_shift.wav,time_shift,SPK005/proxima/Recording (18)_aug_shift.wav
SPK005,proxima,Recording (18).wav,Recording (18)_aug_noise.wav,noise,SPK005/proxima/Recording (18)_aug_noise.wav
SPK005,proxima,Recording (18).wav,Recording (18)_aug_gain.wav,gain,SPK005/proxima/Recording (18)_aug_gain.wav
SPK005,proxima,Recording (18).wav,Recording (18)_aug_comp.wav,composite,SPK005/proxima/Recording (18)_aug_comp.wav
SPK005,proxima,Recording (19).wav,Recording (19)_orig.wav,clean_original,SPK005/proxima/Recording (19)_orig.wav
SPK005,proxima,Recording (19).wav,Recording (19)_aug_shift.wav,time_shift,SPK005/proxima/Recording (19)_aug_shift.wav
SPK005,proxima,Recording (19).wav,Recording (19)_aug_noise.wav,noise,SPK005/proxima/Recording (19)_aug_noise.wav
SPK005,proxima,Recording (19).wav,Recording (19)_aug_gain.wav,gain,SPK005/proxima/Recording (19)_aug_gain.wav
SPK005,proxima,Recording (19).wav,Recording (19)_aug_comp.wav,composite,SPK005/proxima/Recording (19)_aug_comp.wav
SPK005,proxima,Recording (2).wav,Recording (2)_orig.wav,clean_original,SPK005/proxima/Recording (2)_orig.wav
SPK005,proxima,Recording (2).wav,Recording (2)_aug_shift.wav,time_shift,SPK005/proxima/Recording (2)_aug_shift.wav
SPK005,proxima,Recording (2).wav,Recording (2)_aug_noise.wav,noise,SPK005/proxima/Recording (2)_aug_noise.wav
SPK005,proxima,Recording (2).wav,Recording (2)_aug_gain.wav,gain,SPK005/proxima/Recording (2)_aug_gain.wav
SPK005,proxima,Recording (2).wav,Recording (2)_aug_comp.wav,composite,SPK005/proxima/Recording (2)_aug_comp.wav
SPK005,proxima,Recording (20).wav,Recording (20)_orig.wav,clean_original,SPK005/proxima/Recording (20)_orig.wav
SPK005,proxima,Recording (20).wav,Recording (20)_aug_shift.wav,time_shift,SPK005/proxima/Recording (20)_aug_shift.wav
SPK005,proxima,Recording (20).wav,Recording (20)_aug_noise.wav,noise,SPK005/proxima/Recording (20)_aug_noise.wav
SPK005,proxima,Recording (20).wav,Recording (20)_aug_gain.wav,gain,SPK005/proxima/Recording (20)_aug_gain.wav
SPK005,proxima,Recording (20).wav,Recording (20)_aug_comp.wav,composite,SPK005/proxima/Recording (20)_aug_comp.wav
SPK005,proxima,Recording (21).wav,Recording (21)_orig.wav,clean_original,SPK005/proxima/Recording (21)_orig.wav
SPK005,proxima,Recording (21).wav,Recording (21)_aug_shift.wav,time_shift,SPK005/proxima/Recording (21)_aug_shift.wav
SPK005,proxima,Recording (21).wav,Recording (21)_aug_noise.wav,noise,SPK005/proxima/Recording (21)_aug_noise.wav
SPK005,proxima,Recording (21).wav,Recording (21)_aug_gain.wav,gain,SPK005/proxima/Recording (21)_aug_gain.wav
SPK005,proxima,Recording (21).wav,Recording (21)_aug_comp.wav,composite,SPK005/proxima/Recording (21)_aug_comp.wav
SPK005,proxima,Recording (22).wav,Recording (22)_orig.wav,clean_original,SPK005/proxima/Recording (22)_orig.wav
SPK005,proxima,Recording (22).wav,Recording (22)_aug_shift.wav,time_shift,SPK005/proxima/Recording (22)_aug_shift.wav
SPK005,proxima,Recording (22).wav,Recording (22)_aug_noise.wav,noise,SPK005/proxima/Recording (22)_aug_noise.wav
SPK005,proxima,Recording (22).wav,Recording (22)_aug_gain.wav,gain,SPK005/proxima/Recording (22)_aug_gain.wav
SPK005,proxima,Recording (22).wav,Recording (22)_aug_comp.wav,composite,SPK005/proxima/Recording (22)_aug_comp.wav
SPK005,proxima,Recording (23).wav,Recording (23)_orig.wav,clean_original,SPK005/proxima/Recording (23)_orig.wav
SPK005,proxima,Recording (23).wav,Recording (23)_aug_shift.wav,time_shift,SPK005/proxima/Recording (23)_aug_shift.wav
SPK005,proxima,Recording (23).wav,Recording (23)_aug_noise.wav,noise,SPK005/proxima/Recording (23)_aug_noise.wav
SPK005,proxima,Recording (23).wav,Recording (23)_aug_gain.wav,gain,SPK005/proxima/Recording (23)_aug_gain.wav
SPK005,proxima,Recording (23).wav,Recording (23)_aug_comp.wav,composite,SPK005/proxima/Recording (23)_aug_comp.wav
SPK005,proxima,Recording (24).wav,Recording (24)_orig.wav,clean_original,SPK005/proxima/Recording (24)_orig.wav
SPK005,proxima,Recording (24).wav,Recording (24)_aug_shift.wav,time_shift,SPK005/proxima/Recording (24)_aug_shift.wav
SPK005,proxima,Recording (24).wav,Recording (24)_aug_noise.wav,noise,SPK005/proxima/Recording (24)_aug_noise.wav
SPK005,proxima,Recording (24).wav,Recording (24)_aug_gain.wav,gain,SPK005/proxima/Recording (24)_aug_gain.wav
SPK005,proxima,Recording (24).wav,Recording (24)_aug_comp.wav,composite,SPK005/proxima/Recording (24)_aug_comp.wav
SPK005,proxima,Recording (25).wav,Recording (25)_orig.wav,clean_original,SPK005/proxima/Recording (25)_orig.wav
SPK005,proxima,Recording (25).wav,Recording (25)_aug_shift.wav,time_shift,SPK005/proxima/Recording (25)_aug_shift.wav
SPK005,proxima,Recording (25).wav,Recording (25)_aug_noise.wav,noise,SPK005/proxima/Recording (25)_aug_noise.wav
SPK005,proxima,Recording (25).wav,Recording (25)_aug_gain.wav,gain,SPK005/proxima/Recording (25)_aug_gain.wav
SPK005,proxima,Recording (25).wav,Recording (25)_aug_comp.wav,composite,SPK005/proxima/Recording (25)_aug_comp.wav
SPK005,proxima,Recording (26).wav,Recording (26)_orig.wav,clean_original,SPK005/proxima/Recording (26)_orig.wav
SPK005,proxima,Recording (26).wav,Recording (26)_aug_shift.wav,time_shift,SPK005/proxima/Recording (26)_aug_shift.wav
SPK005,proxima,Recording (26).wav,Recording (26)_aug_noise.wav,noise,SPK005/proxima/Recording (26)_aug_noise.wav
SPK005,proxima,Recording (26).wav,Recording (26)_aug_gain.wav,gain,SPK005/proxima/Recording (26)_aug_gain.wav
SPK005,proxima,Recording (26).wav,Recording (26)_aug_comp.wav,composite,SPK005/proxima/Recording (26)_aug_comp.wav
SPK005,proxima,Recording (27).wav,Recording (27)_orig.wav,clean_original,SPK005/proxima/Recording (27)_orig.wav
SPK005,proxima,Recording (27).wav,Recording (27)_aug_shift.wav,time_shift,SPK005/proxima/Recording (27)_aug_shift.wav
SPK005,proxima,Recording (27).wav,Recording (27)_aug_noise.wav,noise,SPK005/proxima/Recording (27)_aug_noise.wav
SPK005,proxima,Recording (27).wav,Recording (27)_aug_gain.wav,gain,SPK005/proxima/Recording (27)_aug_gain.wav
SPK005,proxima,Recording (27).wav,Recording (27)_aug_comp.wav,composite,SPK005/proxima/Recording (27)_aug_comp.wav
SPK005,proxima,Recording (28).wav,Recording (28)_orig.wav,clean_original,SPK005/proxima/Recording (28)_orig.wav
SPK005,proxima,Recording (28).wav,Recording (28)_aug_shift.wav,time_shift,SPK005/proxima/Recording (28)_aug_shift.wav
SPK005,proxima,Recording (28).wav,Recording (28)_aug_noise.wav,noise,SPK005/proxima/Recording (28)_aug_noise.wav
SPK005,proxima,Recording (28).wav,Recording (28)_aug_gain.wav,gain,SPK005/proxima/Recording (28)_aug_gain.wav
SPK005,proxima,Recording (28).wav,Recording (28)_aug_comp.wav,composite,SPK005/proxima/Recording (28)_aug_comp.wav
SPK005,proxima,Recording (29).wav,Recording (29)_orig.wav,clean_original,SPK005/proxima/Recording (29)_orig.wav
SPK005,proxima,Recording (29).wav,Recording (29)_aug_shift.wav,time_shift,SPK005/proxima/Recording (29)_aug_shift.wav
SPK005,proxima,Recording (29).wav,Recording (29)_aug_noise.wav,noise,SPK005/proxima/Recording (29)_aug_noise.wav
SPK005,proxima,Recording (29).wav,Recording (29)_aug_gain.wav,gain,SPK005/proxima/Recording (29)_aug_gain.wav
SPK005,proxima,Recording (29).wav,Recording (29)_aug_comp.wav,composite,SPK005/proxima/Recording (29)_aug_comp.wav
SPK005,proxima,Recording (30).wav,Recording (30)_orig.wav,clean_original,SPK005/proxima/Recording (30)_orig.wav
SPK005,proxima,Recording (30).wav,Recording (30)_aug_shift.wav,time_shift,SPK005/proxima/Recording (30)_aug_shift.wav
SPK005,proxima,Recording (30).wav,Recording (30)_aug_noise.wav,noise,SPK005/proxima/Recording (30)_aug_noise.wav
SPK005,proxima,Recording (30).wav,Recording (30)_aug_gain.wav,gain,SPK005/proxima/Recording (30)_aug_gain.wav
SPK005,proxima,Recording (30).wav,Recording (30)_aug_comp.wav,composite,SPK005/proxima/Recording (30)_aug_comp.wav
SPK005,proxima,Recording (31).wav,Recording (31)_orig.wav,clean_original,SPK005/proxima/Recording (31)_orig.wav
SPK005,proxima,Recording (31).wav,Recording (31)_aug_shift.wav,time_shift,SPK005/proxima/Recording (31)_aug_shift.wav
SPK005,proxima,Recording (31).wav,Recording (31)_aug_noise.wav,noise,SPK005/proxima/Recording (31)_aug_noise.wav
SPK005,proxima,Recording (31).wav,Recording (31)_aug_gain.wav,gain,SPK005/proxima/Recording (31)_aug_gain.wav
SPK005,proxima,Recording (31).wav,Recording (31)_aug_comp.wav,composite,SPK005/proxima/Recording (31)_aug_comp.wav
SPK005,proxima,Recording (32).wav,Recording (32)_orig.wav,clean_original,SPK005/proxima/Recording (32)_orig.wav
SPK005,proxima,Recording (32).wav,Recording (32)_aug_shift.wav,time_shift,SPK005/proxima/Recording (32)_aug_shift.wav
SPK005,proxima,Recording (32).wav,Recording (32)_aug_noise.wav,noise,SPK005/proxima/Recording (32)_aug_noise.wav
SPK005,proxima,Recording (32).wav,Recording (32)_aug_gain.wav,gain,SPK005/proxima/Recording (32)_aug_gain.wav
SPK005,proxima,Recording (32).wav,Recording (32)_aug_comp.wav,composite,SPK005/proxima/Recording (32)_aug_comp.wav
SPK005,proxima,Recording (33).wav,Recording (33)_orig.wav,clean_original,SPK005/proxima/Recording (33)_orig.wav
SPK005,proxima,Recording (33).wav,Recording (33)_aug_shift.wav,time_shift,SPK005/proxima/Recording (33)_aug_shift.wav
SPK005,proxima,Recording (33).wav,Recording (33)_aug_noise.wav,noise,SPK005/proxima/Recording (33)_aug_noise.wav
SPK005,proxima,Recording (33).wav,Recording (33)_aug_gain.wav,gain,SPK005/proxima/Recording (33)_aug_gain.wav
SPK005,proxima,Recording (33).wav,Recording (33)_aug_comp.wav,composite,SPK005/proxima/Recording (33)_aug_comp.wav
SPK005,proxima,Recording (34).wav,Recording (34)_orig.wav,clean_original,SPK005/proxima/Recording (34)_orig.wav
SPK005,proxima,Recording (34).wav,Recording (34)_aug_shift.wav,time_shift,SPK005/proxima/Recording (34)_aug_shift.wav
SPK005,proxima,Recording (34).wav,Recording (34)_aug_noise.wav,noise,SPK005/proxima/Recording (34)_aug_noise.wav
SPK005,proxima,Recording (34).wav,Recording (34)_aug_gain.wav,gain,SPK005/proxima/Recording (34)_aug_gain.wav
SPK005,proxima,Recording (34).wav,Recording (34)_aug_comp.wav,composite,SPK005/proxima/Recording (34)_aug_comp.wav
SPK005,proxima,Recording (35).wav,Recording (35)_orig.wav,clean_original,SPK005/proxima/Recording (35)_orig.wav
SPK005,proxima,Recording (35).wav,Recording (35)_aug_shift.wav,time_shift,SPK005/proxima/Recording (35)_aug_shift.wav
SPK005,proxima,Recording (35).wav,Recording (35)_aug_noise.wav,noise,SPK005/proxima/Recording (35)_aug_noise.wav
SPK005,proxima,Recording (35).wav,Recording (35)_aug_gain.wav,gain,SPK005/proxima/Recording (35)_aug_gain.wav
SPK005,proxima,Recording (35).wav,Recording (35)_aug_comp.wav,composite,SPK005/proxima/Recording (35)_aug_comp.wav
SPK005,proxima,Recording (36).wav,Recording (36)_orig.wav,clean_original,SPK005/proxima/Recording (36)_orig.wav
SPK005,proxima,Recording (36).wav,Recording (36)_aug_shift.wav,time_shift,SPK005/proxima/Recording (36)_aug_shift.wav
SPK005,proxima,Recording (36).wav,Recording (36)_aug_noise.wav,noise,SPK005/proxima/Recording (36)_aug_noise.wav
SPK005,proxima,Recording (36).wav,Recording (36)_aug_gain.wav,gain,SPK005/proxima/Recording (36)_aug_gain.wav
SPK005,proxima,Recording (36).wav,Recording (36)_aug_comp.wav,composite,SPK005/proxima/Recording (36)_aug_comp.wav
SPK005,proxima,Recording (37).wav,Recording (37)_orig.wav,clean_original,SPK005/proxima/Recording (37)_orig.wav
SPK005,proxima,Recording (37).wav,Recording (37)_aug_shift.wav,time_shift,SPK005/proxima/Recording (37)_aug_shift.wav
SPK005,proxima,Recording (37).wav,Recording (37)_aug_noise.wav,noise,SPK005/proxima/Recording (37)_aug_noise.wav
SPK005,proxima,Recording (37).wav,Recording (37)_aug_gain.wav,gain,SPK005/proxima/Recording (37)_aug_gain.wav
SPK005,proxima,Recording (37).wav,Recording (37)_aug_comp.wav,composite,SPK005/proxima/Recording (37)_aug_comp.wav
SPK005,proxima,Recording (38).wav,Recording (38)_orig.wav,clean_original,SPK005/proxima/Recording (38)_orig.wav
SPK005,proxima,Recording (38).wav,Recording (38)_aug_shift.wav,time_shift,SPK005/proxima/Recording (38)_aug_shift.wav
SPK005,proxima,Recording (38).wav,Recording (38)_aug_noise.wav,noise,SPK005/proxima/Recording (38)_aug_noise.wav
SPK005,proxima,Recording (38).wav,Recording (38)_aug_gain.wav,gain,SPK005/proxima/Recording (38)_aug_gain.wav
SPK005,proxima,Recording (38).wav,Recording (38)_aug_comp.wav,composite,SPK005/proxima/Recording (38)_aug_comp.wav
SPK005,proxima,Recording (39).wav,Recording (39)_orig.wav,clean_original,SPK005/proxima/Recording (39)_orig.wav
SPK005,proxima,Recording (39).wav,Recording (39)_aug_shift.wav,time_shift,SPK005/proxima/Recording (39)_aug_shift.wav
SPK005,proxima,Recording (39).wav,Recording (39)_aug_noise.wav,noise,SPK005/proxima/Recording (39)_aug_noise.wav
SPK005,proxima,Recording (39).wav,Recording (39)_aug_gain.wav,gain,SPK005/proxima/Recording (39)_aug_gain.wav
SPK005,proxima,Recording (39).wav,Recording (39)_aug_comp.wav,composite,SPK005/proxima/Recording (39)_aug_comp.wav
SPK005,proxima,Recording (4).wav,Recording (4)_orig.wav,clean_original,SPK005/proxima/Recording (4)_orig.wav
SPK005,proxima,Recording (4).wav,Recording (4)_aug_shift.wav,time_shift,SPK005/proxima/Recording (4)_aug_shift.wav
SPK005,proxima,Recording (4).wav,Recording (4)_aug_noise.wav,noise,SPK005/proxima/Recording (4)_aug_noise.wav
SPK005,proxima,Recording (4).wav,Recording (4)_aug_gain.wav,gain,SPK005/proxima/Recording (4)_aug_gain.wav
SPK005,proxima,Recording (4).wav,Recording (4)_aug_comp.wav,composite,SPK005/proxima/Recording (4)_aug_comp.wav
SPK005,proxima,Recording (40).wav,Recording (40)_orig.wav,clean_original,SPK005/proxima/Recording (40)_orig.wav
SPK005,proxima,Recording (40).wav,Recording (40)_aug_shift.wav,time_shift,SPK005/proxima/Recording (40)_aug_shift.wav
SPK005,proxima,Recording (40).wav,Recording (40)_aug_noise.wav,noise,SPK005/proxima/Recording (40)_aug_noise.wav
SPK005,proxima,Recording (40).wav,Recording (40)_aug_gain.wav,gain,SPK005/proxima/Recording (40)_aug_gain.wav
SPK005,proxima,Recording (40).wav,Recording (40)_aug_comp.wav,composite,SPK005/proxima/Recording (40)_aug_comp.wav
SPK005,proxima,Recording (41).wav,Recording (41)_orig.wav,clean_original,SPK005/proxima/Recording (41)_orig.wav
SPK005,proxima,Recording (41).wav,Recording (41)_aug_shift.wav,time_shift,SPK005/proxima/Recording (41)_aug_shift.wav
SPK005,proxima,Recording (41).wav,Recording (41)_aug_noise.wav,noise,SPK005/proxima/Recording (41)_aug_noise.wav
SPK005,proxima,Recording (41).wav,Recording (41)_aug_gain.wav,gain,SPK005/proxima/Recording (41)_aug_gain.wav
SPK005,proxima,Recording (41).wav,Recording (41)_aug_comp.wav,composite,SPK005/proxima/Recording (41)_aug_comp.wav
SPK005,proxima,Recording (42).wav,Recording (42)_orig.wav,clean_original,SPK005/proxima/Recording (42)_orig.wav
SPK005,proxima,Recording (42).wav,Recording (42)_aug_shift.wav,time_shift,SPK005/proxima/Recording (42)_aug_shift.wav
SPK005,proxima,Recording (42).wav,Recording (42)_aug_noise.wav,noise,SPK005/proxima/Recording (42)_aug_noise.wav
SPK005,proxima,Recording (42).wav,Recording (42)_aug_gain.wav,gain,SPK005/proxima/Recording (42)_aug_gain.wav
SPK005,proxima,Recording (42).wav,Recording (42)_aug_comp.wav,composite,SPK005/proxima/Recording (42)_aug_comp.wav
SPK005,proxima,Recording (43).wav,Recording (43)_orig.wav,clean_original,SPK005/proxima/Recording (43)_orig.wav
SPK005,proxima,Recording (43).wav,Recording (43)_aug_shift.wav,time_shift,SPK005/proxima/Recording (43)_aug_shift.wav
SPK005,proxima,Recording (43).wav,Recording (43)_aug_noise.wav,noise,SPK005/proxima/Recording (43)_aug_noise.wav
SPK005,proxima,Recording (43).wav,Recording (43)_aug_gain.wav,gain,SPK005/proxima/Recording (43)_aug_gain.wav
SPK005,proxima,Recording (43).wav,Recording (43)_aug_comp.wav,composite,SPK005/proxima/Recording (43)_aug_comp.wav
SPK005,proxima,Recording (44).wav,Recording (44)_orig.wav,clean_original,SPK005/proxima/Recording (44)_orig.wav
SPK005,proxima,Recording (44).wav,Recording (44)_aug_shift.wav,time_shift,SPK005/proxima/Recording (44)_aug_shift.wav
SPK005,proxima,Recording (44).wav,Recording (44)_aug_noise.wav,noise,SPK005/proxima/Recording (44)_aug_noise.wav
SPK005,proxima,Recording (44).wav,Recording (44)_aug_gain.wav,gain,SPK005/proxima/Recording (44)_aug_gain.wav
SPK005,proxima,Recording (44).wav,Recording (44)_aug_comp.wav,composite,SPK005/proxima/Recording (44)_aug_comp.wav
SPK005,proxima,Recording (45).wav,Recording (45)_orig.wav,clean_original,SPK005/proxima/Recording (45)_orig.wav
SPK005,proxima,Recording (45).wav,Recording (45)_aug_shift.wav,time_shift,SPK005/proxima/Recording (45)_aug_shift.wav
SPK005,proxima,Recording (45).wav,Recording (45)_aug_noise.wav,noise,SPK005/proxima/Recording (45)_aug_noise.wav
SPK005,proxima,Recording (45).wav,Recording (45)_aug_gain.wav,gain,SPK005/proxima/Recording (45)_aug_gain.wav
SPK005,proxima,Recording (45).wav,Recording (45)_aug_comp.wav,composite,SPK005/proxima/Recording (45)_aug_comp.wav
SPK005,proxima,Recording (46).wav,Recording (46)_orig.wav,clean_original,SPK005/proxima/Recording (46)_orig.wav
SPK005,proxima,Recording (46).wav,Recording (46)_aug_shift.wav,time_shift,SPK005/proxima/Recording (46)_aug_shift.wav
SPK005,proxima,Recording (46).wav,Recording (46)_aug_noise.wav,noise,SPK005/proxima/Recording (46)_aug_noise.wav
SPK005,proxima,Recording (46).wav,Recording (46)_aug_gain.wav,gain,SPK005/proxima/Recording (46)_aug_gain.wav
SPK005,proxima,Recording (46).wav,Recording (46)_aug_comp.wav,composite,SPK005/proxima/Recording (46)_aug_comp.wav
SPK005,proxima,Recording (47).wav,Recording (47)_orig.wav,clean_original,SPK005/proxima/Recording (47)_orig.wav
SPK005,proxima,Recording (47).wav,Recording (47)_aug_shift.wav,time_shift,SPK005/proxima/Recording (47)_aug_shift.wav
SPK005,proxima,Recording (47).wav,Recording (47)_aug_noise.wav,noise,SPK005/proxima/Recording (47)_aug_noise.wav
SPK005,proxima,Recording (47).wav,Recording (47)_aug_gain.wav,gain,SPK005/proxima/Recording (47)_aug_gain.wav
SPK005,proxima,Recording (47).wav,Recording (47)_aug_comp.wav,composite,SPK005/proxima/Recording (47)_aug_comp.wav
SPK005,proxima,Recording (48).wav,Recording (48)_orig.wav,clean_original,SPK005/proxima/Recording (48)_orig.wav
SPK005,proxima,Recording (48).wav,Recording (48)_aug_shift.wav,time_shift,SPK005/proxima/Recording (48)_aug_shift.wav
SPK005,proxima,Recording (48).wav,Recording (48)_aug_noise.wav,noise,SPK005/proxima/Recording (48)_aug_noise.wav
SPK005,proxima,Recording (48).wav,Recording (48)_aug_gain.wav,gain,SPK005/proxima/Recording (48)_aug_gain.wav
SPK005,proxima,Recording (48).wav,Recording (48)_aug_comp.wav,composite,SPK005/proxima/Recording (48)_aug_comp.wav
SPK005,proxima,Recording (49).wav,Recording (49)_orig.wav,clean_original,SPK005/proxima/Recording (49)_orig.wav
SPK005,proxima,Recording (49).wav,Recording (49)_aug_shift.wav,time_shift,SPK005/proxima/Recording (49)_aug_shift.wav
SPK005,proxima,Recording (49).wav,Recording (49)_aug_noise.wav,noise,SPK005/proxima/Recording (49)_aug_noise.wav
SPK005,proxima,Recording (49).wav,Recording (49)_aug_gain.wav,gain,SPK005/proxima/Recording (49)_aug_gain.wav
SPK005,proxima,Recording (49).wav,Recording (49)_aug_comp.wav,composite,SPK005/proxima/Recording (49)_aug_comp.wav
SPK005,proxima,Recording (5).wav,Recording (5)_orig.wav,clean_original,SPK005/proxima/Recording (5)_orig.wav
SPK005,proxima,Recording (5).wav,Recording (5)_aug_shift.wav,time_shift,SPK005/proxima/Recording (5)_aug_shift.wav
SPK005,proxima,Recording (5).wav,Recording (5)_aug_noise.wav,noise,SPK005/proxima/Recording (5)_aug_noise.wav
SPK005,proxima,Recording (5).wav,Recording (5)_aug_gain.wav,gain,SPK005/proxima/Recording (5)_aug_gain.wav
SPK005,proxima,Recording (5).wav,Recording (5)_aug_comp.wav,composite,SPK005/proxima/Recording (5)_aug_comp.wav
SPK005,proxima,Recording (50).wav,Recording (50)_orig.wav,clean_original,SPK005/proxima/Recording (50)_orig.wav
SPK005,proxima,Recording (50).wav,Recording (50)_aug_shift.wav,time_shift,SPK005/proxima/Recording (50)_aug_shift.wav
SPK005,proxima,Recording (50).wav,Recording (50)_aug_noise.wav,noise,SPK005/proxima/Recording (50)_aug_noise.wav
SPK005,proxima,Recording (50).wav,Recording (50)_aug_gain.wav,gain,SPK005/proxima/Recording (50)_aug_gain.wav
SPK005,proxima,Recording (50).wav,Recording (50)_aug_comp.wav,composite,SPK005/proxima/Recording (50)_aug_comp.wav
SPK005,proxima,Recording (51).wav,Recording (51)_orig.wav,clean_original,SPK005/proxima/Recording (51)_orig.wav
SPK005,proxima,Recording (51).wav,Recording (51)_aug_shift.wav,time_shift,SPK005/proxima/Recording (51)_aug_shift.wav
SPK005,proxima,Recording (51).wav,Recording (51)_aug_noise.wav,noise,SPK005/proxima/Recording (51)_aug_noise.wav
SPK005,proxima,Recording (51).wav,Recording (51)_aug_gain.wav,gain,SPK005/proxima/Recording (51)_aug_gain.wav
SPK005,proxima,Recording (51).wav,Recording (51)_aug_comp.wav,composite,SPK005/proxima/Recording (51)_aug_comp.wav
SPK005,proxima,Recording (6).wav,Recording (6)_orig.wav,clean_original,SPK005/proxima/Recording (6)_orig.wav
SPK005,proxima,Recording (6).wav,Recording (6)_aug_shift.wav,time_shift,SPK005/proxima/Recording (6)_aug_shift.wav
SPK005,proxima,Recording (6).wav,Recording (6)_aug_noise.wav,noise,SPK005/proxima/Recording (6)_aug_noise.wav
SPK005,proxima,Recording (6).wav,Recording (6)_aug_gain.wav,gain,SPK005/proxima/Recording (6)_aug_gain.wav
SPK005,proxima,Recording (6).wav,Recording (6)_aug_comp.wav,composite,SPK005/proxima/Recording (6)_aug_comp.wav
SPK005,proxima,Recording (7).wav,Recording (7)_orig.wav,clean_original,SPK005/proxima/Recording (7)_orig.wav
SPK005,proxima,Recording (7).wav,Recording (7)_aug_shift.wav,time_shift,SPK005/proxima/Recording (7)_aug_shift.wav
SPK005,proxima,Recording (7).wav,Recording (7)_aug_noise.wav,noise,SPK005/proxima/Recording (7)_aug_noise.wav
SPK005,proxima,Recording (7).wav,Recording (7)_aug_gain.wav,gain,SPK005/proxima/Recording (7)_aug_gain.wav
SPK005,proxima,Recording (7).wav,Recording (7)_aug_comp.wav,composite,SPK005/proxima/Recording (7)_aug_comp.wav
SPK005,proxima,Recording (8).wav,Recording (8)_orig.wav,clean_original,SPK005/proxima/Recording (8)_orig.wav
SPK005,proxima,Recording (8).wav,Recording (8)_aug_shift.wav,time_shift,SPK005/proxima/Recording (8)_aug_shift.wav
SPK005,proxima,Recording (8).wav,Recording (8)_aug_noise.wav,noise,SPK005/proxima/Recording (8)_aug_noise.wav
SPK005,proxima,Recording (8).wav,Recording (8)_aug_gain.wav,gain,SPK005/proxima/Recording (8)_aug_gain.wav
SPK005,proxima,Recording (8).wav,Recording (8)_aug_comp.wav,composite,SPK005/proxima/Recording (8)_aug_comp.wav
SPK005,proxima,Recording (9).wav,Recording (9)_orig.wav,clean_original,SPK005/proxima/Recording (9)_orig.wav
SPK005,proxima,Recording (9).wav,Recording (9)_aug_shift.wav,time_shift,SPK005/proxima/Recording (9)_aug_shift.wav
SPK005,proxima,Recording (9).wav,Recording (9)_aug_noise.wav,noise,SPK005/proxima/Recording (9)_aug_noise.wav
SPK005,proxima,Recording (9).wav,Recording (9)_aug_gain.wav,gain,SPK005/proxima/Recording (9)_aug_gain.wav
SPK005,proxima,Recording (9).wav,Recording (9)_aug_comp.wav,composite,SPK005/proxima/Recording (9)_aug_comp.wav
SPK005,proxima,Recording.wav,Recording_orig.wav,clean_original,SPK005/proxima/Recording_orig.wav
SPK005,proxima,Recording.wav,Recording_aug_shift.wav,time_shift,SPK005/proxima/Recording_aug_shift.wav
SPK005,proxima,Recording.wav,Recording_aug_noise.wav,noise,SPK005/proxima/Recording_aug_noise.wav
SPK005,proxima,Recording.wav,Recording_aug_gain.wav,gain,SPK005/proxima/Recording_aug_gain.wav
SPK005,proxima,Recording.wav,Recording_aug_comp.wav,composite,SPK005/proxima/Recording_aug_comp.wav
SPK005,unknown,Recording (10).wav,Recording (10)_orig.wav,clean_original,SPK005/unknown/Recording (10)_orig.wav
SPK005,unknown,Recording (10).wav,Recording (10)_aug_shift.wav,time_shift,SPK005/unknown/Recording (10)_aug_shift.wav
SPK005,unknown,Recording (10).wav,Recording (10)_aug_noise.wav,noise,SPK005/unknown/Recording (10)_aug_noise.wav
SPK005,unknown,Recording (10).wav,Recording (10)_aug_gain.wav,gain,SPK005/unknown/Recording (10)_aug_gain.wav
SPK005,unknown,Recording (10).wav,Recording (10)_aug_comp.wav,composite,SPK005/unknown/Recording (10)_aug_comp.wav
SPK005,unknown,Recording (11).wav,Recording (11)_orig.wav,clean_original,SPK005/unknown/Recording (11)_orig.wav
SPK005,unknown,Recording (11).wav,Recording (11)_aug_shift.wav,time_shift,SPK005/unknown/Recording (11)_aug_shift.wav
SPK005,unknown,Recording (11).wav,Recording (11)_aug_noise.wav,noise,SPK005/unknown/Recording (11)_aug_noise.wav
SPK005,unknown,Recording (11).wav,Recording (11)_aug_gain.wav,gain,SPK005/unknown/Recording (11)_aug_gain.wav
SPK005,unknown,Recording (11).wav,Recording (11)_aug_comp.wav,composite,SPK005/unknown/Recording (11)_aug_comp.wav
SPK005,unknown,Recording (12).wav,Recording (12)_orig.wav,clean_original,SPK005/unknown/Recording (12)_orig.wav
SPK005,unknown,Recording (12).wav,Recording (12)_aug_shift.wav,time_shift,SPK005/unknown/Recording (12)_aug_shift.wav
SPK005,unknown,Recording (12).wav,Recording (12)_aug_noise.wav,noise,SPK005/unknown/Recording (12)_aug_noise.wav
SPK005,unknown,Recording (12).wav,Recording (12)_aug_gain.wav,gain,SPK005/unknown/Recording (12)_aug_gain.wav
SPK005,unknown,Recording (12).wav,Recording (12)_aug_comp.wav,composite,SPK005/unknown/Recording (12)_aug_comp.wav
SPK005,unknown,Recording (13).wav,Recording (13)_orig.wav,clean_original,SPK005/unknown/Recording (13)_orig.wav
SPK005,unknown,Recording (13).wav,Recording (13)_aug_shift.wav,time_shift,SPK005/unknown/Recording (13)_aug_shift.wav
SPK005,unknown,Recording (13).wav,Recording (13)_aug_noise.wav,noise,SPK005/unknown/Recording (13)_aug_noise.wav
SPK005,unknown,Recording (13).wav,Recording (13)_aug_gain.wav,gain,SPK005/unknown/Recording (13)_aug_gain.wav
SPK005,unknown,Recording (13).wav,Recording (13)_aug_comp.wav,composite,SPK005/unknown/Recording (13)_aug_comp.wav
SPK005,unknown,Recording (14).wav,Recording (14)_orig.wav,clean_original,SPK005/unknown/Recording (14)_orig.wav
SPK005,unknown,Recording (14).wav,Recording (14)_aug_shift.wav,time_shift,SPK005/unknown/Recording (14)_aug_shift.wav
SPK005,unknown,Recording (14).wav,Recording (14)_aug_noise.wav,noise,SPK005/unknown/Recording (14)_aug_noise.wav
SPK005,unknown,Recording (14).wav,Recording (14)_aug_gain.wav,gain,SPK005/unknown/Recording (14)_aug_gain.wav
SPK005,unknown,Recording (14).wav,Recording (14)_aug_comp.wav,composite,SPK005/unknown/Recording (14)_aug_comp.wav
SPK005,unknown,Recording (15).wav,Recording (15)_orig.wav,clean_original,SPK005/unknown/Recording (15)_orig.wav
SPK005,unknown,Recording (15).wav,Recording (15)_aug_shift.wav,time_shift,SPK005/unknown/Recording (15)_aug_shift.wav
SPK005,unknown,Recording (15).wav,Recording (15)_aug_noise.wav,noise,SPK005/unknown/Recording (15)_aug_noise.wav
SPK005,unknown,Recording (15).wav,Recording (15)_aug_gain.wav,gain,SPK005/unknown/Recording (15)_aug_gain.wav
SPK005,unknown,Recording (15).wav,Recording (15)_aug_comp.wav,composite,SPK005/unknown/Recording (15)_aug_comp.wav
SPK005,unknown,Recording (16).wav,Recording (16)_orig.wav,clean_original,SPK005/unknown/Recording (16)_orig.wav
SPK005,unknown,Recording (16).wav,Recording (16)_aug_shift.wav,time_shift,SPK005/unknown/Recording (16)_aug_shift.wav
SPK005,unknown,Recording (16).wav,Recording (16)_aug_noise.wav,noise,SPK005/unknown/Recording (16)_aug_noise.wav
SPK005,unknown,Recording (16).wav,Recording (16)_aug_gain.wav,gain,SPK005/unknown/Recording (16)_aug_gain.wav
SPK005,unknown,Recording (16).wav,Recording (16)_aug_comp.wav,composite,SPK005/unknown/Recording (16)_aug_comp.wav
SPK005,unknown,Recording (17).wav,Recording (17)_orig.wav,clean_original,SPK005/unknown/Recording (17)_orig.wav
SPK005,unknown,Recording (17).wav,Recording (17)_aug_shift.wav,time_shift,SPK005/unknown/Recording (17)_aug_shift.wav
SPK005,unknown,Recording (17).wav,Recording (17)_aug_noise.wav,noise,SPK005/unknown/Recording (17)_aug_noise.wav
SPK005,unknown,Recording (17).wav,Recording (17)_aug_gain.wav,gain,SPK005/unknown/Recording (17)_aug_gain.wav
SPK005,unknown,Recording (17).wav,Recording (17)_aug_comp.wav,composite,SPK005/unknown/Recording (17)_aug_comp.wav
SPK005,unknown,Recording (18).wav,Recording (18)_orig.wav,clean_original,SPK005/unknown/Recording (18)_orig.wav
SPK005,unknown,Recording (18).wav,Recording (18)_aug_shift.wav,time_shift,SPK005/unknown/Recording (18)_aug_shift.wav
SPK005,unknown,Recording (18).wav,Recording (18)_aug_noise.wav,noise,SPK005/unknown/Recording (18)_aug_noise.wav
SPK005,unknown,Recording (18).wav,Recording (18)_aug_gain.wav,gain,SPK005/unknown/Recording (18)_aug_gain.wav
SPK005,unknown,Recording (18).wav,Recording (18)_aug_comp.wav,composite,SPK005/unknown/Recording (18)_aug_comp.wav
SPK005,unknown,Recording (19).wav,Recording (19)_orig.wav,clean_original,SPK005/unknown/Recording (19)_orig.wav
SPK005,unknown,Recording (19).wav,Recording (19)_aug_shift.wav,time_shift,SPK005/unknown/Recording (19)_aug_shift.wav
SPK005,unknown,Recording (19).wav,Recording (19)_aug_noise.wav,noise,SPK005/unknown/Recording (19)_aug_noise.wav
SPK005,unknown,Recording (19).wav,Recording (19)_aug_gain.wav,gain,SPK005/unknown/Recording (19)_aug_gain.wav
SPK005,unknown,Recording (19).wav,Recording (19)_aug_comp.wav,composite,SPK005/unknown/Recording (19)_aug_comp.wav
SPK005,unknown,Recording (2).wav,Recording (2)_orig.wav,clean_original,SPK005/unknown/Recording (2)_orig.wav
SPK005,unknown,Recording (2).wav,Recording (2)_aug_shift.wav,time_shift,SPK005/unknown/Recording (2)_aug_shift.wav
SPK005,unknown,Recording (2).wav,Recording (2)_aug_noise.wav,noise,SPK005/unknown/Recording (2)_aug_noise.wav
SPK005,unknown,Recording (2).wav,Recording (2)_aug_gain.wav,gain,SPK005/unknown/Recording (2)_aug_gain.wav
SPK005,unknown,Recording (2).wav,Recording (2)_aug_comp.wav,composite,SPK005/unknown/Recording (2)_aug_comp.wav
SPK005,unknown,Recording (20).wav,Recording (20)_orig.wav,clean_original,SPK005/unknown/Recording (20)_orig.wav
SPK005,unknown,Recording (20).wav,Recording (20)_aug_shift.wav,time_shift,SPK005/unknown/Recording (20)_aug_shift.wav
SPK005,unknown,Recording (20).wav,Recording (20)_aug_noise.wav,noise,SPK005/unknown/Recording (20)_aug_noise.wav
SPK005,unknown,Recording (20).wav,Recording (20)_aug_gain.wav,gain,SPK005/unknown/Recording (20)_aug_gain.wav
SPK005,unknown,Recording (20).wav,Recording (20)_aug_comp.wav,composite,SPK005/unknown/Recording (20)_aug_comp.wav
SPK005,unknown,Recording (21).wav,Recording (21)_orig.wav,clean_original,SPK005/unknown/Recording (21)_orig.wav
SPK005,unknown,Recording (21).wav,Recording (21)_aug_shift.wav,time_shift,SPK005/unknown/Recording (21)_aug_shift.wav
SPK005,unknown,Recording (21).wav,Recording (21)_aug_noise.wav,noise,SPK005/unknown/Recording (21)_aug_noise.wav
SPK005,unknown,Recording (21).wav,Recording (21)_aug_gain.wav,gain,SPK005/unknown/Recording (21)_aug_gain.wav
SPK005,unknown,Recording (21).wav,Recording (21)_aug_comp.wav,composite,SPK005/unknown/Recording (21)_aug_comp.wav
SPK005,unknown,Recording (22).wav,Recording (22)_orig.wav,clean_original,SPK005/unknown/Recording (22)_orig.wav
SPK005,unknown,Recording (22).wav,Recording (22)_aug_shift.wav,time_shift,SPK005/unknown/Recording (22)_aug_shift.wav
SPK005,unknown,Recording (22).wav,Recording (22)_aug_noise.wav,noise,SPK005/unknown/Recording (22)_aug_noise.wav
SPK005,unknown,Recording (22).wav,Recording (22)_aug_gain.wav,gain,SPK005/unknown/Recording (22)_aug_gain.wav
SPK005,unknown,Recording (22).wav,Recording (22)_aug_comp.wav,composite,SPK005/unknown/Recording (22)_aug_comp.wav
SPK005,unknown,Recording (23).wav,Recording (23)_orig.wav,clean_original,SPK005/unknown/Recording (23)_orig.wav
SPK005,unknown,Recording (23).wav,Recording (23)_aug_shift.wav,time_shift,SPK005/unknown/Recording (23)_aug_shift.wav
SPK005,unknown,Recording (23).wav,Recording (23)_aug_noise.wav,noise,SPK005/unknown/Recording (23)_aug_noise.wav
SPK005,unknown,Recording (23).wav,Recording (23)_aug_gain.wav,gain,SPK005/unknown/Recording (23)_aug_gain.wav
SPK005,unknown,Recording (23).wav,Recording (23)_aug_comp.wav,composite,SPK005/unknown/Recording (23)_aug_comp.wav
SPK005,unknown,Recording (24).wav,Recording (24)_orig.wav,clean_original,SPK005/unknown/Recording (24)_orig.wav
SPK005,unknown,Recording (24).wav,Recording (24)_aug_shift.wav,time_shift,SPK005/unknown/Recording (24)_aug_shift.wav
SPK005,unknown,Recording (24).wav,Recording (24)_aug_noise.wav,noise,SPK005/unknown/Recording (24)_aug_noise.wav
SPK005,unknown,Recording (24).wav,Recording (24)_aug_gain.wav,gain,SPK005/unknown/Recording (24)_aug_gain.wav
SPK005,unknown,Recording (24).wav,Recording (24)_aug_comp.wav,composite,SPK005/unknown/Recording (24)_aug_comp.wav
SPK005,unknown,Recording (25).wav,Recording (25)_orig.wav,clean_original,SPK005/unknown/Recording (25)_orig.wav
SPK005,unknown,Recording (25).wav,Recording (25)_aug_shift.wav,time_shift,SPK005/unknown/Recording (25)_aug_shift.wav
SPK005,unknown,Recording (25).wav,Recording (25)_aug_noise.wav,noise,SPK005/unknown/Recording (25)_aug_noise.wav
SPK005,unknown,Recording (25).wav,Recording (25)_aug_gain.wav,gain,SPK005/unknown/Recording (25)_aug_gain.wav
SPK005,unknown,Recording (25).wav,Recording (25)_aug_comp.wav,composite,SPK005/unknown/Recording (25)_aug_comp.wav
SPK005,unknown,Recording (26).wav,Recording (26)_orig.wav,clean_original,SPK005/unknown/Recording (26)_orig.wav
SPK005,unknown,Recording (26).wav,Recording (26)_aug_shift.wav,time_shift,SPK005/unknown/Recording (26)_aug_shift.wav
SPK005,unknown,Recording (26).wav,Recording (26)_aug_noise.wav,noise,SPK005/unknown/Recording (26)_aug_noise.wav
SPK005,unknown,Recording (26).wav,Recording (26)_aug_gain.wav,gain,SPK005/unknown/Recording (26)_aug_gain.wav
SPK005,unknown,Recording (26).wav,Recording (26)_aug_comp.wav,composite,SPK005/unknown/Recording (26)_aug_comp.wav
SPK005,unknown,Recording (27).wav,Recording (27)_orig.wav,clean_original,SPK005/unknown/Recording (27)_orig.wav
SPK005,unknown,Recording (27).wav,Recording (27)_aug_shift.wav,time_shift,SPK005/unknown/Recording (27)_aug_shift.wav
SPK005,unknown,Recording (27).wav,Recording (27)_aug_noise.wav,noise,SPK005/unknown/Recording (27)_aug_noise.wav
SPK005,unknown,Recording (27).wav,Recording (27)_aug_gain.wav,gain,SPK005/unknown/Recording (27)_aug_gain.wav
SPK005,unknown,Recording (27).wav,Recording (27)_aug_comp.wav,composite,SPK005/unknown/Recording (27)_aug_comp.wav
SPK005,unknown,Recording (28).wav,Recording (28)_orig.wav,clean_original,SPK005/unknown/Recording (28)_orig.wav
SPK005,unknown,Recording (28).wav,Recording (28)_aug_shift.wav,time_shift,SPK005/unknown/Recording (28)_aug_shift.wav
SPK005,unknown,Recording (28).wav,Recording (28)_aug_noise.wav,noise,SPK005/unknown/Recording (28)_aug_noise.wav
SPK005,unknown,Recording (28).wav,Recording (28)_aug_gain.wav,gain,SPK005/unknown/Recording (28)_aug_gain.wav
SPK005,unknown,Recording (28).wav,Recording (28)_aug_comp.wav,composite,SPK005/unknown/Recording (28)_aug_comp.wav
SPK005,unknown,Recording (29).wav,Recording (29)_orig.wav,clean_original,SPK005/unknown/Recording (29)_orig.wav
SPK005,unknown,Recording (29).wav,Recording (29)_aug_shift.wav,time_shift,SPK005/unknown/Recording (29)_aug_shift.wav
SPK005,unknown,Recording (29).wav,Recording (29)_aug_noise.wav,noise,SPK005/unknown/Recording (29)_aug_noise.wav
SPK005,unknown,Recording (29).wav,Recording (29)_aug_gain.wav,gain,SPK005/unknown/Recording (29)_aug_gain.wav
SPK005,unknown,Recording (29).wav,Recording (29)_aug_comp.wav,composite,SPK005/unknown/Recording (29)_aug_comp.wav
SPK005,unknown,Recording (3).wav,Recording (3)_orig.wav,clean_original,SPK005/unknown/Recording (3)_orig.wav
SPK005,unknown,Recording (3).wav,Recording (3)_aug_shift.wav,time_shift,SPK005/unknown/Recording (3)_aug_shift.wav
SPK005,unknown,Recording (3).wav,Recording (3)_aug_noise.wav,noise,SPK005/unknown/Recording (3)_aug_noise.wav
SPK005,unknown,Recording (3).wav,Recording (3)_aug_gain.wav,gain,SPK005/unknown/Recording (3)_aug_gain.wav
SPK005,unknown,Recording (3).wav,Recording (3)_aug_comp.wav,composite,SPK005/unknown/Recording (3)_aug_comp.wav
SPK005,unknown,Recording (30).wav,Recording (30)_orig.wav,clean_original,SPK005/unknown/Recording (30)_orig.wav
SPK005,unknown,Recording (30).wav,Recording (30)_aug_shift.wav,time_shift,SPK005/unknown/Recording (30)_aug_shift.wav
SPK005,unknown,Recording (30).wav,Recording (30)_aug_noise.wav,noise,SPK005/unknown/Recording (30)_aug_noise.wav
SPK005,unknown,Recording (30).wav,Recording (30)_aug_gain.wav,gain,SPK005/unknown/Recording (30)_aug_gain.wav
SPK005,unknown,Recording (30).wav,Recording (30)_aug_comp.wav,composite,SPK005/unknown/Recording (30)_aug_comp.wav
SPK005,unknown,Recording (31).wav,Recording (31)_orig.wav,clean_original,SPK005/unknown/Recording (31)_orig.wav
SPK005,unknown,Recording (31).wav,Recording (31)_aug_shift.wav,time_shift,SPK005/unknown/Recording (31)_aug_shift.wav
SPK005,unknown,Recording (31).wav,Recording (31)_aug_noise.wav,noise,SPK005/unknown/Recording (31)_aug_noise.wav
SPK005,unknown,Recording (31).wav,Recording (31)_aug_gain.wav,gain,SPK005/unknown/Recording (31)_aug_gain.wav
SPK005,unknown,Recording (31).wav,Recording (31)_aug_comp.wav,composite,SPK005/unknown/Recording (31)_aug_comp.wav
SPK005,unknown,Recording (32).wav,Recording (32)_orig.wav,clean_original,SPK005/unknown/Recording (32)_orig.wav
SPK005,unknown,Recording (32).wav,Recording (32)_aug_shift.wav,time_shift,SPK005/unknown/Recording (32)_aug_shift.wav
SPK005,unknown,Recording (32).wav,Recording (32)_aug_noise.wav,noise,SPK005/unknown/Recording (32)_aug_noise.wav
SPK005,unknown,Recording (32).wav,Recording (32)_aug_gain.wav,gain,SPK005/unknown/Recording (32)_aug_gain.wav
SPK005,unknown,Recording (32).wav,Recording (32)_aug_comp.wav,composite,SPK005/unknown/Recording (32)_aug_comp.wav
SPK005,unknown,Recording (33).wav,Recording (33)_orig.wav,clean_original,SPK005/unknown/Recording (33)_orig.wav
SPK005,unknown,Recording (33).wav,Recording (33)_aug_shift.wav,time_shift,SPK005/unknown/Recording (33)_aug_shift.wav
SPK005,unknown,Recording (33).wav,Recording (33)_aug_noise.wav,noise,SPK005/unknown/Recording (33)_aug_noise.wav
SPK005,unknown,Recording (33).wav,Recording (33)_aug_gain.wav,gain,SPK005/unknown/Recording (33)_aug_gain.wav
SPK005,unknown,Recording (33).wav,Recording (33)_aug_comp.wav,composite,SPK005/unknown/Recording (33)_aug_comp.wav
SPK005,unknown,Recording (34).wav,Recording (34)_orig.wav,clean_original,SPK005/unknown/Recording (34)_orig.wav
SPK005,unknown,Recording (34).wav,Recording (34)_aug_shift.wav,time_shift,SPK005/unknown/Recording (34)_aug_shift.wav
SPK005,unknown,Recording (34).wav,Recording (34)_aug_noise.wav,noise,SPK005/unknown/Recording (34)_aug_noise.wav
SPK005,unknown,Recording (34).wav,Recording (34)_aug_gain.wav,gain,SPK005/unknown/Recording (34)_aug_gain.wav
SPK005,unknown,Recording (34).wav,Recording (34)_aug_comp.wav,composite,SPK005/unknown/Recording (34)_aug_comp.wav
SPK005,unknown,Recording (35).wav,Recording (35)_orig.wav,clean_original,SPK005/unknown/Recording (35)_orig.wav
SPK005,unknown,Recording (35).wav,Recording (35)_aug_shift.wav,time_shift,SPK005/unknown/Recording (35)_aug_shift.wav
SPK005,unknown,Recording (35).wav,Recording (35)_aug_noise.wav,noise,SPK005/unknown/Recording (35)_aug_noise.wav
SPK005,unknown,Recording (35).wav,Recording (35)_aug_gain.wav,gain,SPK005/unknown/Recording (35)_aug_gain.wav
SPK005,unknown,Recording (35).wav,Recording (35)_aug_comp.wav,composite,SPK005/unknown/Recording (35)_aug_comp.wav
SPK005,unknown,Recording (36).wav,Recording (36)_orig.wav,clean_original,SPK005/unknown/Recording (36)_orig.wav
SPK005,unknown,Recording (36).wav,Recording (36)_aug_shift.wav,time_shift,SPK005/unknown/Recording (36)_aug_shift.wav
SPK005,unknown,Recording (36).wav,Recording (36)_aug_noise.wav,noise,SPK005/unknown/Recording (36)_aug_noise.wav
SPK005,unknown,Recording (36).wav,Recording (36)_aug_gain.wav,gain,SPK005/unknown/Recording (36)_aug_gain.wav
SPK005,unknown,Recording (36).wav,Recording (36)_aug_comp.wav,composite,SPK005/unknown/Recording (36)_aug_comp.wav
SPK005,unknown,Recording (37).wav,Recording (37)_orig.wav,clean_original,SPK005/unknown/Recording (37)_orig.wav
SPK005,unknown,Recording (37).wav,Recording (37)_aug_shift.wav,time_shift,SPK005/unknown/Recording (37)_aug_shift.wav
SPK005,unknown,Recording (37).wav,Recording (37)_aug_noise.wav,noise,SPK005/unknown/Recording (37)_aug_noise.wav
SPK005,unknown,Recording (37).wav,Recording (37)_aug_gain.wav,gain,SPK005/unknown/Recording (37)_aug_gain.wav
SPK005,unknown,Recording (37).wav,Recording (37)_aug_comp.wav,composite,SPK005/unknown/Recording (37)_aug_comp.wav
SPK005,unknown,Recording (38).wav,Recording (38)_orig.wav,clean_original,SPK005/unknown/Recording (38)_orig.wav
SPK005,unknown,Recording (38).wav,Recording (38)_aug_shift.wav,time_shift,SPK005/unknown/Recording (38)_aug_shift.wav
SPK005,unknown,Recording (38).wav,Recording (38)_aug_noise.wav,noise,SPK005/unknown/Recording (38)_aug_noise.wav
SPK005,unknown,Recording (38).wav,Recording (38)_aug_gain.wav,gain,SPK005/unknown/Recording (38)_aug_gain.wav
SPK005,unknown,Recording (38).wav,Recording (38)_aug_comp.wav,composite,SPK005/unknown/Recording (38)_aug_comp.wav
SPK005,unknown,Recording (39).wav,Recording (39)_orig.wav,clean_original,SPK005/unknown/Recording (39)_orig.wav
SPK005,unknown,Recording (39).wav,Recording (39)_aug_shift.wav,time_shift,SPK005/unknown/Recording (39)_aug_shift.wav
SPK005,unknown,Recording (39).wav,Recording (39)_aug_noise.wav,noise,SPK005/unknown/Recording (39)_aug_noise.wav
SPK005,unknown,Recording (39).wav,Recording (39)_aug_gain.wav,gain,SPK005/unknown/Recording (39)_aug_gain.wav
SPK005,unknown,Recording (39).wav,Recording (39)_aug_comp.wav,composite,SPK005/unknown/Recording (39)_aug_comp.wav
SPK005,unknown,Recording (4).wav,Recording (4)_orig.wav,clean_original,SPK005/unknown/Recording (4)_orig.wav
SPK005,unknown,Recording (4).wav,Recording (4)_aug_shift.wav,time_shift,SPK005/unknown/Recording (4)_aug_shift.wav
SPK005,unknown,Recording (4).wav,Recording (4)_aug_noise.wav,noise,SPK005/unknown/Recording (4)_aug_noise.wav
SPK005,unknown,Recording (4).wav,Recording (4)_aug_gain.wav,gain,SPK005/unknown/Recording (4)_aug_gain.wav
SPK005,unknown,Recording (4).wav,Recording (4)_aug_comp.wav,composite,SPK005/unknown/Recording (4)_aug_comp.wav
SPK005,unknown,Recording (40).wav,Recording (40)_orig.wav,clean_original,SPK005/unknown/Recording (40)_orig.wav
SPK005,unknown,Recording (40).wav,Recording (40)_aug_shift.wav,time_shift,SPK005/unknown/Recording (40)_aug_shift.wav
SPK005,unknown,Recording (40).wav,Recording (40)_aug_noise.wav,noise,SPK005/unknown/Recording (40)_aug_noise.wav
SPK005,unknown,Recording (40).wav,Recording (40)_aug_gain.wav,gain,SPK005/unknown/Recording (40)_aug_gain.wav
SPK005,unknown,Recording (40).wav,Recording (40)_aug_comp.wav,composite,SPK005/unknown/Recording (40)_aug_comp.wav
SPK005,unknown,Recording (5).wav,Recording (5)_orig.wav,clean_original,SPK005/unknown/Recording (5)_orig.wav
SPK005,unknown,Recording (5).wav,Recording (5)_aug_shift.wav,time_shift,SPK005/unknown/Recording (5)_aug_shift.wav
SPK005,unknown,Recording (5).wav,Recording (5)_aug_noise.wav,noise,SPK005/unknown/Recording (5)_aug_noise.wav
SPK005,unknown,Recording (5).wav,Recording (5)_aug_gain.wav,gain,SPK005/unknown/Recording (5)_aug_gain.wav
SPK005,unknown,Recording (5).wav,Recording (5)_aug_comp.wav,composite,SPK005/unknown/Recording (5)_aug_comp.wav
SPK005,unknown,Recording (6).wav,Recording (6)_orig.wav,clean_original,SPK005/unknown/Recording (6)_orig.wav
SPK005,unknown,Recording (6).wav,Recording (6)_aug_shift.wav,time_shift,SPK005/unknown/Recording (6)_aug_shift.wav
SPK005,unknown,Recording (6).wav,Recording (6)_aug_noise.wav,noise,SPK005/unknown/Recording (6)_aug_noise.wav
SPK005,unknown,Recording (6).wav,Recording (6)_aug_gain.wav,gain,SPK005/unknown/Recording (6)_aug_gain.wav
SPK005,unknown,Recording (6).wav,Recording (6)_aug_comp.wav,composite,SPK005/unknown/Recording (6)_aug_comp.wav
SPK005,unknown,Recording (7).wav,Recording (7)_orig.wav,clean_original,SPK005/unknown/Recording (7)_orig.wav
SPK005,unknown,Recording (7).wav,Recording (7)_aug_shift.wav,time_shift,SPK005/unknown/Recording (7)_aug_shift.wav
SPK005,unknown,Recording (7).wav,Recording (7)_aug_noise.wav,noise,SPK005/unknown/Recording (7)_aug_noise.wav
SPK005,unknown,Recording (7).wav,Recording (7)_aug_gain.wav,gain,SPK005/unknown/Recording (7)_aug_gain.wav
SPK005,unknown,Recording (7).wav,Recording (7)_aug_comp.wav,composite,SPK005/unknown/Recording (7)_aug_comp.wav
SPK005,unknown,Recording (8).wav,Recording (8)_orig.wav,clean_original,SPK005/unknown/Recording (8)_orig.wav
SPK005,unknown,Recording (8).wav,Recording (8)_aug_shift.wav,time_shift,SPK005/unknown/Recording (8)_aug_shift.wav
SPK005,unknown,Recording (8).wav,Recording (8)_aug_noise.wav,noise,SPK005/unknown/Recording (8)_aug_noise.wav
SPK005,unknown,Recording (8).wav,Recording (8)_aug_gain.wav,gain,SPK005/unknown/Recording (8)_aug_gain.wav
SPK005,unknown,Recording (8).wav,Recording (8)_aug_comp.wav,composite,SPK005/unknown/Recording (8)_aug_comp.wav
SPK005,unknown,Recording (9).wav,Recording (9)_orig.wav,clean_original,SPK005/unknown/Recording (9)_orig.wav
SPK005,unknown,Recording (9).wav,Recording (9)_aug_shift.wav,time_shift,SPK005/unknown/Recording (9)_aug_shift.wav
SPK005,unknown,Recording (9).wav,Recording (9)_aug_noise.wav,noise,SPK005/unknown/Recording (9)_aug_noise.wav
SPK005,unknown,Recording (9).wav,Recording (9)_aug_gain.wav,gain,SPK005/unknown/Recording (9)_aug_gain.wav
SPK005,unknown,Recording (9).wav,Recording (9)_aug_comp.wav,composite,SPK005/unknown/Recording (9)_aug_comp.wav
SPK005,unknown,Recording.wav,Recording_orig.wav,clean_original,SPK005/unknown/Recording_orig.wav
SPK005,unknown,Recording.wav,Recording_aug_shift.wav,time_shift,SPK005/unknown/Recording_aug_shift.wav
SPK005,unknown,Recording.wav,Recording_aug_noise.wav,noise,SPK005/unknown/Recording_aug_noise.wav
SPK005,unknown,Recording.wav,Recording_aug_gain.wav,gain,SPK005/unknown/Recording_aug_gain.wav
SPK005,unknown,Recording.wav,Recording_aug_comp.wav,composite,SPK005/unknown/Recording_aug_comp.wav
SPK006,proxima,New recording 1.wav,New recording 1_orig.wav,clean_original,SPK006/proxima/New recording 1_orig.wav
SPK006,proxima,New recording 1.wav,New recording 1_aug_shift.wav,time_shift,SPK006/proxima/New recording 1_aug_shift.wav
SPK006,proxima,New recording 1.wav,New recording 1_aug_noise.wav,noise,SPK006/proxima/New recording 1_aug_noise.wav
SPK006,proxima,New recording 1.wav,New recording 1_aug_gain.wav,gain,SPK006/proxima/New recording 1_aug_gain.wav
SPK006,proxima,New recording 1.wav,New recording 1_aug_comp.wav,composite,SPK006/proxima/New recording 1_aug_comp.wav
SPK006,proxima,New recording 10.wav,New recording 10_orig.wav,clean_original,SPK006/proxima/New recording 10_orig.wav
SPK006,proxima,New recording 10.wav,New recording 10_aug_shift.wav,time_shift,SPK006/proxima/New recording 10_aug_shift.wav
SPK006,proxima,New recording 10.wav,New recording 10_aug_noise.wav,noise,SPK006/proxima/New recording 10_aug_noise.wav
SPK006,proxima,New recording 10.wav,New recording 10_aug_gain.wav,gain,SPK006/proxima/New recording 10_aug_gain.wav
SPK006,proxima,New recording 10.wav,New recording 10_aug_comp.wav,composite,SPK006/proxima/New recording 10_aug_comp.wav
SPK006,proxima,New recording 11.wav,New recording 11_orig.wav,clean_original,SPK006/proxima/New recording 11_orig.wav
SPK006,proxima,New recording 11.wav,New recording 11_aug_shift.wav,time_shift,SPK006/proxima/New recording 11_aug_shift.wav
SPK006,proxima,New recording 11.wav,New recording 11_aug_noise.wav,noise,SPK006/proxima/New recording 11_aug_noise.wav
SPK006,proxima,New recording 11.wav,New recording 11_aug_gain.wav,gain,SPK006/proxima/New recording 11_aug_gain.wav
SPK006,proxima,New recording 11.wav,New recording 11_aug_comp.wav,composite,SPK006/proxima/New recording 11_aug_comp.wav
SPK006,proxima,New recording 12.wav,New recording 12_orig.wav,clean_original,SPK006/proxima/New recording 12_orig.wav
SPK006,proxima,New recording 12.wav,New recording 12_aug_shift.wav,time_shift,SPK006/proxima/New recording 12_aug_shift.wav
SPK006,proxima,New recording 12.wav,New recording 12_aug_noise.wav,noise,SPK006/proxima/New recording 12_aug_noise.wav
SPK006,proxima,New recording 12.wav,New recording 12_aug_gain.wav,gain,SPK006/proxima/New recording 12_aug_gain.wav
SPK006,proxima,New recording 12.wav,New recording 12_aug_comp.wav,composite,SPK006/proxima/New recording 12_aug_comp.wav
SPK006,proxima,New recording 13.wav,New recording 13_orig.wav,clean_original,SPK006/proxima/New recording 13_orig.wav
SPK006,proxima,New recording 13.wav,New recording 13_aug_shift.wav,time_shift,SPK006/proxima/New recording 13_aug_shift.wav
SPK006,proxima,New recording 13.wav,New recording 13_aug_noise.wav,noise,SPK006/proxima/New recording 13_aug_noise.wav
SPK006,proxima,New recording 13.wav,New recording 13_aug_gain.wav,gain,SPK006/proxima/New recording 13_aug_gain.wav
SPK006,proxima,New recording 13.wav,New recording 13_aug_comp.wav,composite,SPK006/proxima/New recording 13_aug_comp.wav
SPK006,proxima,New recording 14.wav,New recording 14_orig.wav,clean_original,SPK006/proxima/New recording 14_orig.wav
SPK006,proxima,New recording 14.wav,New recording 14_aug_shift.wav,time_shift,SPK006/proxima/New recording 14_aug_shift.wav
SPK006,proxima,New recording 14.wav,New recording 14_aug_noise.wav,noise,SPK006/proxima/New recording 14_aug_noise.wav
SPK006,proxima,New recording 14.wav,New recording 14_aug_gain.wav,gain,SPK006/proxima/New recording 14_aug_gain.wav
SPK006,proxima,New recording 14.wav,New recording 14_aug_comp.wav,composite,SPK006/proxima/New recording 14_aug_comp.wav
SPK006,proxima,New recording 15.wav,New recording 15_orig.wav,clean_original,SPK006/proxima/New recording 15_orig.wav
SPK006,proxima,New recording 15.wav,New recording 15_aug_shift.wav,time_shift,SPK006/proxima/New recording 15_aug_shift.wav
SPK006,proxima,New recording 15.wav,New recording 15_aug_noise.wav,noise,SPK006/proxima/New recording 15_aug_noise.wav
SPK006,proxima,New recording 15.wav,New recording 15_aug_gain.wav,gain,SPK006/proxima/New recording 15_aug_gain.wav
SPK006,proxima,New recording 15.wav,New recording 15_aug_comp.wav,composite,SPK006/proxima/New recording 15_aug_comp.wav
SPK006,proxima,New recording 16.wav,New recording 16_orig.wav,clean_original,SPK006/proxima/New recording 16_orig.wav
SPK006,proxima,New recording 16.wav,New recording 16_aug_shift.wav,time_shift,SPK006/proxima/New recording 16_aug_shift.wav
SPK006,proxima,New recording 16.wav,New recording 16_aug_noise.wav,noise,SPK006/proxima/New recording 16_aug_noise.wav
SPK006,proxima,New recording 16.wav,New recording 16_aug_gain.wav,gain,SPK006/proxima/New recording 16_aug_gain.wav
SPK006,proxima,New recording 16.wav,New recording 16_aug_comp.wav,composite,SPK006/proxima/New recording 16_aug_comp.wav
SPK006,proxima,New recording 17.wav,New recording 17_orig.wav,clean_original,SPK006/proxima/New recording 17_orig.wav
SPK006,proxima,New recording 17.wav,New recording 17_aug_shift.wav,time_shift,SPK006/proxima/New recording 17_aug_shift.wav
SPK006,proxima,New recording 17.wav,New recording 17_aug_noise.wav,noise,SPK006/proxima/New recording 17_aug_noise.wav
SPK006,proxima,New recording 17.wav,New recording 17_aug_gain.wav,gain,SPK006/proxima/New recording 17_aug_gain.wav
SPK006,proxima,New recording 17.wav,New recording 17_aug_comp.wav,composite,SPK006/proxima/New recording 17_aug_comp.wav
SPK006,proxima,New recording 18.wav,New recording 18_orig.wav,clean_original,SPK006/proxima/New recording 18_orig.wav
SPK006,proxima,New recording 18.wav,New recording 18_aug_shift.wav,time_shift,SPK006/proxima/New recording 18_aug_shift.wav
SPK006,proxima,New recording 18.wav,New recording 18_aug_noise.wav,noise,SPK006/proxima/New recording 18_aug_noise.wav
SPK006,proxima,New recording 18.wav,New recording 18_aug_gain.wav,gain,SPK006/proxima/New recording 18_aug_gain.wav
SPK006,proxima,New recording 18.wav,New recording 18_aug_comp.wav,composite,SPK006/proxima/New recording 18_aug_comp.wav
SPK006,proxima,New recording 19.wav,New recording 19_orig.wav,clean_original,SPK006/proxima/New recording 19_orig.wav
SPK006,proxima,New recording 19.wav,New recording 19_aug_shift.wav,time_shift,SPK006/proxima/New recording 19_aug_shift.wav
SPK006,proxima,New recording 19.wav,New recording 19_aug_noise.wav,noise,SPK006/proxima/New recording 19_aug_noise.wav
SPK006,proxima,New recording 19.wav,New recording 19_aug_gain.wav,gain,SPK006/proxima/New recording 19_aug_gain.wav
SPK006,proxima,New recording 19.wav,New recording 19_aug_comp.wav,composite,SPK006/proxima/New recording 19_aug_comp.wav
SPK006,proxima,New recording 2.wav,New recording 2_orig.wav,clean_original,SPK006/proxima/New recording 2_orig.wav
SPK006,proxima,New recording 2.wav,New recording 2_aug_shift.wav,time_shift,SPK006/proxima/New recording 2_aug_shift.wav
SPK006,proxima,New recording 2.wav,New recording 2_aug_noise.wav,noise,SPK006/proxima/New recording 2_aug_noise.wav
SPK006,proxima,New recording 2.wav,New recording 2_aug_gain.wav,gain,SPK006/proxima/New recording 2_aug_gain.wav
SPK006,proxima,New recording 2.wav,New recording 2_aug_comp.wav,composite,SPK006/proxima/New recording 2_aug_comp.wav
SPK006,proxima,New recording 20.wav,New recording 20_orig.wav,clean_original,SPK006/proxima/New recording 20_orig.wav
SPK006,proxima,New recording 20.wav,New recording 20_aug_shift.wav,time_shift,SPK006/proxima/New recording 20_aug_shift.wav
SPK006,proxima,New recording 20.wav,New recording 20_aug_noise.wav,noise,SPK006/proxima/New recording 20_aug_noise.wav
SPK006,proxima,New recording 20.wav,New recording 20_aug_gain.wav,gain,SPK006/proxima/New recording 20_aug_gain.wav
SPK006,proxima,New recording 20.wav,New recording 20_aug_comp.wav,composite,SPK006/proxima/New recording 20_aug_comp.wav
SPK006,proxima,New recording 21.wav,New recording 21_orig.wav,clean_original,SPK006/proxima/New recording 21_orig.wav
SPK006,proxima,New recording 21.wav,New recording 21_aug_shift.wav,time_shift,SPK006/proxima/New recording 21_aug_shift.wav
SPK006,proxima,New recording 21.wav,New recording 21_aug_noise.wav,noise,SPK006/proxima/New recording 21_aug_noise.wav
SPK006,proxima,New recording 21.wav,New recording 21_aug_gain.wav,gain,SPK006/proxima/New recording 21_aug_gain.wav
SPK006,proxima,New recording 21.wav,New recording 21_aug_comp.wav,composite,SPK006/proxima/New recording 21_aug_comp.wav
SPK006,proxima,New recording 22.wav,New recording 22_orig.wav,clean_original,SPK006/proxima/New recording 22_orig.wav
SPK006,proxima,New recording 22.wav,New recording 22_aug_shift.wav,time_shift,SPK006/proxima/New recording 22_aug_shift.wav
SPK006,proxima,New recording 22.wav,New recording 22_aug_noise.wav,noise,SPK006/proxima/New recording 22_aug_noise.wav
SPK006,proxima,New recording 22.wav,New recording 22_aug_gain.wav,gain,SPK006/proxima/New recording 22_aug_gain.wav
SPK006,proxima,New recording 22.wav,New recording 22_aug_comp.wav,composite,SPK006/proxima/New recording 22_aug_comp.wav
SPK006,proxima,New recording 23.wav,New recording 23_orig.wav,clean_original,SPK006/proxima/New recording 23_orig.wav
SPK006,proxima,New recording 23.wav,New recording 23_aug_shift.wav,time_shift,SPK006/proxima/New recording 23_aug_shift.wav
SPK006,proxima,New recording 23.wav,New recording 23_aug_noise.wav,noise,SPK006/proxima/New recording 23_aug_noise.wav
SPK006,proxima,New recording 23.wav,New recording 23_aug_gain.wav,gain,SPK006/proxima/New recording 23_aug_gain.wav
SPK006,proxima,New recording 23.wav,New recording 23_aug_comp.wav,composite,SPK006/proxima/New recording 23_aug_comp.wav
SPK006,proxima,New recording 24.wav,New recording 24_orig.wav,clean_original,SPK006/proxima/New recording 24_orig.wav
SPK006,proxima,New recording 24.wav,New recording 24_aug_shift.wav,time_shift,SPK006/proxima/New recording 24_aug_shift.wav
SPK006,proxima,New recording 24.wav,New recording 24_aug_noise.wav,noise,SPK006/proxima/New recording 24_aug_noise.wav
SPK006,proxima,New recording 24.wav,New recording 24_aug_gain.wav,gain,SPK006/proxima/New recording 24_aug_gain.wav
SPK006,proxima,New recording 24.wav,New recording 24_aug_comp.wav,composite,SPK006/proxima/New recording 24_aug_comp.wav
SPK006,proxima,New recording 25.wav,New recording 25_orig.wav,clean_original,SPK006/proxima/New recording 25_orig.wav
SPK006,proxima,New recording 25.wav,New recording 25_aug_shift.wav,time_shift,SPK006/proxima/New recording 25_aug_shift.wav
SPK006,proxima,New recording 25.wav,New recording 25_aug_noise.wav,noise,SPK006/proxima/New recording 25_aug_noise.wav
SPK006,proxima,New recording 25.wav,New recording 25_aug_gain.wav,gain,SPK006/proxima/New recording 25_aug_gain.wav
SPK006,proxima,New recording 25.wav,New recording 25_aug_comp.wav,composite,SPK006/proxima/New recording 25_aug_comp.wav
SPK006,proxima,New recording 26.wav,New recording 26_orig.wav,clean_original,SPK006/proxima/New recording 26_orig.wav
SPK006,proxima,New recording 26.wav,New recording 26_aug_shift.wav,time_shift,SPK006/proxima/New recording 26_aug_shift.wav
SPK006,proxima,New recording 26.wav,New recording 26_aug_noise.wav,noise,SPK006/proxima/New recording 26_aug_noise.wav
SPK006,proxima,New recording 26.wav,New recording 26_aug_gain.wav,gain,SPK006/proxima/New recording 26_aug_gain.wav
SPK006,proxima,New recording 26.wav,New recording 26_aug_comp.wav,composite,SPK006/proxima/New recording 26_aug_comp.wav
SPK006,proxima,New recording 27.wav,New recording 27_orig.wav,clean_original,SPK006/proxima/New recording 27_orig.wav
SPK006,proxima,New recording 27.wav,New recording 27_aug_shift.wav,time_shift,SPK006/proxima/New recording 27_aug_shift.wav
SPK006,proxima,New recording 27.wav,New recording 27_aug_noise.wav,noise,SPK006/proxima/New recording 27_aug_noise.wav
SPK006,proxima,New recording 27.wav,New recording 27_aug_gain.wav,gain,SPK006/proxima/New recording 27_aug_gain.wav
SPK006,proxima,New recording 27.wav,New recording 27_aug_comp.wav,composite,SPK006/proxima/New recording 27_aug_comp.wav
SPK006,proxima,New recording 28.wav,New recording 28_orig.wav,clean_original,SPK006/proxima/New recording 28_orig.wav
SPK006,proxima,New recording 28.wav,New recording 28_aug_shift.wav,time_shift,SPK006/proxima/New recording 28_aug_shift.wav
SPK006,proxima,New recording 28.wav,New recording 28_aug_noise.wav,noise,SPK006/proxima/New recording 28_aug_noise.wav
SPK006,proxima,New recording 28.wav,New recording 28_aug_gain.wav,gain,SPK006/proxima/New recording 28_aug_gain.wav
SPK006,proxima,New recording 28.wav,New recording 28_aug_comp.wav,composite,SPK006/proxima/New recording 28_aug_comp.wav
SPK006,proxima,New recording 29.wav,New recording 29_orig.wav,clean_original,SPK006/proxima/New recording 29_orig.wav
SPK006,proxima,New recording 29.wav,New recording 29_aug_shift.wav,time_shift,SPK006/proxima/New recording 29_aug_shift.wav
SPK006,proxima,New recording 29.wav,New recording 29_aug_noise.wav,noise,SPK006/proxima/New recording 29_aug_noise.wav
SPK006,proxima,New recording 29.wav,New recording 29_aug_gain.wav,gain,SPK006/proxima/New recording 29_aug_gain.wav
SPK006,proxima,New recording 29.wav,New recording 29_aug_comp.wav,composite,SPK006/proxima/New recording 29_aug_comp.wav
SPK006,proxima,New recording 3.wav,New recording 3_orig.wav,clean_original,SPK006/proxima/New recording 3_orig.wav
SPK006,proxima,New recording 3.wav,New recording 3_aug_shift.wav,time_shift,SPK006/proxima/New recording 3_aug_shift.wav
SPK006,proxima,New recording 3.wav,New recording 3_aug_noise.wav,noise,SPK006/proxima/New recording 3_aug_noise.wav
SPK006,proxima,New recording 3.wav,New recording 3_aug_gain.wav,gain,SPK006/proxima/New recording 3_aug_gain.wav
SPK006,proxima,New recording 3.wav,New recording 3_aug_comp.wav,composite,SPK006/proxima/New recording 3_aug_comp.wav
SPK006,proxima,New recording 30.wav,New recording 30_orig.wav,clean_original,SPK006/proxima/New recording 30_orig.wav
SPK006,proxima,New recording 30.wav,New recording 30_aug_shift.wav,time_shift,SPK006/proxima/New recording 30_aug_shift.wav
SPK006,proxima,New recording 30.wav,New recording 30_aug_noise.wav,noise,SPK006/proxima/New recording 30_aug_noise.wav
SPK006,proxima,New recording 30.wav,New recording 30_aug_gain.wav,gain,SPK006/proxima/New recording 30_aug_gain.wav
SPK006,proxima,New recording 30.wav,New recording 30_aug_comp.wav,composite,SPK006/proxima/New recording 30_aug_comp.wav
SPK006,proxima,New recording 31.wav,New recording 31_orig.wav,clean_original,SPK006/proxima/New recording 31_orig.wav
SPK006,proxima,New recording 31.wav,New recording 31_aug_shift.wav,time_shift,SPK006/proxima/New recording 31_aug_shift.wav
SPK006,proxima,New recording 31.wav,New recording 31_aug_noise.wav,noise,SPK006/proxima/New recording 31_aug_noise.wav
SPK006,proxima,New recording 31.wav,New recording 31_aug_gain.wav,gain,SPK006/proxima/New recording 31_aug_gain.wav
SPK006,proxima,New recording 31.wav,New recording 31_aug_comp.wav,composite,SPK006/proxima/New recording 31_aug_comp.wav
SPK006,proxima,New recording 32.wav,New recording 32_orig.wav,clean_original,SPK006/proxima/New recording 32_orig.wav
SPK006,proxima,New recording 32.wav,New recording 32_aug_shift.wav,time_shift,SPK006/proxima/New recording 32_aug_shift.wav
SPK006,proxima,New recording 32.wav,New recording 32_aug_noise.wav,noise,SPK006/proxima/New recording 32_aug_noise.wav
SPK006,proxima,New recording 32.wav,New recording 32_aug_gain.wav,gain,SPK006/proxima/New recording 32_aug_gain.wav
SPK006,proxima,New recording 32.wav,New recording 32_aug_comp.wav,composite,SPK006/proxima/New recording 32_aug_comp.wav
SPK006,proxima,New recording 33.wav,New recording 33_orig.wav,clean_original,SPK006/proxima/New recording 33_orig.wav
SPK006,proxima,New recording 33.wav,New recording 33_aug_shift.wav,time_shift,SPK006/proxima/New recording 33_aug_shift.wav
SPK006,proxima,New recording 33.wav,New recording 33_aug_noise.wav,noise,SPK006/proxima/New recording 33_aug_noise.wav
SPK006,proxima,New recording 33.wav,New recording 33_aug_gain.wav,gain,SPK006/proxima/New recording 33_aug_gain.wav
SPK006,proxima,New recording 33.wav,New recording 33_aug_comp.wav,composite,SPK006/proxima/New recording 33_aug_comp.wav
SPK006,proxima,New recording 34.wav,New recording 34_orig.wav,clean_original,SPK006/proxima/New recording 34_orig.wav
SPK006,proxima,New recording 34.wav,New recording 34_aug_shift.wav,time_shift,SPK006/proxima/New recording 34_aug_shift.wav
SPK006,proxima,New recording 34.wav,New recording 34_aug_noise.wav,noise,SPK006/proxima/New recording 34_aug_noise.wav
SPK006,proxima,New recording 34.wav,New recording 34_aug_gain.wav,gain,SPK006/proxima/New recording 34_aug_gain.wav
SPK006,proxima,New recording 34.wav,New recording 34_aug_comp.wav,composite,SPK006/proxima/New recording 34_aug_comp.wav
SPK006,proxima,New recording 35.wav,New recording 35_orig.wav,clean_original,SPK006/proxima/New recording 35_orig.wav
SPK006,proxima,New recording 35.wav,New recording 35_aug_shift.wav,time_shift,SPK006/proxima/New recording 35_aug_shift.wav
SPK006,proxima,New recording 35.wav,New recording 35_aug_noise.wav,noise,SPK006/proxima/New recording 35_aug_noise.wav
SPK006,proxima,New recording 35.wav,New recording 35_aug_gain.wav,gain,SPK006/proxima/New recording 35_aug_gain.wav
SPK006,proxima,New recording 35.wav,New recording 35_aug_comp.wav,composite,SPK006/proxima/New recording 35_aug_comp.wav
SPK006,proxima,New recording 36.wav,New recording 36_orig.wav,clean_original,SPK006/proxima/New recording 36_orig.wav
SPK006,proxima,New recording 36.wav,New recording 36_aug_shift.wav,time_shift,SPK006/proxima/New recording 36_aug_shift.wav
SPK006,proxima,New recording 36.wav,New recording 36_aug_noise.wav,noise,SPK006/proxima/New recording 36_aug_noise.wav
SPK006,proxima,New recording 36.wav,New recording 36_aug_gain.wav,gain,SPK006/proxima/New recording 36_aug_gain.wav
SPK006,proxima,New recording 36.wav,New recording 36_aug_comp.wav,composite,SPK006/proxima/New recording 36_aug_comp.wav
SPK006,proxima,New recording 37.wav,New recording 37_orig.wav,clean_original,SPK006/proxima/New recording 37_orig.wav
SPK006,proxima,New recording 37.wav,New recording 37_aug_shift.wav,time_shift,SPK006/proxima/New recording 37_aug_shift.wav
SPK006,proxima,New recording 37.wav,New recording 37_aug_noise.wav,noise,SPK006/proxima/New recording 37_aug_noise.wav
SPK006,proxima,New recording 37.wav,New recording 37_aug_gain.wav,gain,SPK006/proxima/New recording 37_aug_gain.wav
SPK006,proxima,New recording 37.wav,New recording 37_aug_comp.wav,composite,SPK006/proxima/New recording 37_aug_comp.wav
SPK006,proxima,New recording 38.wav,New recording 38_orig.wav,clean_original,SPK006/proxima/New recording 38_orig.wav
SPK006,proxima,New recording 38.wav,New recording 38_aug_shift.wav,time_shift,SPK006/proxima/New recording 38_aug_shift.wav
SPK006,proxima,New recording 38.wav,New recording 38_aug_noise.wav,noise,SPK006/proxima/New recording 38_aug_noise.wav
SPK006,proxima,New recording 38.wav,New recording 38_aug_gain.wav,gain,SPK006/proxima/New recording 38_aug_gain.wav
SPK006,proxima,New recording 38.wav,New recording 38_aug_comp.wav,composite,SPK006/proxima/New recording 38_aug_comp.wav
SPK006,proxima,New recording 39.wav,New recording 39_orig.wav,clean_original,SPK006/proxima/New recording 39_orig.wav
SPK006,proxima,New recording 39.wav,New recording 39_aug_shift.wav,time_shift,SPK006/proxima/New recording 39_aug_shift.wav
SPK006,proxima,New recording 39.wav,New recording 39_aug_noise.wav,noise,SPK006/proxima/New recording 39_aug_noise.wav
SPK006,proxima,New recording 39.wav,New recording 39_aug_gain.wav,gain,SPK006/proxima/New recording 39_aug_gain.wav
SPK006,proxima,New recording 39.wav,New recording 39_aug_comp.wav,composite,SPK006/proxima/New recording 39_aug_comp.wav
SPK006,proxima,New recording 4.wav,New recording 4_orig.wav,clean_original,SPK006/proxima/New recording 4_orig.wav
SPK006,proxima,New recording 4.wav,New recording 4_aug_shift.wav,time_shift,SPK006/proxima/New recording 4_aug_shift.wav
SPK006,proxima,New recording 4.wav,New recording 4_aug_noise.wav,noise,SPK006/proxima/New recording 4_aug_noise.wav
SPK006,proxima,New recording 4.wav,New recording 4_aug_gain.wav,gain,SPK006/proxima/New recording 4_aug_gain.wav
SPK006,proxima,New recording 4.wav,New recording 4_aug_comp.wav,composite,SPK006/proxima/New recording 4_aug_comp.wav
SPK006,proxima,New recording 40.wav,New recording 40_orig.wav,clean_original,SPK006/proxima/New recording 40_orig.wav
SPK006,proxima,New recording 40.wav,New recording 40_aug_shift.wav,time_shift,SPK006/proxima/New recording 40_aug_shift.wav
SPK006,proxima,New recording 40.wav,New recording 40_aug_noise.wav,noise,SPK006/proxima/New recording 40_aug_noise.wav
SPK006,proxima,New recording 40.wav,New recording 40_aug_gain.wav,gain,SPK006/proxima/New recording 40_aug_gain.wav
SPK006,proxima,New recording 40.wav,New recording 40_aug_comp.wav,composite,SPK006/proxima/New recording 40_aug_comp.wav
SPK006,proxima,New recording 5.wav,New recording 5_orig.wav,clean_original,SPK006/proxima/New recording 5_orig.wav
SPK006,proxima,New recording 5.wav,New recording 5_aug_shift.wav,time_shift,SPK006/proxima/New recording 5_aug_shift.wav
SPK006,proxima,New recording 5.wav,New recording 5_aug_noise.wav,noise,SPK006/proxima/New recording 5_aug_noise.wav
SPK006,proxima,New recording 5.wav,New recording 5_aug_gain.wav,gain,SPK006/proxima/New recording 5_aug_gain.wav
SPK006,proxima,New recording 5.wav,New recording 5_aug_comp.wav,composite,SPK006/proxima/New recording 5_aug_comp.wav
SPK006,proxima,New recording 6.wav,New recording 6_orig.wav,clean_original,SPK006/proxima/New recording 6_orig.wav
SPK006,proxima,New recording 6.wav,New recording 6_aug_shift.wav,time_shift,SPK006/proxima/New recording 6_aug_shift.wav
SPK006,proxima,New recording 6.wav,New recording 6_aug_noise.wav,noise,SPK006/proxima/New recording 6_aug_noise.wav
SPK006,proxima,New recording 6.wav,New recording 6_aug_gain.wav,gain,SPK006/proxima/New recording 6_aug_gain.wav
SPK006,proxima,New recording 6.wav,New recording 6_aug_comp.wav,composite,SPK006/proxima/New recording 6_aug_comp.wav
SPK006,proxima,New recording 7.wav,New recording 7_orig.wav,clean_original,SPK006/proxima/New recording 7_orig.wav
SPK006,proxima,New recording 7.wav,New recording 7_aug_shift.wav,time_shift,SPK006/proxima/New recording 7_aug_shift.wav
SPK006,proxima,New recording 7.wav,New recording 7_aug_noise.wav,noise,SPK006/proxima/New recording 7_aug_noise.wav
SPK006,proxima,New recording 7.wav,New recording 7_aug_gain.wav,gain,SPK006/proxima/New recording 7_aug_gain.wav
SPK006,proxima,New recording 7.wav,New recording 7_aug_comp.wav,composite,SPK006/proxima/New recording 7_aug_comp.wav
SPK006,proxima,New recording 8.wav,New recording 8_orig.wav,clean_original,SPK006/proxima/New recording 8_orig.wav
SPK006,proxima,New recording 8.wav,New recording 8_aug_shift.wav,time_shift,SPK006/proxima/New recording 8_aug_shift.wav
SPK006,proxima,New recording 8.wav,New recording 8_aug_noise.wav,noise,SPK006/proxima/New recording 8_aug_noise.wav
SPK006,proxima,New recording 8.wav,New recording 8_aug_gain.wav,gain,SPK006/proxima/New recording 8_aug_gain.wav
SPK006,proxima,New recording 8.wav,New recording 8_aug_comp.wav,composite,SPK006/proxima/New recording 8_aug_comp.wav
SPK006,proxima,New recording 9.wav,New recording 9_orig.wav,clean_original,SPK006/proxima/New recording 9_orig.wav
SPK006,proxima,New recording 9.wav,New recording 9_aug_shift.wav,time_shift,SPK006/proxima/New recording 9_aug_shift.wav
SPK006,proxima,New recording 9.wav,New recording 9_aug_noise.wav,noise,SPK006/proxima/New recording 9_aug_noise.wav
SPK006,proxima,New recording 9.wav,New recording 9_aug_gain.wav,gain,SPK006/proxima/New recording 9_aug_gain.wav
SPK006,proxima,New recording 9.wav,New recording 9_aug_comp.wav,composite,SPK006/proxima/New recording 9_aug_comp.wav
SPK006,unknown,New recording 1.wav,New recording 1_orig.wav,clean_original,SPK006/unknown/New recording 1_orig.wav
SPK006,unknown,New recording 1.wav,New recording 1_aug_shift.wav,time_shift,SPK006/unknown/New recording 1_aug_shift.wav
SPK006,unknown,New recording 1.wav,New recording 1_aug_noise.wav,noise,SPK006/unknown/New recording 1_aug_noise.wav
SPK006,unknown,New recording 1.wav,New recording 1_aug_gain.wav,gain,SPK006/unknown/New recording 1_aug_gain.wav
SPK006,unknown,New recording 1.wav,New recording 1_aug_comp.wav,composite,SPK006/unknown/New recording 1_aug_comp.wav
SPK006,unknown,New recording 10.wav,New recording 10_orig.wav,clean_original,SPK006/unknown/New recording 10_orig.wav
SPK006,unknown,New recording 10.wav,New recording 10_aug_shift.wav,time_shift,SPK006/unknown/New recording 10_aug_shift.wav
SPK006,unknown,New recording 10.wav,New recording 10_aug_noise.wav,noise,SPK006/unknown/New recording 10_aug_noise.wav
SPK006,unknown,New recording 10.wav,New recording 10_aug_gain.wav,gain,SPK006/unknown/New recording 10_aug_gain.wav
SPK006,unknown,New recording 10.wav,New recording 10_aug_comp.wav,composite,SPK006/unknown/New recording 10_aug_comp.wav
SPK006,unknown,New recording 11.wav,New recording 11_orig.wav,clean_original,SPK006/unknown/New recording 11_orig.wav
SPK006,unknown,New recording 11.wav,New recording 11_aug_shift.wav,time_shift,SPK006/unknown/New recording 11_aug_shift.wav
SPK006,unknown,New recording 11.wav,New recording 11_aug_noise.wav,noise,SPK006/unknown/New recording 11_aug_noise.wav
SPK006,unknown,New recording 11.wav,New recording 11_aug_gain.wav,gain,SPK006/unknown/New recording 11_aug_gain.wav
SPK006,unknown,New recording 11.wav,New recording 11_aug_comp.wav,composite,SPK006/unknown/New recording 11_aug_comp.wav
SPK006,unknown,New recording 12.wav,New recording 12_orig.wav,clean_original,SPK006/unknown/New recording 12_orig.wav
SPK006,unknown,New recording 12.wav,New recording 12_aug_shift.wav,time_shift,SPK006/unknown/New recording 12_aug_shift.wav
SPK006,unknown,New recording 12.wav,New recording 12_aug_noise.wav,noise,SPK006/unknown/New recording 12_aug_noise.wav
SPK006,unknown,New recording 12.wav,New recording 12_aug_gain.wav,gain,SPK006/unknown/New recording 12_aug_gain.wav
SPK006,unknown,New recording 12.wav,New recording 12_aug_comp.wav,composite,SPK006/unknown/New recording 12_aug_comp.wav
SPK006,unknown,New recording 13.wav,New recording 13_orig.wav,clean_original,SPK006/unknown/New recording 13_orig.wav
SPK006,unknown,New recording 13.wav,New recording 13_aug_shift.wav,time_shift,SPK006/unknown/New recording 13_aug_shift.wav
SPK006,unknown,New recording 13.wav,New recording 13_aug_noise.wav,noise,SPK006/unknown/New recording 13_aug_noise.wav
SPK006,unknown,New recording 13.wav,New recording 13_aug_gain.wav,gain,SPK006/unknown/New recording 13_aug_gain.wav
SPK006,unknown,New recording 13.wav,New recording 13_aug_comp.wav,composite,SPK006/unknown/New recording 13_aug_comp.wav
SPK006,unknown,New recording 14.wav,New recording 14_orig.wav,clean_original,SPK006/unknown/New recording 14_orig.wav
SPK006,unknown,New recording 14.wav,New recording 14_aug_shift.wav,time_shift,SPK006/unknown/New recording 14_aug_shift.wav
SPK006,unknown,New recording 14.wav,New recording 14_aug_noise.wav,noise,SPK006/unknown/New recording 14_aug_noise.wav
SPK006,unknown,New recording 14.wav,New recording 14_aug_gain.wav,gain,SPK006/unknown/New recording 14_aug_gain.wav
SPK006,unknown,New recording 14.wav,New recording 14_aug_comp.wav,composite,SPK006/unknown/New recording 14_aug_comp.wav
SPK006,unknown,New recording 15.wav,New recording 15_orig.wav,clean_original,SPK006/unknown/New recording 15_orig.wav
SPK006,unknown,New recording 15.wav,New recording 15_aug_shift.wav,time_shift,SPK006/unknown/New recording 15_aug_shift.wav
SPK006,unknown,New recording 15.wav,New recording 15_aug_noise.wav,noise,SPK006/unknown/New recording 15_aug_noise.wav
SPK006,unknown,New recording 15.wav,New recording 15_aug_gain.wav,gain,SPK006/unknown/New recording 15_aug_gain.wav
SPK006,unknown,New recording 15.wav,New recording 15_aug_comp.wav,composite,SPK006/unknown/New recording 15_aug_comp.wav
SPK006,unknown,New recording 16.wav,New recording 16_orig.wav,clean_original,SPK006/unknown/New recording 16_orig.wav
SPK006,unknown,New recording 16.wav,New recording 16_aug_shift.wav,time_shift,SPK006/unknown/New recording 16_aug_shift.wav
SPK006,unknown,New recording 16.wav,New recording 16_aug_noise.wav,noise,SPK006/unknown/New recording 16_aug_noise.wav
SPK006,unknown,New recording 16.wav,New recording 16_aug_gain.wav,gain,SPK006/unknown/New recording 16_aug_gain.wav
SPK006,unknown,New recording 16.wav,New recording 16_aug_comp.wav,composite,SPK006/unknown/New recording 16_aug_comp.wav
SPK006,unknown,New recording 17.wav,New recording 17_orig.wav,clean_original,SPK006/unknown/New recording 17_orig.wav
SPK006,unknown,New recording 17.wav,New recording 17_aug_shift.wav,time_shift,SPK006/unknown/New recording 17_aug_shift.wav
SPK006,unknown,New recording 17.wav,New recording 17_aug_noise.wav,noise,SPK006/unknown/New recording 17_aug_noise.wav
SPK006,unknown,New recording 17.wav,New recording 17_aug_gain.wav,gain,SPK006/unknown/New recording 17_aug_gain.wav
SPK006,unknown,New recording 17.wav,New recording 17_aug_comp.wav,composite,SPK006/unknown/New recording 17_aug_comp.wav
SPK006,unknown,New recording 18.wav,New recording 18_orig.wav,clean_original,SPK006/unknown/New recording 18_orig.wav
SPK006,unknown,New recording 18.wav,New recording 18_aug_shift.wav,time_shift,SPK006/unknown/New recording 18_aug_shift.wav
SPK006,unknown,New recording 18.wav,New recording 18_aug_noise.wav,noise,SPK006/unknown/New recording 18_aug_noise.wav
SPK006,unknown,New recording 18.wav,New recording 18_aug_gain.wav,gain,SPK006/unknown/New recording 18_aug_gain.wav
SPK006,unknown,New recording 18.wav,New recording 18_aug_comp.wav,composite,SPK006/unknown/New recording 18_aug_comp.wav
SPK006,unknown,New recording 19.wav,New recording 19_orig.wav,clean_original,SPK006/unknown/New recording 19_orig.wav
SPK006,unknown,New recording 19.wav,New recording 19_aug_shift.wav,time_shift,SPK006/unknown/New recording 19_aug_shift.wav
SPK006,unknown,New recording 19.wav,New recording 19_aug_noise.wav,noise,SPK006/unknown/New recording 19_aug_noise.wav
SPK006,unknown,New recording 19.wav,New recording 19_aug_gain.wav,gain,SPK006/unknown/New recording 19_aug_gain.wav
SPK006,unknown,New recording 19.wav,New recording 19_aug_comp.wav,composite,SPK006/unknown/New recording 19_aug_comp.wav
SPK006,unknown,New recording 2.wav,New recording 2_orig.wav,clean_original,SPK006/unknown/New recording 2_orig.wav
SPK006,unknown,New recording 2.wav,New recording 2_aug_shift.wav,time_shift,SPK006/unknown/New recording 2_aug_shift.wav
SPK006,unknown,New recording 2.wav,New recording 2_aug_noise.wav,noise,SPK006/unknown/New recording 2_aug_noise.wav
SPK006,unknown,New recording 2.wav,New recording 2_aug_gain.wav,gain,SPK006/unknown/New recording 2_aug_gain.wav
SPK006,unknown,New recording 2.wav,New recording 2_aug_comp.wav,composite,SPK006/unknown/New recording 2_aug_comp.wav
SPK006,unknown,New recording 20.wav,New recording 20_orig.wav,clean_original,SPK006/unknown/New recording 20_orig.wav
SPK006,unknown,New recording 20.wav,New recording 20_aug_shift.wav,time_shift,SPK006/unknown/New recording 20_aug_shift.wav
SPK006,unknown,New recording 20.wav,New recording 20_aug_noise.wav,noise,SPK006/unknown/New recording 20_aug_noise.wav
SPK006,unknown,New recording 20.wav,New recording 20_aug_gain.wav,gain,SPK006/unknown/New recording 20_aug_gain.wav
SPK006,unknown,New recording 20.wav,New recording 20_aug_comp.wav,composite,SPK006/unknown/New recording 20_aug_comp.wav
SPK006,unknown,New recording 21.wav,New recording 21_orig.wav,clean_original,SPK006/unknown/New recording 21_orig.wav
SPK006,unknown,New recording 21.wav,New recording 21_aug_shift.wav,time_shift,SPK006/unknown/New recording 21_aug_shift.wav
SPK006,unknown,New recording 21.wav,New recording 21_aug_noise.wav,noise,SPK006/unknown/New recording 21_aug_noise.wav
SPK006,unknown,New recording 21.wav,New recording 21_aug_gain.wav,gain,SPK006/unknown/New recording 21_aug_gain.wav
SPK006,unknown,New recording 21.wav,New recording 21_aug_comp.wav,composite,SPK006/unknown/New recording 21_aug_comp.wav
SPK006,unknown,New recording 22.wav,New recording 22_orig.wav,clean_original,SPK006/unknown/New recording 22_orig.wav
SPK006,unknown,New recording 22.wav,New recording 22_aug_shift.wav,time_shift,SPK006/unknown/New recording 22_aug_shift.wav
SPK006,unknown,New recording 22.wav,New recording 22_aug_noise.wav,noise,SPK006/unknown/New recording 22_aug_noise.wav
SPK006,unknown,New recording 22.wav,New recording 22_aug_gain.wav,gain,SPK006/unknown/New recording 22_aug_gain.wav
SPK006,unknown,New recording 22.wav,New recording 22_aug_comp.wav,composite,SPK006/unknown/New recording 22_aug_comp.wav
SPK006,unknown,New recording 23.wav,New recording 23_orig.wav,clean_original,SPK006/unknown/New recording 23_orig.wav
SPK006,unknown,New recording 23.wav,New recording 23_aug_shift.wav,time_shift,SPK006/unknown/New recording 23_aug_shift.wav
SPK006,unknown,New recording 23.wav,New recording 23_aug_noise.wav,noise,SPK006/unknown/New recording 23_aug_noise.wav
SPK006,unknown,New recording 23.wav,New recording 23_aug_gain.wav,gain,SPK006/unknown/New recording 23_aug_gain.wav
SPK006,unknown,New recording 23.wav,New recording 23_aug_comp.wav,composite,SPK006/unknown/New recording 23_aug_comp.wav
SPK006,unknown,New recording 24.wav,New recording 24_orig.wav,clean_original,SPK006/unknown/New recording 24_orig.wav
SPK006,unknown,New recording 24.wav,New recording 24_aug_shift.wav,time_shift,SPK006/unknown/New recording 24_aug_shift.wav
SPK006,unknown,New recording 24.wav,New recording 24_aug_noise.wav,noise,SPK006/unknown/New recording 24_aug_noise.wav
SPK006,unknown,New recording 24.wav,New recording 24_aug_gain.wav,gain,SPK006/unknown/New recording 24_aug_gain.wav
SPK006,unknown,New recording 24.wav,New recording 24_aug_comp.wav,composite,SPK006/unknown/New recording 24_aug_comp.wav
SPK006,unknown,New recording 25.wav,New recording 25_orig.wav,clean_original,SPK006/unknown/New recording 25_orig.wav
SPK006,unknown,New recording 25.wav,New recording 25_aug_shift.wav,time_shift,SPK006/unknown/New recording 25_aug_shift.wav
SPK006,unknown,New recording 25.wav,New recording 25_aug_noise.wav,noise,SPK006/unknown/New recording 25_aug_noise.wav
SPK006,unknown,New recording 25.wav,New recording 25_aug_gain.wav,gain,SPK006/unknown/New recording 25_aug_gain.wav
SPK006,unknown,New recording 25.wav,New recording 25_aug_comp.wav,composite,SPK006/unknown/New recording 25_aug_comp.wav
SPK006,unknown,New recording 26.wav,New recording 26_orig.wav,clean_original,SPK006/unknown/New recording 26_orig.wav
SPK006,unknown,New recording 26.wav,New recording 26_aug_shift.wav,time_shift,SPK006/unknown/New recording 26_aug_shift.wav
SPK006,unknown,New recording 26.wav,New recording 26_aug_noise.wav,noise,SPK006/unknown/New recording 26_aug_noise.wav
SPK006,unknown,New recording 26.wav,New recording 26_aug_gain.wav,gain,SPK006/unknown/New recording 26_aug_gain.wav
SPK006,unknown,New recording 26.wav,New recording 26_aug_comp.wav,composite,SPK006/unknown/New recording 26_aug_comp.wav
SPK006,unknown,New recording 27.wav,New recording 27_orig.wav,clean_original,SPK006/unknown/New recording 27_orig.wav
SPK006,unknown,New recording 27.wav,New recording 27_aug_shift.wav,time_shift,SPK006/unknown/New recording 27_aug_shift.wav
SPK006,unknown,New recording 27.wav,New recording 27_aug_noise.wav,noise,SPK006/unknown/New recording 27_aug_noise.wav
SPK006,unknown,New recording 27.wav,New recording 27_aug_gain.wav,gain,SPK006/unknown/New recording 27_aug_gain.wav
SPK006,unknown,New recording 27.wav,New recording 27_aug_comp.wav,composite,SPK006/unknown/New recording 27_aug_comp.wav
SPK006,unknown,New recording 28.wav,New recording 28_orig.wav,clean_original,SPK006/unknown/New recording 28_orig.wav
SPK006,unknown,New recording 28.wav,New recording 28_aug_shift.wav,time_shift,SPK006/unknown/New recording 28_aug_shift.wav
SPK006,unknown,New recording 28.wav,New recording 28_aug_noise.wav,noise,SPK006/unknown/New recording 28_aug_noise.wav
SPK006,unknown,New recording 28.wav,New recording 28_aug_gain.wav,gain,SPK006/unknown/New recording 28_aug_gain.wav
SPK006,unknown,New recording 28.wav,New recording 28_aug_comp.wav,composite,SPK006/unknown/New recording 28_aug_comp.wav
SPK006,unknown,New recording 29.wav,New recording 29_orig.wav,clean_original,SPK006/unknown/New recording 29_orig.wav
SPK006,unknown,New recording 29.wav,New recording 29_aug_shift.wav,time_shift,SPK006/unknown/New recording 29_aug_shift.wav
SPK006,unknown,New recording 29.wav,New recording 29_aug_noise.wav,noise,SPK006/unknown/New recording 29_aug_noise.wav
SPK006,unknown,New recording 29.wav,New recording 29_aug_gain.wav,gain,SPK006/unknown/New recording 29_aug_gain.wav
SPK006,unknown,New recording 29.wav,New recording 29_aug_comp.wav,composite,SPK006/unknown/New recording 29_aug_comp.wav
SPK006,unknown,New recording 3.wav,New recording 3_orig.wav,clean_original,SPK006/unknown/New recording 3_orig.wav
SPK006,unknown,New recording 3.wav,New recording 3_aug_shift.wav,time_shift,SPK006/unknown/New recording 3_aug_shift.wav
SPK006,unknown,New recording 3.wav,New recording 3_aug_noise.wav,noise,SPK006/unknown/New recording 3_aug_noise.wav
SPK006,unknown,New recording 3.wav,New recording 3_aug_gain.wav,gain,SPK006/unknown/New recording 3_aug_gain.wav
SPK006,unknown,New recording 3.wav,New recording 3_aug_comp.wav,composite,SPK006/unknown/New recording 3_aug_comp.wav
SPK006,unknown,New recording 30.wav,New recording 30_orig.wav,clean_original,SPK006/unknown/New recording 30_orig.wav
SPK006,unknown,New recording 30.wav,New recording 30_aug_shift.wav,time_shift,SPK006/unknown/New recording 30_aug_shift.wav
SPK006,unknown,New recording 30.wav,New recording 30_aug_noise.wav,noise,SPK006/unknown/New recording 30_aug_noise.wav
SPK006,unknown,New recording 30.wav,New recording 30_aug_gain.wav,gain,SPK006/unknown/New recording 30_aug_gain.wav
SPK006,unknown,New recording 30.wav,New recording 30_aug_comp.wav,composite,SPK006/unknown/New recording 30_aug_comp.wav
SPK006,unknown,New recording 31.wav,New recording 31_orig.wav,clean_original,SPK006/unknown/New recording 31_orig.wav
SPK006,unknown,New recording 31.wav,New recording 31_aug_shift.wav,time_shift,SPK006/unknown/New recording 31_aug_shift.wav
SPK006,unknown,New recording 31.wav,New recording 31_aug_noise.wav,noise,SPK006/unknown/New recording 31_aug_noise.wav
SPK006,unknown,New recording 31.wav,New recording 31_aug_gain.wav,gain,SPK006/unknown/New recording 31_aug_gain.wav
SPK006,unknown,New recording 31.wav,New recording 31_aug_comp.wav,composite,SPK006/unknown/New recording 31_aug_comp.wav
SPK006,unknown,New recording 32.wav,New recording 32_orig.wav,clean_original,SPK006/unknown/New recording 32_orig.wav
SPK006,unknown,New recording 32.wav,New recording 32_aug_shift.wav,time_shift,SPK006/unknown/New recording 32_aug_shift.wav
SPK006,unknown,New recording 32.wav,New recording 32_aug_noise.wav,noise,SPK006/unknown/New recording 32_aug_noise.wav
SPK006,unknown,New recording 32.wav,New recording 32_aug_gain.wav,gain,SPK006/unknown/New recording 32_aug_gain.wav
SPK006,unknown,New recording 32.wav,New recording 32_aug_comp.wav,composite,SPK006/unknown/New recording 32_aug_comp.wav
SPK006,unknown,New recording 33.wav,New recording 33_orig.wav,clean_original,SPK006/unknown/New recording 33_orig.wav
SPK006,unknown,New recording 33.wav,New recording 33_aug_shift.wav,time_shift,SPK006/unknown/New recording 33_aug_shift.wav
SPK006,unknown,New recording 33.wav,New recording 33_aug_noise.wav,noise,SPK006/unknown/New recording 33_aug_noise.wav
SPK006,unknown,New recording 33.wav,New recording 33_aug_gain.wav,gain,SPK006/unknown/New recording 33_aug_gain.wav
SPK006,unknown,New recording 33.wav,New recording 33_aug_comp.wav,composite,SPK006/unknown/New recording 33_aug_comp.wav
SPK006,unknown,New recording 34.wav,New recording 34_orig.wav,clean_original,SPK006/unknown/New recording 34_orig.wav
SPK006,unknown,New recording 34.wav,New recording 34_aug_shift.wav,time_shift,SPK006/unknown/New recording 34_aug_shift.wav
SPK006,unknown,New recording 34.wav,New recording 34_aug_noise.wav,noise,SPK006/unknown/New recording 34_aug_noise.wav
SPK006,unknown,New recording 34.wav,New recording 34_aug_gain.wav,gain,SPK006/unknown/New recording 34_aug_gain.wav
SPK006,unknown,New recording 34.wav,New recording 34_aug_comp.wav,composite,SPK006/unknown/New recording 34_aug_comp.wav
SPK006,unknown,New recording 35.wav,New recording 35_orig.wav,clean_original,SPK006/unknown/New recording 35_orig.wav
SPK006,unknown,New recording 35.wav,New recording 35_aug_shift.wav,time_shift,SPK006/unknown/New recording 35_aug_shift.wav
SPK006,unknown,New recording 35.wav,New recording 35_aug_noise.wav,noise,SPK006/unknown/New recording 35_aug_noise.wav
SPK006,unknown,New recording 35.wav,New recording 35_aug_gain.wav,gain,SPK006/unknown/New recording 35_aug_gain.wav
SPK006,unknown,New recording 35.wav,New recording 35_aug_comp.wav,composite,SPK006/unknown/New recording 35_aug_comp.wav
SPK006,unknown,New recording 36.wav,New recording 36_orig.wav,clean_original,SPK006/unknown/New recording 36_orig.wav
SPK006,unknown,New recording 36.wav,New recording 36_aug_shift.wav,time_shift,SPK006/unknown/New recording 36_aug_shift.wav
SPK006,unknown,New recording 36.wav,New recording 36_aug_noise.wav,noise,SPK006/unknown/New recording 36_aug_noise.wav
SPK006,unknown,New recording 36.wav,New recording 36_aug_gain.wav,gain,SPK006/unknown/New recording 36_aug_gain.wav
SPK006,unknown,New recording 36.wav,New recording 36_aug_comp.wav,composite,SPK006/unknown/New recording 36_aug_comp.wav
SPK006,unknown,New recording 37.wav,New recording 37_orig.wav,clean_original,SPK006/unknown/New recording 37_orig.wav
SPK006,unknown,New recording 37.wav,New recording 37_aug_shift.wav,time_shift,SPK006/unknown/New recording 37_aug_shift.wav
SPK006,unknown,New recording 37.wav,New recording 37_aug_noise.wav,noise,SPK006/unknown/New recording 37_aug_noise.wav
SPK006,unknown,New recording 37.wav,New recording 37_aug_gain.wav,gain,SPK006/unknown/New recording 37_aug_gain.wav
SPK006,unknown,New recording 37.wav,New recording 37_aug_comp.wav,composite,SPK006/unknown/New recording 37_aug_comp.wav
SPK006,unknown,New recording 38.wav,New recording 38_orig.wav,clean_original,SPK006/unknown/New recording 38_orig.wav
SPK006,unknown,New recording 38.wav,New recording 38_aug_shift.wav,time_shift,SPK006/unknown/New recording 38_aug_shift.wav
SPK006,unknown,New recording 38.wav,New recording 38_aug_noise.wav,noise,SPK006/unknown/New recording 38_aug_noise.wav
SPK006,unknown,New recording 38.wav,New recording 38_aug_gain.wav,gain,SPK006/unknown/New recording 38_aug_gain.wav
SPK006,unknown,New recording 38.wav,New recording 38_aug_comp.wav,composite,SPK006/unknown/New recording 38_aug_comp.wav
SPK006,unknown,New recording 39.wav,New recording 39_orig.wav,clean_original,SPK006/unknown/New recording 39_orig.wav
SPK006,unknown,New recording 39.wav,New recording 39_aug_shift.wav,time_shift,SPK006/unknown/New recording 39_aug_shift.wav
SPK006,unknown,New recording 39.wav,New recording 39_aug_noise.wav,noise,SPK006/unknown/New recording 39_aug_noise.wav
SPK006,unknown,New recording 39.wav,New recording 39_aug_gain.wav,gain,SPK006/unknown/New recording 39_aug_gain.wav
SPK006,unknown,New recording 39.wav,New recording 39_aug_comp.wav,composite,SPK006/unknown/New recording 39_aug_comp.wav
SPK006,unknown,New recording 4.wav,New recording 4_orig.wav,clean_original,SPK006/unknown/New recording 4_orig.wav
SPK006,unknown,New recording 4.wav,New recording 4_aug_shift.wav,time_shift,SPK006/unknown/New recording 4_aug_shift.wav
SPK006,unknown,New recording 4.wav,New recording 4_aug_noise.wav,noise,SPK006/unknown/New recording 4_aug_noise.wav
SPK006,unknown,New recording 4.wav,New recording 4_aug_gain.wav,gain,SPK006/unknown/New recording 4_aug_gain.wav
SPK006,unknown,New recording 4.wav,New recording 4_aug_comp.wav,composite,SPK006/unknown/New recording 4_aug_comp.wav
SPK006,unknown,New recording 40.wav,New recording 40_orig.wav,clean_original,SPK006/unknown/New recording 40_orig.wav
SPK006,unknown,New recording 40.wav,New recording 40_aug_shift.wav,time_shift,SPK006/unknown/New recording 40_aug_shift.wav
SPK006,unknown,New recording 40.wav,New recording 40_aug_noise.wav,noise,SPK006/unknown/New recording 40_aug_noise.wav
SPK006,unknown,New recording 40.wav,New recording 40_aug_gain.wav,gain,SPK006/unknown/New recording 40_aug_gain.wav
SPK006,unknown,New recording 40.wav,New recording 40_aug_comp.wav,composite,SPK006/unknown/New recording 40_aug_comp.wav
SPK006,unknown,New recording 41.wav,New recording 41_orig.wav,clean_original,SPK006/unknown/New recording 41_orig.wav
SPK006,unknown,New recording 41.wav,New recording 41_aug_shift.wav,time_shift,SPK006/unknown/New recording 41_aug_shift.wav
SPK006,unknown,New recording 41.wav,New recording 41_aug_noise.wav,noise,SPK006/unknown/New recording 41_aug_noise.wav
SPK006,unknown,New recording 41.wav,New recording 41_aug_gain.wav,gain,SPK006/unknown/New recording 41_aug_gain.wav
SPK006,unknown,New recording 41.wav,New recording 41_aug_comp.wav,composite,SPK006/unknown/New recording 41_aug_comp.wav
SPK006,unknown,New recording 42.wav,New recording 42_orig.wav,clean_original,SPK006/unknown/New recording 42_orig.wav
SPK006,unknown,New recording 42.wav,New recording 42_aug_shift.wav,time_shift,SPK006/unknown/New recording 42_aug_shift.wav
SPK006,unknown,New recording 42.wav,New recording 42_aug_noise.wav,noise,SPK006/unknown/New recording 42_aug_noise.wav
SPK006,unknown,New recording 42.wav,New recording 42_aug_gain.wav,gain,SPK006/unknown/New recording 42_aug_gain.wav
SPK006,unknown,New recording 42.wav,New recording 42_aug_comp.wav,composite,SPK006/unknown/New recording 42_aug_comp.wav
SPK006,unknown,New recording 43.wav,New recording 43_orig.wav,clean_original,SPK006/unknown/New recording 43_orig.wav
SPK006,unknown,New recording 43.wav,New recording 43_aug_shift.wav,time_shift,SPK006/unknown/New recording 43_aug_shift.wav
SPK006,unknown,New recording 43.wav,New recording 43_aug_noise.wav,noise,SPK006/unknown/New recording 43_aug_noise.wav
SPK006,unknown,New recording 43.wav,New recording 43_aug_gain.wav,gain,SPK006/unknown/New recording 43_aug_gain.wav
SPK006,unknown,New recording 43.wav,New recording 43_aug_comp.wav,composite,SPK006/unknown/New recording 43_aug_comp.wav
SPK006,unknown,New recording 44.wav,New recording 44_orig.wav,clean_original,SPK006/unknown/New recording 44_orig.wav
SPK006,unknown,New recording 44.wav,New recording 44_aug_shift.wav,time_shift,SPK006/unknown/New recording 44_aug_shift.wav
SPK006,unknown,New recording 44.wav,New recording 44_aug_noise.wav,noise,SPK006/unknown/New recording 44_aug_noise.wav
SPK006,unknown,New recording 44.wav,New recording 44_aug_gain.wav,gain,SPK006/unknown/New recording 44_aug_gain.wav
SPK006,unknown,New recording 44.wav,New recording 44_aug_comp.wav,composite,SPK006/unknown/New recording 44_aug_comp.wav
SPK006,unknown,New recording 45.wav,New recording 45_orig.wav,clean_original,SPK006/unknown/New recording 45_orig.wav
SPK006,unknown,New recording 45.wav,New recording 45_aug_shift.wav,time_shift,SPK006/unknown/New recording 45_aug_shift.wav
SPK006,unknown,New recording 45.wav,New recording 45_aug_noise.wav,noise,SPK006/unknown/New recording 45_aug_noise.wav
SPK006,unknown,New recording 45.wav,New recording 45_aug_gain.wav,gain,SPK006/unknown/New recording 45_aug_gain.wav
SPK006,unknown,New recording 45.wav,New recording 45_aug_comp.wav,composite,SPK006/unknown/New recording 45_aug_comp.wav
SPK006,unknown,New recording 46.wav,New recording 46_orig.wav,clean_original,SPK006/unknown/New recording 46_orig.wav
SPK006,unknown,New recording 46.wav,New recording 46_aug_shift.wav,time_shift,SPK006/unknown/New recording 46_aug_shift.wav
SPK006,unknown,New recording 46.wav,New recording 46_aug_noise.wav,noise,SPK006/unknown/New recording 46_aug_noise.wav
SPK006,unknown,New recording 46.wav,New recording 46_aug_gain.wav,gain,SPK006/unknown/New recording 46_aug_gain.wav
SPK006,unknown,New recording 46.wav,New recording 46_aug_comp.wav,composite,SPK006/unknown/New recording 46_aug_comp.wav
SPK006,unknown,New recording 47.wav,New recording 47_orig.wav,clean_original,SPK006/unknown/New recording 47_orig.wav
SPK006,unknown,New recording 47.wav,New recording 47_aug_shift.wav,time_shift,SPK006/unknown/New recording 47_aug_shift.wav
SPK006,unknown,New recording 47.wav,New recording 47_aug_noise.wav,noise,SPK006/unknown/New recording 47_aug_noise.wav
SPK006,unknown,New recording 47.wav,New recording 47_aug_gain.wav,gain,SPK006/unknown/New recording 47_aug_gain.wav
SPK006,unknown,New recording 47.wav,New recording 47_aug_comp.wav,composite,SPK006/unknown/New recording 47_aug_comp.wav
SPK006,unknown,New recording 48.wav,New recording 48_orig.wav,clean_original,SPK006/unknown/New recording 48_orig.wav
SPK006,unknown,New recording 48.wav,New recording 48_aug_shift.wav,time_shift,SPK006/unknown/New recording 48_aug_shift.wav
SPK006,unknown,New recording 48.wav,New recording 48_aug_noise.wav,noise,SPK006/unknown/New recording 48_aug_noise.wav
SPK006,unknown,New recording 48.wav,New recording 48_aug_gain.wav,gain,SPK006/unknown/New recording 48_aug_gain.wav
SPK006,unknown,New recording 48.wav,New recording 48_aug_comp.wav,composite,SPK006/unknown/New recording 48_aug_comp.wav
SPK006,unknown,New recording 49.wav,New recording 49_orig.wav,clean_original,SPK006/unknown/New recording 49_orig.wav
SPK006,unknown,New recording 49.wav,New recording 49_aug_shift.wav,time_shift,SPK006/unknown/New recording 49_aug_shift.wav
SPK006,unknown,New recording 49.wav,New recording 49_aug_noise.wav,noise,SPK006/unknown/New recording 49_aug_noise.wav
SPK006,unknown,New recording 49.wav,New recording 49_aug_gain.wav,gain,SPK006/unknown/New recording 49_aug_gain.wav
SPK006,unknown,New recording 49.wav,New recording 49_aug_comp.wav,composite,SPK006/unknown/New recording 49_aug_comp.wav
SPK006,unknown,New recording 5.wav,New recording 5_orig.wav,clean_original,SPK006/unknown/New recording 5_orig.wav
SPK006,unknown,New recording 5.wav,New recording 5_aug_shift.wav,time_shift,SPK006/unknown/New recording 5_aug_shift.wav
SPK006,unknown,New recording 5.wav,New recording 5_aug_noise.wav,noise,SPK006/unknown/New recording 5_aug_noise.wav
SPK006,unknown,New recording 5.wav,New recording 5_aug_gain.wav,gain,SPK006/unknown/New recording 5_aug_gain.wav
SPK006,unknown,New recording 5.wav,New recording 5_aug_comp.wav,composite,SPK006/unknown/New recording 5_aug_comp.wav
SPK006,unknown,New recording 50.wav,New recording 50_orig.wav,clean_original,SPK006/unknown/New recording 50_orig.wav
SPK006,unknown,New recording 50.wav,New recording 50_aug_shift.wav,time_shift,SPK006/unknown/New recording 50_aug_shift.wav
SPK006,unknown,New recording 50.wav,New recording 50_aug_noise.wav,noise,SPK006/unknown/New recording 50_aug_noise.wav
SPK006,unknown,New recording 50.wav,New recording 50_aug_gain.wav,gain,SPK006/unknown/New recording 50_aug_gain.wav
SPK006,unknown,New recording 50.wav,New recording 50_aug_comp.wav,composite,SPK006/unknown/New recording 50_aug_comp.wav
SPK006,unknown,New recording 51.wav,New recording 51_orig.wav,clean_original,SPK006/unknown/New recording 51_orig.wav
SPK006,unknown,New recording 51.wav,New recording 51_aug_shift.wav,time_shift,SPK006/unknown/New recording 51_aug_shift.wav
SPK006,unknown,New recording 51.wav,New recording 51_aug_noise.wav,noise,SPK006/unknown/New recording 51_aug_noise.wav
SPK006,unknown,New recording 51.wav,New recording 51_aug_gain.wav,gain,SPK006/unknown/New recording 51_aug_gain.wav
SPK006,unknown,New recording 51.wav,New recording 51_aug_comp.wav,composite,SPK006/unknown/New recording 51_aug_comp.wav
SPK006,unknown,New recording 52.wav,New recording 52_orig.wav,clean_original,SPK006/unknown/New recording 52_orig.wav
SPK006,unknown,New recording 52.wav,New recording 52_aug_shift.wav,time_shift,SPK006/unknown/New recording 52_aug_shift.wav
SPK006,unknown,New recording 52.wav,New recording 52_aug_noise.wav,noise,SPK006/unknown/New recording 52_aug_noise.wav
SPK006,unknown,New recording 52.wav,New recording 52_aug_gain.wav,gain,SPK006/unknown/New recording 52_aug_gain.wav
SPK006,unknown,New recording 52.wav,New recording 52_aug_comp.wav,composite,SPK006/unknown/New recording 52_aug_comp.wav
SPK006,unknown,New recording 53.wav,New recording 53_orig.wav,clean_original,SPK006/unknown/New recording 53_orig.wav
SPK006,unknown,New recording 53.wav,New recording 53_aug_shift.wav,time_shift,SPK006/unknown/New recording 53_aug_shift.wav
SPK006,unknown,New recording 53.wav,New recording 53_aug_noise.wav,noise,SPK006/unknown/New recording 53_aug_noise.wav
SPK006,unknown,New recording 53.wav,New recording 53_aug_gain.wav,gain,SPK006/unknown/New recording 53_aug_gain.wav
SPK006,unknown,New recording 53.wav,New recording 53_aug_comp.wav,composite,SPK006/unknown/New recording 53_aug_comp.wav
SPK006,unknown,New recording 54.wav,New recording 54_orig.wav,clean_original,SPK006/unknown/New recording 54_orig.wav
SPK006,unknown,New recording 54.wav,New recording 54_aug_shift.wav,time_shift,SPK006/unknown/New recording 54_aug_shift.wav
SPK006,unknown,New recording 54.wav,New recording 54_aug_noise.wav,noise,SPK006/unknown/New recording 54_aug_noise.wav
SPK006,unknown,New recording 54.wav,New recording 54_aug_gain.wav,gain,SPK006/unknown/New recording 54_aug_gain.wav
SPK006,unknown,New recording 54.wav,New recording 54_aug_comp.wav,composite,SPK006/unknown/New recording 54_aug_comp.wav
SPK006,unknown,New recording 55.wav,New recording 55_orig.wav,clean_original,SPK006/unknown/New recording 55_orig.wav
SPK006,unknown,New recording 55.wav,New recording 55_aug_shift.wav,time_shift,SPK006/unknown/New recording 55_aug_shift.wav
SPK006,unknown,New recording 55.wav,New recording 55_aug_noise.wav,noise,SPK006/unknown/New recording 55_aug_noise.wav
SPK006,unknown,New recording 55.wav,New recording 55_aug_gain.wav,gain,SPK006/unknown/New recording 55_aug_gain.wav
SPK006,unknown,New recording 55.wav,New recording 55_aug_comp.wav,composite,SPK006/unknown/New recording 55_aug_comp.wav
SPK006,unknown,New recording 56.wav,New recording 56_orig.wav,clean_original,SPK006/unknown/New recording 56_orig.wav
SPK006,unknown,New recording 56.wav,New recording 56_aug_shift.wav,time_shift,SPK006/unknown/New recording 56_aug_shift.wav
SPK006,unknown,New recording 56.wav,New recording 56_aug_noise.wav,noise,SPK006/unknown/New recording 56_aug_noise.wav
SPK006,unknown,New recording 56.wav,New recording 56_aug_gain.wav,gain,SPK006/unknown/New recording 56_aug_gain.wav
SPK006,unknown,New recording 56.wav,New recording 56_aug_comp.wav,composite,SPK006/unknown/New recording 56_aug_comp.wav
SPK006,unknown,New recording 57.wav,New recording 57_orig.wav,clean_original,SPK006/unknown/New recording 57_orig.wav
SPK006,unknown,New recording 57.wav,New recording 57_aug_shift.wav,time_shift,SPK006/unknown/New recording 57_aug_shift.wav
SPK006,unknown,New recording 57.wav,New recording 57_aug_noise.wav,noise,SPK006/unknown/New recording 57_aug_noise.wav
SPK006,unknown,New recording 57.wav,New recording 57_aug_gain.wav,gain,SPK006/unknown/New recording 57_aug_gain.wav
SPK006,unknown,New recording 57.wav,New recording 57_aug_comp.wav,composite,SPK006/unknown/New recording 57_aug_comp.wav
SPK006,unknown,New recording 58.wav,New recording 58_orig.wav,clean_original,SPK006/unknown/New recording 58_orig.wav
SPK006,unknown,New recording 58.wav,New recording 58_aug_shift.wav,time_shift,SPK006/unknown/New recording 58_aug_shift.wav
SPK006,unknown,New recording 58.wav,New recording 58_aug_noise.wav,noise,SPK006/unknown/New recording 58_aug_noise.wav
SPK006,unknown,New recording 58.wav,New recording 58_aug_gain.wav,gain,SPK006/unknown/New recording 58_aug_gain.wav
SPK006,unknown,New recording 58.wav,New recording 58_aug_comp.wav,composite,SPK006/unknown/New recording 58_aug_comp.wav
SPK006,unknown,New recording 59.wav,New recording 59_orig.wav,clean_original,SPK006/unknown/New recording 59_orig.wav
SPK006,unknown,New recording 59.wav,New recording 59_aug_shift.wav,time_shift,SPK006/unknown/New recording 59_aug_shift.wav
SPK006,unknown,New recording 59.wav,New recording 59_aug_noise.wav,noise,SPK006/unknown/New recording 59_aug_noise.wav
SPK006,unknown,New recording 59.wav,New recording 59_aug_gain.wav,gain,SPK006/unknown/New recording 59_aug_gain.wav
SPK006,unknown,New recording 59.wav,New recording 59_aug_comp.wav,composite,SPK006/unknown/New recording 59_aug_comp.wav
SPK006,unknown,New recording 6.wav,New recording 6_orig.wav,clean_original,SPK006/unknown/New recording 6_orig.wav
SPK006,unknown,New recording 6.wav,New recording 6_aug_shift.wav,time_shift,SPK006/unknown/New recording 6_aug_shift.wav
SPK006,unknown,New recording 6.wav,New recording 6_aug_noise.wav,noise,SPK006/unknown/New recording 6_aug_noise.wav
SPK006,unknown,New recording 6.wav,New recording 6_aug_gain.wav,gain,SPK006/unknown/New recording 6_aug_gain.wav
SPK006,unknown,New recording 6.wav,New recording 6_aug_comp.wav,composite,SPK006/unknown/New recording 6_aug_comp.wav
SPK006,unknown,New recording 60.wav,New recording 60_orig.wav,clean_original,SPK006/unknown/New recording 60_orig.wav
SPK006,unknown,New recording 60.wav,New recording 60_aug_shift.wav,time_shift,SPK006/unknown/New recording 60_aug_shift.wav
SPK006,unknown,New recording 60.wav,New recording 60_aug_noise.wav,noise,SPK006/unknown/New recording 60_aug_noise.wav
SPK006,unknown,New recording 60.wav,New recording 60_aug_gain.wav,gain,SPK006/unknown/New recording 60_aug_gain.wav
SPK006,unknown,New recording 60.wav,New recording 60_aug_comp.wav,composite,SPK006/unknown/New recording 60_aug_comp.wav
SPK006,unknown,New recording 61.wav,New recording 61_orig.wav,clean_original,SPK006/unknown/New recording 61_orig.wav
SPK006,unknown,New recording 61.wav,New recording 61_aug_shift.wav,time_shift,SPK006/unknown/New recording 61_aug_shift.wav
SPK006,unknown,New recording 61.wav,New recording 61_aug_noise.wav,noise,SPK006/unknown/New recording 61_aug_noise.wav
SPK006,unknown,New recording 61.wav,New recording 61_aug_gain.wav,gain,SPK006/unknown/New recording 61_aug_gain.wav
SPK006,unknown,New recording 61.wav,New recording 61_aug_comp.wav,composite,SPK006/unknown/New recording 61_aug_comp.wav
SPK006,unknown,New recording 62.wav,New recording 62_orig.wav,clean_original,SPK006/unknown/New recording 62_orig.wav
SPK006,unknown,New recording 62.wav,New recording 62_aug_shift.wav,time_shift,SPK006/unknown/New recording 62_aug_shift.wav
SPK006,unknown,New recording 62.wav,New recording 62_aug_noise.wav,noise,SPK006/unknown/New recording 62_aug_noise.wav
SPK006,unknown,New recording 62.wav,New recording 62_aug_gain.wav,gain,SPK006/unknown/New recording 62_aug_gain.wav
SPK006,unknown,New recording 62.wav,New recording 62_aug_comp.wav,composite,SPK006/unknown/New recording 62_aug_comp.wav
SPK006,unknown,New recording 63.wav,New recording 63_orig.wav,clean_original,SPK006/unknown/New recording 63_orig.wav
SPK006,unknown,New recording 63.wav,New recording 63_aug_shift.wav,time_shift,SPK006/unknown/New recording 63_aug_shift.wav
SPK006,unknown,New recording 63.wav,New recording 63_aug_noise.wav,noise,SPK006/unknown/New recording 63_aug_noise.wav
SPK006,unknown,New recording 63.wav,New recording 63_aug_gain.wav,gain,SPK006/unknown/New recording 63_aug_gain.wav
SPK006,unknown,New recording 63.wav,New recording 63_aug_comp.wav,composite,SPK006/unknown/New recording 63_aug_comp.wav
SPK006,unknown,New recording 64.wav,New recording 64_orig.wav,clean_original,SPK006/unknown/New recording 64_orig.wav
SPK006,unknown,New recording 64.wav,New recording 64_aug_shift.wav,time_shift,SPK006/unknown/New recording 64_aug_shift.wav
SPK006,unknown,New recording 64.wav,New recording 64_aug_noise.wav,noise,SPK006/unknown/New recording 64_aug_noise.wav
SPK006,unknown,New recording 64.wav,New recording 64_aug_gain.wav,gain,SPK006/unknown/New recording 64_aug_gain.wav
SPK006,unknown,New recording 64.wav,New recording 64_aug_comp.wav,composite,SPK006/unknown/New recording 64_aug_comp.wav
SPK006,unknown,New recording 65.wav,New recording 65_orig.wav,clean_original,SPK006/unknown/New recording 65_orig.wav
SPK006,unknown,New recording 65.wav,New recording 65_aug_shift.wav,time_shift,SPK006/unknown/New recording 65_aug_shift.wav
SPK006,unknown,New recording 65.wav,New recording 65_aug_noise.wav,noise,SPK006/unknown/New recording 65_aug_noise.wav
SPK006,unknown,New recording 65.wav,New recording 65_aug_gain.wav,gain,SPK006/unknown/New recording 65_aug_gain.wav
SPK006,unknown,New recording 65.wav,New recording 65_aug_comp.wav,composite,SPK006/unknown/New recording 65_aug_comp.wav
SPK006,unknown,New recording 66.wav,New recording 66_orig.wav,clean_original,SPK006/unknown/New recording 66_orig.wav
SPK006,unknown,New recording 66.wav,New recording 66_aug_shift.wav,time_shift,SPK006/unknown/New recording 66_aug_shift.wav
SPK006,unknown,New recording 66.wav,New recording 66_aug_noise.wav,noise,SPK006/unknown/New recording 66_aug_noise.wav
SPK006,unknown,New recording 66.wav,New recording 66_aug_gain.wav,gain,SPK006/unknown/New recording 66_aug_gain.wav
SPK006,unknown,New recording 66.wav,New recording 66_aug_comp.wav,composite,SPK006/unknown/New recording 66_aug_comp.wav
SPK006,unknown,New recording 67.wav,New recording 67_orig.wav,clean_original,SPK006/unknown/New recording 67_orig.wav
SPK006,unknown,New recording 67.wav,New recording 67_aug_shift.wav,time_shift,SPK006/unknown/New recording 67_aug_shift.wav
SPK006,unknown,New recording 67.wav,New recording 67_aug_noise.wav,noise,SPK006/unknown/New recording 67_aug_noise.wav
SPK006,unknown,New recording 67.wav,New recording 67_aug_gain.wav,gain,SPK006/unknown/New recording 67_aug_gain.wav
SPK006,unknown,New recording 67.wav,New recording 67_aug_comp.wav,composite,SPK006/unknown/New recording 67_aug_comp.wav
SPK006,unknown,New recording 68.wav,New recording 68_orig.wav,clean_original,SPK006/unknown/New recording 68_orig.wav
SPK006,unknown,New recording 68.wav,New recording 68_aug_shift.wav,time_shift,SPK006/unknown/New recording 68_aug_shift.wav
SPK006,unknown,New recording 68.wav,New recording 68_aug_noise.wav,noise,SPK006/unknown/New recording 68_aug_noise.wav
SPK006,unknown,New recording 68.wav,New recording 68_aug_gain.wav,gain,SPK006/unknown/New recording 68_aug_gain.wav
SPK006,unknown,New recording 68.wav,New recording 68_aug_comp.wav,composite,SPK006/unknown/New recording 68_aug_comp.wav
SPK006,unknown,New recording 69.wav,New recording 69_orig.wav,clean_original,SPK006/unknown/New recording 69_orig.wav
SPK006,unknown,New recording 69.wav,New recording 69_aug_shift.wav,time_shift,SPK006/unknown/New recording 69_aug_shift.wav
SPK006,unknown,New recording 69.wav,New recording 69_aug_noise.wav,noise,SPK006/unknown/New recording 69_aug_noise.wav
SPK006,unknown,New recording 69.wav,New recording 69_aug_gain.wav,gain,SPK006/unknown/New recording 69_aug_gain.wav
SPK006,unknown,New recording 69.wav,New recording 69_aug_comp.wav,composite,SPK006/unknown/New recording 69_aug_comp.wav
SPK006,unknown,New recording 7.wav,New recording 7_orig.wav,clean_original,SPK006/unknown/New recording 7_orig.wav
SPK006,unknown,New recording 7.wav,New recording 7_aug_shift.wav,time_shift,SPK006/unknown/New recording 7_aug_shift.wav
SPK006,unknown,New recording 7.wav,New recording 7_aug_noise.wav,noise,SPK006/unknown/New recording 7_aug_noise.wav
SPK006,unknown,New recording 7.wav,New recording 7_aug_gain.wav,gain,SPK006/unknown/New recording 7_aug_gain.wav
SPK006,unknown,New recording 7.wav,New recording 7_aug_comp.wav,composite,SPK006/unknown/New recording 7_aug_comp.wav
SPK006,unknown,New recording 70.wav,New recording 70_orig.wav,clean_original,SPK006/unknown/New recording 70_orig.wav
SPK006,unknown,New recording 70.wav,New recording 70_aug_shift.wav,time_shift,SPK006/unknown/New recording 70_aug_shift.wav
SPK006,unknown,New recording 70.wav,New recording 70_aug_noise.wav,noise,SPK006/unknown/New recording 70_aug_noise.wav
SPK006,unknown,New recording 70.wav,New recording 70_aug_gain.wav,gain,SPK006/unknown/New recording 70_aug_gain.wav
SPK006,unknown,New recording 70.wav,New recording 70_aug_comp.wav,composite,SPK006/unknown/New recording 70_aug_comp.wav
SPK006,unknown,New recording 8.wav,New recording 8_orig.wav,clean_original,SPK006/unknown/New recording 8_orig.wav
SPK006,unknown,New recording 8.wav,New recording 8_aug_shift.wav,time_shift,SPK006/unknown/New recording 8_aug_shift.wav
SPK006,unknown,New recording 8.wav,New recording 8_aug_noise.wav,noise,SPK006/unknown/New recording 8_aug_noise.wav
SPK006,unknown,New recording 8.wav,New recording 8_aug_gain.wav,gain,SPK006/unknown/New recording 8_aug_gain.wav
SPK006,unknown,New recording 8.wav,New recording 8_aug_comp.wav,composite,SPK006/unknown/New recording 8_aug_comp.wav
SPK006,unknown,New recording 9.wav,New recording 9_orig.wav,clean_original,SPK006/unknown/New recording 9_orig.wav
SPK006,unknown,New recording 9.wav,New recording 9_aug_shift.wav,time_shift,SPK006/unknown/New recording 9_aug_shift.wav
SPK006,unknown,New recording 9.wav,New recording 9_aug_noise.wav,noise,SPK006/unknown/New recording 9_aug_noise.wav
SPK006,unknown,New recording 9.wav,New recording 9_aug_gain.wav,gain,SPK006/unknown/New recording 9_aug_gain.wav
SPK006,unknown,New recording 9.wav,New recording 9_aug_comp.wav,composite,SPK006/unknown/New recording 9_aug_comp.wav
SPK008,proxima,New recording 1.wav,New recording 1_orig.wav,clean_original,SPK008/proxima/New recording 1_orig.wav
SPK008,proxima,New recording 1.wav,New recording 1_aug_shift.wav,time_shift,SPK008/proxima/New recording 1_aug_shift.wav
SPK008,proxima,New recording 1.wav,New recording 1_aug_noise.wav,noise,SPK008/proxima/New recording 1_aug_noise.wav
SPK008,proxima,New recording 1.wav,New recording 1_aug_gain.wav,gain,SPK008/proxima/New recording 1_aug_gain.wav
SPK008,proxima,New recording 1.wav,New recording 1_aug_comp.wav,composite,SPK008/proxima/New recording 1_aug_comp.wav
SPK008,proxima,New recording 10.wav,New recording 10_orig.wav,clean_original,SPK008/proxima/New recording 10_orig.wav
SPK008,proxima,New recording 10.wav,New recording 10_aug_shift.wav,time_shift,SPK008/proxima/New recording 10_aug_shift.wav
SPK008,proxima,New recording 10.wav,New recording 10_aug_noise.wav,noise,SPK008/proxima/New recording 10_aug_noise.wav
SPK008,proxima,New recording 10.wav,New recording 10_aug_gain.wav,gain,SPK008/proxima/New recording 10_aug_gain.wav
SPK008,proxima,New recording 10.wav,New recording 10_aug_comp.wav,composite,SPK008/proxima/New recording 10_aug_comp.wav
SPK008,proxima,New recording 11.wav,New recording 11_orig.wav,clean_original,SPK008/proxima/New recording 11_orig.wav
SPK008,proxima,New recording 11.wav,New recording 11_aug_shift.wav,time_shift,SPK008/proxima/New recording 11_aug_shift.wav
SPK008,proxima,New recording 11.wav,New recording 11_aug_noise.wav,noise,SPK008/proxima/New recording 11_aug_noise.wav
SPK008,proxima,New recording 11.wav,New recording 11_aug_gain.wav,gain,SPK008/proxima/New recording 11_aug_gain.wav
SPK008,proxima,New recording 11.wav,New recording 11_aug_comp.wav,composite,SPK008/proxima/New recording 11_aug_comp.wav
SPK008,proxima,New recording 12.wav,New recording 12_orig.wav,clean_original,SPK008/proxima/New recording 12_orig.wav
SPK008,proxima,New recording 12.wav,New recording 12_aug_shift.wav,time_shift,SPK008/proxima/New recording 12_aug_shift.wav
SPK008,proxima,New recording 12.wav,New recording 12_aug_noise.wav,noise,SPK008/proxima/New recording 12_aug_noise.wav
SPK008,proxima,New recording 12.wav,New recording 12_aug_gain.wav,gain,SPK008/proxima/New recording 12_aug_gain.wav
SPK008,proxima,New recording 12.wav,New recording 12_aug_comp.wav,composite,SPK008/proxima/New recording 12_aug_comp.wav
SPK008,proxima,New recording 13.wav,New recording 13_orig.wav,clean_original,SPK008/proxima/New recording 13_orig.wav
SPK008,proxima,New recording 13.wav,New recording 13_aug_shift.wav,time_shift,SPK008/proxima/New recording 13_aug_shift.wav
SPK008,proxima,New recording 13.wav,New recording 13_aug_noise.wav,noise,SPK008/proxima/New recording 13_aug_noise.wav
SPK008,proxima,New recording 13.wav,New recording 13_aug_gain.wav,gain,SPK008/proxima/New recording 13_aug_gain.wav
SPK008,proxima,New recording 13.wav,New recording 13_aug_comp.wav,composite,SPK008/proxima/New recording 13_aug_comp.wav
SPK008,proxima,New recording 14.wav,New recording 14_orig.wav,clean_original,SPK008/proxima/New recording 14_orig.wav
SPK008,proxima,New recording 14.wav,New recording 14_aug_shift.wav,time_shift,SPK008/proxima/New recording 14_aug_shift.wav
SPK008,proxima,New recording 14.wav,New recording 14_aug_noise.wav,noise,SPK008/proxima/New recording 14_aug_noise.wav
SPK008,proxima,New recording 14.wav,New recording 14_aug_gain.wav,gain,SPK008/proxima/New recording 14_aug_gain.wav
SPK008,proxima,New recording 14.wav,New recording 14_aug_comp.wav,composite,SPK008/proxima/New recording 14_aug_comp.wav
SPK008,proxima,New recording 15.wav,New recording 15_orig.wav,clean_original,SPK008/proxima/New recording 15_orig.wav
SPK008,proxima,New recording 15.wav,New recording 15_aug_shift.wav,time_shift,SPK008/proxima/New recording 15_aug_shift.wav
SPK008,proxima,New recording 15.wav,New recording 15_aug_noise.wav,noise,SPK008/proxima/New recording 15_aug_noise.wav
SPK008,proxima,New recording 15.wav,New recording 15_aug_gain.wav,gain,SPK008/proxima/New recording 15_aug_gain.wav
SPK008,proxima,New recording 15.wav,New recording 15_aug_comp.wav,composite,SPK008/proxima/New recording 15_aug_comp.wav
SPK008,proxima,New recording 16.wav,New recording 16_orig.wav,clean_original,SPK008/proxima/New recording 16_orig.wav
SPK008,proxima,New recording 16.wav,New recording 16_aug_shift.wav,time_shift,SPK008/proxima/New recording 16_aug_shift.wav
SPK008,proxima,New recording 16.wav,New recording 16_aug_noise.wav,noise,SPK008/proxima/New recording 16_aug_noise.wav
SPK008,proxima,New recording 16.wav,New recording 16_aug_gain.wav,gain,SPK008/proxima/New recording 16_aug_gain.wav
SPK008,proxima,New recording 16.wav,New recording 16_aug_comp.wav,composite,SPK008/proxima/New recording 16_aug_comp.wav
SPK008,proxima,New recording 17.wav,New recording 17_orig.wav,clean_original,SPK008/proxima/New recording 17_orig.wav
SPK008,proxima,New recording 17.wav,New recording 17_aug_shift.wav,time_shift,SPK008/proxima/New recording 17_aug_shift.wav
SPK008,proxima,New recording 17.wav,New recording 17_aug_noise.wav,noise,SPK008/proxima/New recording 17_aug_noise.wav
SPK008,proxima,New recording 17.wav,New recording 17_aug_gain.wav,gain,SPK008/proxima/New recording 17_aug_gain.wav
SPK008,proxima,New recording 17.wav,New recording 17_aug_comp.wav,composite,SPK008/proxima/New recording 17_aug_comp.wav
SPK008,proxima,New recording 18.wav,New recording 18_orig.wav,clean_original,SPK008/proxima/New recording 18_orig.wav
SPK008,proxima,New recording 18.wav,New recording 18_aug_shift.wav,time_shift,SPK008/proxima/New recording 18_aug_shift.wav
SPK008,proxima,New recording 18.wav,New recording 18_aug_noise.wav,noise,SPK008/proxima/New recording 18_aug_noise.wav
SPK008,proxima,New recording 18.wav,New recording 18_aug_gain.wav,gain,SPK008/proxima/New recording 18_aug_gain.wav
SPK008,proxima,New recording 18.wav,New recording 18_aug_comp.wav,composite,SPK008/proxima/New recording 18_aug_comp.wav
SPK008,proxima,New recording 19.wav,New recording 19_orig.wav,clean_original,SPK008/proxima/New recording 19_orig.wav
SPK008,proxima,New recording 19.wav,New recording 19_aug_shift.wav,time_shift,SPK008/proxima/New recording 19_aug_shift.wav
SPK008,proxima,New recording 19.wav,New recording 19_aug_noise.wav,noise,SPK008/proxima/New recording 19_aug_noise.wav
SPK008,proxima,New recording 19.wav,New recording 19_aug_gain.wav,gain,SPK008/proxima/New recording 19_aug_gain.wav
SPK008,proxima,New recording 19.wav,New recording 19_aug_comp.wav,composite,SPK008/proxima/New recording 19_aug_comp.wav
SPK008,proxima,New recording 2.wav,New recording 2_orig.wav,clean_original,SPK008/proxima/New recording 2_orig.wav
SPK008,proxima,New recording 2.wav,New recording 2_aug_shift.wav,time_shift,SPK008/proxima/New recording 2_aug_shift.wav
SPK008,proxima,New recording 2.wav,New recording 2_aug_noise.wav,noise,SPK008/proxima/New recording 2_aug_noise.wav
SPK008,proxima,New recording 2.wav,New recording 2_aug_gain.wav,gain,SPK008/proxima/New recording 2_aug_gain.wav
SPK008,proxima,New recording 2.wav,New recording 2_aug_comp.wav,composite,SPK008/proxima/New recording 2_aug_comp.wav
SPK008,proxima,New recording 20.wav,New recording 20_orig.wav,clean_original,SPK008/proxima/New recording 20_orig.wav
SPK008,proxima,New recording 20.wav,New recording 20_aug_shift.wav,time_shift,SPK008/proxima/New recording 20_aug_shift.wav
SPK008,proxima,New recording 20.wav,New recording 20_aug_noise.wav,noise,SPK008/proxima/New recording 20_aug_noise.wav
SPK008,proxima,New recording 20.wav,New recording 20_aug_gain.wav,gain,SPK008/proxima/New recording 20_aug_gain.wav
SPK008,proxima,New recording 20.wav,New recording 20_aug_comp.wav,composite,SPK008/proxima/New recording 20_aug_comp.wav
SPK008,proxima,New recording 21.wav,New recording 21_orig.wav,clean_original,SPK008/proxima/New recording 21_orig.wav
SPK008,proxima,New recording 21.wav,New recording 21_aug_shift.wav,time_shift,SPK008/proxima/New recording 21_aug_shift.wav
SPK008,proxima,New recording 21.wav,New recording 21_aug_noise.wav,noise,SPK008/proxima/New recording 21_aug_noise.wav
SPK008,proxima,New recording 21.wav,New recording 21_aug_gain.wav,gain,SPK008/proxima/New recording 21_aug_gain.wav
SPK008,proxima,New recording 21.wav,New recording 21_aug_comp.wav,composite,SPK008/proxima/New recording 21_aug_comp.wav
SPK008,proxima,New recording 22.wav,New recording 22_orig.wav,clean_original,SPK008/proxima/New recording 22_orig.wav
SPK008,proxima,New recording 22.wav,New recording 22_aug_shift.wav,time_shift,SPK008/proxima/New recording 22_aug_shift.wav
SPK008,proxima,New recording 22.wav,New recording 22_aug_noise.wav,noise,SPK008/proxima/New recording 22_aug_noise.wav
SPK008,proxima,New recording 22.wav,New recording 22_aug_gain.wav,gain,SPK008/proxima/New recording 22_aug_gain.wav
SPK008,proxima,New recording 22.wav,New recording 22_aug_comp.wav,composite,SPK008/proxima/New recording 22_aug_comp.wav
SPK008,proxima,New recording 23.wav,New recording 23_orig.wav,clean_original,SPK008/proxima/New recording 23_orig.wav
SPK008,proxima,New recording 23.wav,New recording 23_aug_shift.wav,time_shift,SPK008/proxima/New recording 23_aug_shift.wav
SPK008,proxima,New recording 23.wav,New recording 23_aug_noise.wav,noise,SPK008/proxima/New recording 23_aug_noise.wav
SPK008,proxima,New recording 23.wav,New recording 23_aug_gain.wav,gain,SPK008/proxima/New recording 23_aug_gain.wav
SPK008,proxima,New recording 23.wav,New recording 23_aug_comp.wav,composite,SPK008/proxima/New recording 23_aug_comp.wav
SPK008,proxima,New recording 24.wav,New recording 24_orig.wav,clean_original,SPK008/proxima/New recording 24_orig.wav
SPK008,proxima,New recording 24.wav,New recording 24_aug_shift.wav,time_shift,SPK008/proxima/New recording 24_aug_shift.wav
SPK008,proxima,New recording 24.wav,New recording 24_aug_noise.wav,noise,SPK008/proxima/New recording 24_aug_noise.wav
SPK008,proxima,New recording 24.wav,New recording 24_aug_gain.wav,gain,SPK008/proxima/New recording 24_aug_gain.wav
SPK008,proxima,New recording 24.wav,New recording 24_aug_comp.wav,composite,SPK008/proxima/New recording 24_aug_comp.wav
SPK008,proxima,New recording 25.wav,New recording 25_orig.wav,clean_original,SPK008/proxima/New recording 25_orig.wav
SPK008,proxima,New recording 25.wav,New recording 25_aug_shift.wav,time_shift,SPK008/proxima/New recording 25_aug_shift.wav
SPK008,proxima,New recording 25.wav,New recording 25_aug_noise.wav,noise,SPK008/proxima/New recording 25_aug_noise.wav
SPK008,proxima,New recording 25.wav,New recording 25_aug_gain.wav,gain,SPK008/proxima/New recording 25_aug_gain.wav
SPK008,proxima,New recording 25.wav,New recording 25_aug_comp.wav,composite,SPK008/proxima/New recording 25_aug_comp.wav
SPK008,proxima,New recording 26.wav,New recording 26_orig.wav,clean_original,SPK008/proxima/New recording 26_orig.wav
SPK008,proxima,New recording 26.wav,New recording 26_aug_shift.wav,time_shift,SPK008/proxima/New recording 26_aug_shift.wav
SPK008,proxima,New recording 26.wav,New recording 26_aug_noise.wav,noise,SPK008/proxima/New recording 26_aug_noise.wav
SPK008,proxima,New recording 26.wav,New recording 26_aug_gain.wav,gain,SPK008/proxima/New recording 26_aug_gain.wav
SPK008,proxima,New recording 26.wav,New recording 26_aug_comp.wav,composite,SPK008/proxima/New recording 26_aug_comp.wav
SPK008,proxima,New recording 27.wav,New recording 27_orig.wav,clean_original,SPK008/proxima/New recording 27_orig.wav
SPK008,proxima,New recording 27.wav,New recording 27_aug_shift.wav,time_shift,SPK008/proxima/New recording 27_aug_shift.wav
SPK008,proxima,New recording 27.wav,New recording 27_aug_noise.wav,noise,SPK008/proxima/New recording 27_aug_noise.wav
SPK008,proxima,New recording 27.wav,New recording 27_aug_gain.wav,gain,SPK008/proxima/New recording 27_aug_gain.wav
SPK008,proxima,New recording 27.wav,New recording 27_aug_comp.wav,composite,SPK008/proxima/New recording 27_aug_comp.wav
SPK008,proxima,New recording 28.wav,New recording 28_orig.wav,clean_original,SPK008/proxima/New recording 28_orig.wav
SPK008,proxima,New recording 28.wav,New recording 28_aug_shift.wav,time_shift,SPK008/proxima/New recording 28_aug_shift.wav
SPK008,proxima,New recording 28.wav,New recording 28_aug_noise.wav,noise,SPK008/proxima/New recording 28_aug_noise.wav
SPK008,proxima,New recording 28.wav,New recording 28_aug_gain.wav,gain,SPK008/proxima/New recording 28_aug_gain.wav
SPK008,proxima,New recording 28.wav,New recording 28_aug_comp.wav,composite,SPK008/proxima/New recording 28_aug_comp.wav
SPK008,proxima,New recording 29.wav,New recording 29_orig.wav,clean_original,SPK008/proxima/New recording 29_orig.wav
SPK008,proxima,New recording 29.wav,New recording 29_aug_shift.wav,time_shift,SPK008/proxima/New recording 29_aug_shift.wav
SPK008,proxima,New recording 29.wav,New recording 29_aug_noise.wav,noise,SPK008/proxima/New recording 29_aug_noise.wav
SPK008,proxima,New recording 29.wav,New recording 29_aug_gain.wav,gain,SPK008/proxima/New recording 29_aug_gain.wav
SPK008,proxima,New recording 29.wav,New recording 29_aug_comp.wav,composite,SPK008/proxima/New recording 29_aug_comp.wav
SPK008,proxima,New recording 3.wav,New recording 3_orig.wav,clean_original,SPK008/proxima/New recording 3_orig.wav
SPK008,proxima,New recording 3.wav,New recording 3_aug_shift.wav,time_shift,SPK008/proxima/New recording 3_aug_shift.wav
SPK008,proxima,New recording 3.wav,New recording 3_aug_noise.wav,noise,SPK008/proxima/New recording 3_aug_noise.wav
SPK008,proxima,New recording 3.wav,New recording 3_aug_gain.wav,gain,SPK008/proxima/New recording 3_aug_gain.wav
SPK008,proxima,New recording 3.wav,New recording 3_aug_comp.wav,composite,SPK008/proxima/New recording 3_aug_comp.wav
SPK008,proxima,New recording 30.wav,New recording 30_orig.wav,clean_original,SPK008/proxima/New recording 30_orig.wav
SPK008,proxima,New recording 30.wav,New recording 30_aug_shift.wav,time_shift,SPK008/proxima/New recording 30_aug_shift.wav
SPK008,proxima,New recording 30.wav,New recording 30_aug_noise.wav,noise,SPK008/proxima/New recording 30_aug_noise.wav
SPK008,proxima,New recording 30.wav,New recording 30_aug_gain.wav,gain,SPK008/proxima/New recording 30_aug_gain.wav
SPK008,proxima,New recording 30.wav,New recording 30_aug_comp.wav,composite,SPK008/proxima/New recording 30_aug_comp.wav
SPK008,proxima,New recording 31.wav,New recording 31_orig.wav,clean_original,SPK008/proxima/New recording 31_orig.wav
SPK008,proxima,New recording 31.wav,New recording 31_aug_shift.wav,time_shift,SPK008/proxima/New recording 31_aug_shift.wav
SPK008,proxima,New recording 31.wav,New recording 31_aug_noise.wav,noise,SPK008/proxima/New recording 31_aug_noise.wav
SPK008,proxima,New recording 31.wav,New recording 31_aug_gain.wav,gain,SPK008/proxima/New recording 31_aug_gain.wav
SPK008,proxima,New recording 31.wav,New recording 31_aug_comp.wav,composite,SPK008/proxima/New recording 31_aug_comp.wav
SPK008,proxima,New recording 32.wav,New recording 32_orig.wav,clean_original,SPK008/proxima/New recording 32_orig.wav
SPK008,proxima,New recording 32.wav,New recording 32_aug_shift.wav,time_shift,SPK008/proxima/New recording 32_aug_shift.wav
SPK008,proxima,New recording 32.wav,New recording 32_aug_noise.wav,noise,SPK008/proxima/New recording 32_aug_noise.wav
SPK008,proxima,New recording 32.wav,New recording 32_aug_gain.wav,gain,SPK008/proxima/New recording 32_aug_gain.wav
SPK008,proxima,New recording 32.wav,New recording 32_aug_comp.wav,composite,SPK008/proxima/New recording 32_aug_comp.wav
SPK008,proxima,New recording 33.wav,New recording 33_orig.wav,clean_original,SPK008/proxima/New recording 33_orig.wav
SPK008,proxima,New recording 33.wav,New recording 33_aug_shift.wav,time_shift,SPK008/proxima/New recording 33_aug_shift.wav
SPK008,proxima,New recording 33.wav,New recording 33_aug_noise.wav,noise,SPK008/proxima/New recording 33_aug_noise.wav
SPK008,proxima,New recording 33.wav,New recording 33_aug_gain.wav,gain,SPK008/proxima/New recording 33_aug_gain.wav
SPK008,proxima,New recording 33.wav,New recording 33_aug_comp.wav,composite,SPK008/proxima/New recording 33_aug_comp.wav
SPK008,proxima,New recording 34.wav,New recording 34_orig.wav,clean_original,SPK008/proxima/New recording 34_orig.wav
SPK008,proxima,New recording 34.wav,New recording 34_aug_shift.wav,time_shift,SPK008/proxima/New recording 34_aug_shift.wav
SPK008,proxima,New recording 34.wav,New recording 34_aug_noise.wav,noise,SPK008/proxima/New recording 34_aug_noise.wav
SPK008,proxima,New recording 34.wav,New recording 34_aug_gain.wav,gain,SPK008/proxima/New recording 34_aug_gain.wav
SPK008,proxima,New recording 34.wav,New recording 34_aug_comp.wav,composite,SPK008/proxima/New recording 34_aug_comp.wav
SPK008,proxima,New recording 35.wav,New recording 35_orig.wav,clean_original,SPK008/proxima/New recording 35_orig.wav
SPK008,proxima,New recording 35.wav,New recording 35_aug_shift.wav,time_shift,SPK008/proxima/New recording 35_aug_shift.wav
SPK008,proxima,New recording 35.wav,New recording 35_aug_noise.wav,noise,SPK008/proxima/New recording 35_aug_noise.wav
SPK008,proxima,New recording 35.wav,New recording 35_aug_gain.wav,gain,SPK008/proxima/New recording 35_aug_gain.wav
SPK008,proxima,New recording 35.wav,New recording 35_aug_comp.wav,composite,SPK008/proxima/New recording 35_aug_comp.wav
SPK008,proxima,New recording 36.wav,New recording 36_orig.wav,clean_original,SPK008/proxima/New recording 36_orig.wav
SPK008,proxima,New recording 36.wav,New recording 36_aug_shift.wav,time_shift,SPK008/proxima/New recording 36_aug_shift.wav
SPK008,proxima,New recording 36.wav,New recording 36_aug_noise.wav,noise,SPK008/proxima/New recording 36_aug_noise.wav
SPK008,proxima,New recording 36.wav,New recording 36_aug_gain.wav,gain,SPK008/proxima/New recording 36_aug_gain.wav
SPK008,proxima,New recording 36.wav,New recording 36_aug_comp.wav,composite,SPK008/proxima/New recording 36_aug_comp.wav
SPK008,proxima,New recording 37.wav,New recording 37_orig.wav,clean_original,SPK008/proxima/New recording 37_orig.wav
SPK008,proxima,New recording 37.wav,New recording 37_aug_shift.wav,time_shift,SPK008/proxima/New recording 37_aug_shift.wav
SPK008,proxima,New recording 37.wav,New recording 37_aug_noise.wav,noise,SPK008/proxima/New recording 37_aug_noise.wav
SPK008,proxima,New recording 37.wav,New recording 37_aug_gain.wav,gain,SPK008/proxima/New recording 37_aug_gain.wav
SPK008,proxima,New recording 37.wav,New recording 37_aug_comp.wav,composite,SPK008/proxima/New recording 37_aug_comp.wav
SPK008,proxima,New recording 38.wav,New recording 38_orig.wav,clean_original,SPK008/proxima/New recording 38_orig.wav
SPK008,proxima,New recording 38.wav,New recording 38_aug_shift.wav,time_shift,SPK008/proxima/New recording 38_aug_shift.wav
SPK008,proxima,New recording 38.wav,New recording 38_aug_noise.wav,noise,SPK008/proxima/New recording 38_aug_noise.wav
SPK008,proxima,New recording 38.wav,New recording 38_aug_gain.wav,gain,SPK008/proxima/New recording 38_aug_gain.wav
SPK008,proxima,New recording 38.wav,New recording 38_aug_comp.wav,composite,SPK008/proxima/New recording 38_aug_comp.wav
SPK008,proxima,New recording 39.wav,New recording 39_orig.wav,clean_original,SPK008/proxima/New recording 39_orig.wav
SPK008,proxima,New recording 39.wav,New recording 39_aug_shift.wav,time_shift,SPK008/proxima/New recording 39_aug_shift.wav
SPK008,proxima,New recording 39.wav,New recording 39_aug_noise.wav,noise,SPK008/proxima/New recording 39_aug_noise.wav
SPK008,proxima,New recording 39.wav,New recording 39_aug_gain.wav,gain,SPK008/proxima/New recording 39_aug_gain.wav
SPK008,proxima,New recording 39.wav,New recording 39_aug_comp.wav,composite,SPK008/proxima/New recording 39_aug_comp.wav
SPK008,proxima,New recording 4.wav,New recording 4_orig.wav,clean_original,SPK008/proxima/New recording 4_orig.wav
SPK008,proxima,New recording 4.wav,New recording 4_aug_shift.wav,time_shift,SPK008/proxima/New recording 4_aug_shift.wav
SPK008,proxima,New recording 4.wav,New recording 4_aug_noise.wav,noise,SPK008/proxima/New recording 4_aug_noise.wav
SPK008,proxima,New recording 4.wav,New recording 4_aug_gain.wav,gain,SPK008/proxima/New recording 4_aug_gain.wav
SPK008,proxima,New recording 4.wav,New recording 4_aug_comp.wav,composite,SPK008/proxima/New recording 4_aug_comp.wav
SPK008,proxima,New recording 40.wav,New recording 40_orig.wav,clean_original,SPK008/proxima/New recording 40_orig.wav
SPK008,proxima,New recording 40.wav,New recording 40_aug_shift.wav,time_shift,SPK008/proxima/New recording 40_aug_shift.wav
SPK008,proxima,New recording 40.wav,New recording 40_aug_noise.wav,noise,SPK008/proxima/New recording 40_aug_noise.wav
SPK008,proxima,New recording 40.wav,New recording 40_aug_gain.wav,gain,SPK008/proxima/New recording 40_aug_gain.wav
SPK008,proxima,New recording 40.wav,New recording 40_aug_comp.wav,composite,SPK008/proxima/New recording 40_aug_comp.wav
SPK008,proxima,New recording 5.wav,New recording 5_orig.wav,clean_original,SPK008/proxima/New recording 5_orig.wav
SPK008,proxima,New recording 5.wav,New recording 5_aug_shift.wav,time_shift,SPK008/proxima/New recording 5_aug_shift.wav
SPK008,proxima,New recording 5.wav,New recording 5_aug_noise.wav,noise,SPK008/proxima/New recording 5_aug_noise.wav
SPK008,proxima,New recording 5.wav,New recording 5_aug_gain.wav,gain,SPK008/proxima/New recording 5_aug_gain.wav
SPK008,proxima,New recording 5.wav,New recording 5_aug_comp.wav,composite,SPK008/proxima/New recording 5_aug_comp.wav
SPK008,proxima,New recording 6.wav,New recording 6_orig.wav,clean_original,SPK008/proxima/New recording 6_orig.wav
SPK008,proxima,New recording 6.wav,New recording 6_aug_shift.wav,time_shift,SPK008/proxima/New recording 6_aug_shift.wav
SPK008,proxima,New recording 6.wav,New recording 6_aug_noise.wav,noise,SPK008/proxima/New recording 6_aug_noise.wav
SPK008,proxima,New recording 6.wav,New recording 6_aug_gain.wav,gain,SPK008/proxima/New recording 6_aug_gain.wav
SPK008,proxima,New recording 6.wav,New recording 6_aug_comp.wav,composite,SPK008/proxima/New recording 6_aug_comp.wav
SPK008,proxima,New recording 7.wav,New recording 7_orig.wav,clean_original,SPK008/proxima/New recording 7_orig.wav
SPK008,proxima,New recording 7.wav,New recording 7_aug_shift.wav,time_shift,SPK008/proxima/New recording 7_aug_shift.wav
SPK008,proxima,New recording 7.wav,New recording 7_aug_noise.wav,noise,SPK008/proxima/New recording 7_aug_noise.wav
SPK008,proxima,New recording 7.wav,New recording 7_aug_gain.wav,gain,SPK008/proxima/New recording 7_aug_gain.wav
SPK008,proxima,New recording 7.wav,New recording 7_aug_comp.wav,composite,SPK008/proxima/New recording 7_aug_comp.wav
SPK008,proxima,New recording 8.wav,New recording 8_orig.wav,clean_original,SPK008/proxima/New recording 8_orig.wav
SPK008,proxima,New recording 8.wav,New recording 8_aug_shift.wav,time_shift,SPK008/proxima/New recording 8_aug_shift.wav
SPK008,proxima,New recording 8.wav,New recording 8_aug_noise.wav,noise,SPK008/proxima/New recording 8_aug_noise.wav
SPK008,proxima,New recording 8.wav,New recording 8_aug_gain.wav,gain,SPK008/proxima/New recording 8_aug_gain.wav
SPK008,proxima,New recording 8.wav,New recording 8_aug_comp.wav,composite,SPK008/proxima/New recording 8_aug_comp.wav
SPK008,proxima,New recording 9.wav,New recording 9_orig.wav,clean_original,SPK008/proxima/New recording 9_orig.wav
SPK008,proxima,New recording 9.wav,New recording 9_aug_shift.wav,time_shift,SPK008/proxima/New recording 9_aug_shift.wav
SPK008,proxima,New recording 9.wav,New recording 9_aug_noise.wav,noise,SPK008/proxima/New recording 9_aug_noise.wav
SPK008,proxima,New recording 9.wav,New recording 9_aug_gain.wav,gain,SPK008/proxima/New recording 9_aug_gain.wav
SPK008,proxima,New recording 9.wav,New recording 9_aug_comp.wav,composite,SPK008/proxima/New recording 9_aug_comp.wav
SPK009,proxima,2026-09-05_174801723.wav,2026-09-05_174801723_orig.wav,clean_original,SPK009/proxima/2026-09-05_174801723_orig.wav
SPK009,proxima,2026-09-05_174801723.wav,2026-09-05_174801723_aug_shift.wav,time_shift,SPK009/proxima/2026-09-05_174801723_aug_shift.wav
SPK009,proxima,2026-09-05_174801723.wav,2026-09-05_174801723_aug_noise.wav,noise,SPK009/proxima/2026-09-05_174801723_aug_noise.wav
SPK009,proxima,2026-09-05_174801723.wav,2026-09-05_174801723_aug_gain.wav,gain,SPK009/proxima/2026-09-05_174801723_aug_gain.wav
SPK009,proxima,2026-09-05_174801723.wav,2026-09-05_174801723_aug_comp.wav,composite,SPK009/proxima/2026-09-05_174801723_aug_comp.wav
SPK009,proxima,2026-09-05_174817213.wav,2026-09-05_174817213_orig.wav,clean_original,SPK009/proxima/2026-09-05_174817213_orig.wav
SPK009,proxima,2026-09-05_174817213.wav,2026-09-05_174817213_aug_shift.wav,time_shift,SPK009/proxima/2026-09-05_174817213_aug_shift.wav
SPK009,proxima,2026-09-05_174817213.wav,2026-09-05_174817213_aug_noise.wav,noise,SPK009/proxima/2026-09-05_174817213_aug_noise.wav
SPK009,proxima,2026-09-05_174817213.wav,2026-09-05_174817213_aug_gain.wav,gain,SPK009/proxima/2026-09-05_174817213_aug_gain.wav
SPK009,proxima,2026-09-05_174817213.wav,2026-09-05_174817213_aug_comp.wav,composite,SPK009/proxima/2026-09-05_174817213_aug_comp.wav
SPK009,proxima,2026-09-05_174838004.wav,2026-09-05_174838004_orig.wav,clean_original,SPK009/proxima/2026-09-05_174838004_orig.wav
SPK009,proxima,2026-09-05_174838004.wav,2026-09-05_174838004_aug_shift.wav,time_shift,SPK009/proxima/2026-09-05_174838004_aug_shift.wav
SPK009,proxima,2026-09-05_174838004.wav,2026-09-05_174838004_aug_noise.wav,noise,SPK009/proxima/2026-09-05_174838004_aug_noise.wav
SPK009,proxima,2026-09-05_174838004.wav,2026-09-05_174838004_aug_gain.wav,gain,SPK009/proxima/2026-09-05_174838004_aug_gain.wav
SPK009,proxima,2026-09-05_174838004.wav,2026-09-05_174838004_aug_comp.wav,composite,SPK009/proxima/2026-09-05_174838004_aug_comp.wav
SPK009,proxima,2026-09-05_174848261.wav,2026-09-05_174848261_orig.wav,clean_original,SPK009/proxima/2026-09-05_174848261_orig.wav
SPK009,proxima,2026-09-05_174848261.wav,2026-09-05_174848261_aug_shift.wav,time_shift,SPK009/proxima/2026-09-05_174848261_aug_shift.wav
SPK009,proxima,2026-09-05_174848261.wav,2026-09-05_174848261_aug_noise.wav,noise,SPK009/proxima/2026-09-05_174848261_aug_noise.wav
SPK009,proxima,2026-09-05_174848261.wav,2026-09-05_174848261_aug_gain.wav,gain,SPK009/proxima/2026-09-05_174848261_aug_gain.wav
SPK009,proxima,2026-09-05_174848261.wav,2026-09-05_174848261_aug_comp.wav,composite,SPK009/proxima/2026-09-05_174848261_aug_comp.wav
SPK009,proxima,2026-09-05_174854894.wav,2026-09-05_174854894_orig.wav,clean_original,SPK009/proxima/2026-09-05_174854894_orig.wav
SPK009,proxima,2026-09-05_174854894.wav,2026-09-05_174854894_aug_shift.wav,time_shift,SPK009/proxima/2026-09-05_174854894_aug_shift.wav
SPK009,proxima,2026-09-05_174854894.wav,2026-09-05_174854894_aug_noise.wav,noise,SPK009/proxima/2026-09-05_174854894_aug_noise.wav
SPK009,proxima,2026-09-05_174854894.wav,2026-09-05_174854894_aug_gain.wav,gain,SPK009/proxima/2026-09-05_174854894_aug_gain.wav
SPK009,proxima,2026-09-05_174854894.wav,2026-09-05_174854894_aug_comp.wav,composite,SPK009/proxima/2026-09-05_174854894_aug_comp.wav
SPK009,proxima,2026-09-05_174909730.wav,2026-09-05_174909730_orig.wav,clean_original,SPK009/proxima/2026-09-05_174909730_orig.wav
SPK009,proxima,2026-09-05_174909730.wav,2026-09-05_174909730_aug_shift.wav,time_shift,SPK009/proxima/2026-09-05_174909730_aug_shift.wav
SPK009,proxima,2026-09-05_174909730.wav,2026-09-05_174909730_aug_noise.wav,noise,SPK009/proxima/2026-09-05_174909730_aug_noise.wav
SPK009,proxima,2026-09-05_174909730.wav,2026-09-05_174909730_aug_gain.wav,gain,SPK009/proxima/2026-09-05_174909730_aug_gain.wav
SPK009,proxima,2026-09-05_174909730.wav,2026-09-05_174909730_aug_comp.wav,composite,SPK009/proxima/2026-09-05_174909730_aug_comp.wav
SPK009,proxima,2026-09-05_174915218.wav,2026-09-05_174915218_orig.wav,clean_original,SPK009/proxima/2026-09-05_174915218_orig.wav
SPK009,proxima,2026-09-05_174915218.wav,2026-09-05_174915218_aug_shift.wav,time_shift,SPK009/proxima/2026-09-05_174915218_aug_shift.wav
SPK009,proxima,2026-09-05_174915218.wav,2026-09-05_174915218_aug_noise.wav,noise,SPK009/proxima/2026-09-05_174915218_aug_noise.wav
SPK009,proxima,2026-09-05_174915218.wav,2026-09-05_174915218_aug_gain.wav,gain,SPK009/proxima/2026-09-05_174915218_aug_gain.wav
SPK009,proxima,2026-09-05_174915218.wav,2026-09-05_174915218_aug_comp.wav,composite,SPK009/proxima/2026-09-05_174915218_aug_comp.wav
SPK009,proxima,2026-09-05_174919297.wav,2026-09-05_174919297_orig.wav,clean_original,SPK009/proxima/2026-09-05_174919297_orig.wav
SPK009,proxima,2026-09-05_174919297.wav,2026-09-05_174919297_aug_shift.wav,time_shift,SPK009/proxima/2026-09-05_174919297_aug_shift.wav
SPK009,proxima,2026-09-05_174919297.wav,2026-09-05_174919297_aug_noise.wav,noise,SPK009/proxima/2026-09-05_174919297_aug_noise.wav
SPK009,proxima,2026-09-05_174919297.wav,2026-09-05_174919297_aug_gain.wav,gain,SPK009/proxima/2026-09-05_174919297_aug_gain.wav
SPK009,proxima,2026-09-05_174919297.wav,2026-09-05_174919297_aug_comp.wav,composite,SPK009/proxima/2026-09-05_174919297_aug_comp.wav
SPK009,proxima,2026-09-05_174927042.wav,2026-09-05_174927042_orig.wav,clean_original,SPK009/proxima/2026-09-05_174927042_orig.wav
SPK009,proxima,2026-09-05_174927042.wav,2026-09-05_174927042_aug_shift.wav,time_shift,SPK009/proxima/2026-09-05_174927042_aug_shift.wav
SPK009,proxima,2026-09-05_174927042.wav,2026-09-05_174927042_aug_noise.wav,noise,SPK009/proxima/2026-09-05_174927042_aug_noise.wav
SPK009,proxima,2026-09-05_174927042.wav,2026-09-05_174927042_aug_gain.wav,gain,SPK009/proxima/2026-09-05_174927042_aug_gain.wav
SPK009,proxima,2026-09-05_174927042.wav,2026-09-05_174927042_aug_comp.wav,composite,SPK009/proxima/2026-09-05_174927042_aug_comp.wav
SPK009,proxima,2026-09-05_174937906.wav,2026-09-05_174937906_orig.wav,clean_original,SPK009/proxima/2026-09-05_174937906_orig.wav
SPK009,proxima,2026-09-05_174937906.wav,2026-09-05_174937906_aug_shift.wav,time_shift,SPK009/proxima/2026-09-05_174937906_aug_shift.wav
SPK009,proxima,2026-09-05_174937906.wav,2026-09-05_174937906_aug_noise.wav,noise,SPK009/proxima/2026-09-05_174937906_aug_noise.wav
SPK009,proxima,2026-09-05_174937906.wav,2026-09-05_174937906_aug_gain.wav,gain,SPK009/proxima/2026-09-05_174937906_aug_gain.wav
SPK009,proxima,2026-09-05_174937906.wav,2026-09-05_174937906_aug_comp.wav,composite,SPK009/proxima/2026-09-05_174937906_aug_comp.wav
SPK009,proxima,2026-09-05_174944456.wav,2026-09-05_174944456_orig.wav,clean_original,SPK009/proxima/2026-09-05_174944456_orig.wav
SPK009,proxima,2026-09-05_174944456.wav,2026-09-05_174944456_aug_shift.wav,time_shift,SPK009/proxima/2026-09-05_174944456_aug_shift.wav
SPK009,proxima,2026-09-05_174944456.wav,2026-09-05_174944456_aug_noise.wav,noise,SPK009/proxima/2026-09-05_174944456_aug_noise.wav
SPK009,proxima,2026-09-05_174944456.wav,2026-09-05_174944456_aug_gain.wav,gain,SPK009/proxima/2026-09-05_174944456_aug_gain.wav
SPK009,proxima,2026-09-05_174944456.wav,2026-09-05_174944456_aug_comp.wav,composite,SPK009/proxima/2026-09-05_174944456_aug_comp.wav
SPK009,proxima,2026-09-05_174950984.wav,2026-09-05_174950984_orig.wav,clean_original,SPK009/proxima/2026-09-05_174950984_orig.wav
SPK009,proxima,2026-09-05_174950984.wav,2026-09-05_174950984_aug_shift.wav,time_shift,SPK009/proxima/2026-09-05_174950984_aug_shift.wav
SPK009,proxima,2026-09-05_174950984.wav,2026-09-05_174950984_aug_noise.wav,noise,SPK009/proxima/2026-09-05_174950984_aug_noise.wav
SPK009,proxima,2026-09-05_174950984.wav,2026-09-05_174950984_aug_gain.wav,gain,SPK009/proxima/2026-09-05_174950984_aug_gain.wav
SPK009,proxima,2026-09-05_174950984.wav,2026-09-05_174950984_aug_comp.wav,composite,SPK009/proxima/2026-09-05_174950984_aug_comp.wav
SPK009,proxima,2026-09-05_175012295.wav,2026-09-05_175012295_orig.wav,clean_original,SPK009/proxima/2026-09-05_175012295_orig.wav
SPK009,proxima,2026-09-05_175012295.wav,2026-09-05_175012295_aug_shift.wav,time_shift,SPK009/proxima/2026-09-05_175012295_aug_shift.wav
SPK009,proxima,2026-09-05_175012295.wav,2026-09-05_175012295_aug_noise.wav,noise,SPK009/proxima/2026-09-05_175012295_aug_noise.wav
SPK009,proxima,2026-09-05_175012295.wav,2026-09-05_175012295_aug_gain.wav,gain,SPK009/proxima/2026-09-05_175012295_aug_gain.wav
SPK009,proxima,2026-09-05_175012295.wav,2026-09-05_175012295_aug_comp.wav,composite,SPK009/proxima/2026-09-05_175012295_aug_comp.wav
SPK009,proxima,2026-09-05_175030386.wav,2026-09-05_175030386_orig.wav,clean_original,SPK009/proxima/2026-09-05_175030386_orig.wav
SPK009,proxima,2026-09-05_175030386.wav,2026-09-05_175030386_aug_shift.wav,time_shift,SPK009/proxima/2026-09-05_175030386_aug_shift.wav
SPK009,proxima,2026-09-05_175030386.wav,2026-09-05_175030386_aug_noise.wav,noise,SPK009/proxima/2026-09-05_175030386_aug_noise.wav
SPK009,proxima,2026-09-05_175030386.wav,2026-09-05_175030386_aug_gain.wav,gain,SPK009/proxima/2026-09-05_175030386_aug_gain.wav
SPK009,proxima,2026-09-05_175030386.wav,2026-09-05_175030386_aug_comp.wav,composite,SPK009/proxima/2026-09-05_175030386_aug_comp.wav
SPK009,proxima,2026-09-05_175035081.wav,2026-09-05_175035081_orig.wav,clean_original,SPK009/proxima/2026-09-05_175035081_orig.wav
SPK009,proxima,2026-09-05_175035081.wav,2026-09-05_175035081_aug_shift.wav,time_shift,SPK009/proxima/2026-09-05_175035081_aug_shift.wav
SPK009,proxima,2026-09-05_175035081.wav,2026-09-05_175035081_aug_noise.wav,noise,SPK009/proxima/2026-09-05_175035081_aug_noise.wav
SPK009,proxima,2026-09-05_175035081.wav,2026-09-05_175035081_aug_gain.wav,gain,SPK009/proxima/2026-09-05_175035081_aug_gain.wav
SPK009,proxima,2026-09-05_175035081.wav,2026-09-05_175035081_aug_comp.wav,composite,SPK009/proxima/2026-09-05_175035081_aug_comp.wav
SPK009,proxima,2026-09-05_175040781.wav,2026-09-05_175040781_orig.wav,clean_original,SPK009/proxima/2026-09-05_175040781_orig.wav
SPK009,proxima,2026-09-05_175040781.wav,2026-09-05_175040781_aug_shift.wav,time_shift,SPK009/proxima/2026-09-05_175040781_aug_shift.wav
SPK009,proxima,2026-09-05_175040781.wav,2026-09-05_175040781_aug_noise.wav,noise,SPK009/proxima/2026-09-05_175040781_aug_noise.wav
SPK009,proxima,2026-09-05_175040781.wav,2026-09-05_175040781_aug_gain.wav,gain,SPK009/proxima/2026-09-05_175040781_aug_gain.wav
SPK009,proxima,2026-09-05_175040781.wav,2026-09-05_175040781_aug_comp.wav,composite,SPK009/proxima/2026-09-05_175040781_aug_comp.wav
SPK009,proxima,2026-09-05_175046700.wav,2026-09-05_175046700_orig.wav,clean_original,SPK009/proxima/2026-09-05_175046700_orig.wav
SPK009,proxima,2026-09-05_175046700.wav,2026-09-05_175046700_aug_shift.wav,time_shift,SPK009/proxima/2026-09-05_175046700_aug_shift.wav
SPK009,proxima,2026-09-05_175046700.wav,2026-09-05_175046700_aug_noise.wav,noise,SPK009/proxima/2026-09-05_175046700_aug_noise.wav
SPK009,proxima,2026-09-05_175046700.wav,2026-09-05_175046700_aug_gain.wav,gain,SPK009/proxima/2026-09-05_175046700_aug_gain.wav
SPK009,proxima,2026-09-05_175046700.wav,2026-09-05_175046700_aug_comp.wav,composite,SPK009/proxima/2026-09-05_175046700_aug_comp.wav
SPK009,proxima,2026-09-05_175052906.wav,2026-09-05_175052906_orig.wav,clean_original,SPK009/proxima/2026-09-05_175052906_orig.wav
SPK009,proxima,2026-09-05_175052906.wav,2026-09-05_175052906_aug_shift.wav,time_shift,SPK009/proxima/2026-09-05_175052906_aug_shift.wav
SPK009,proxima,2026-09-05_175052906.wav,2026-09-05_175052906_aug_noise.wav,noise,SPK009/proxima/2026-09-05_175052906_aug_noise.wav
SPK009,proxima,2026-09-05_175052906.wav,2026-09-05_175052906_aug_gain.wav,gain,SPK009/proxima/2026-09-05_175052906_aug_gain.wav
SPK009,proxima,2026-09-05_175052906.wav,2026-09-05_175052906_aug_comp.wav,composite,SPK009/proxima/2026-09-05_175052906_aug_comp.wav
SPK009,proxima,2026-09-05_175058185.wav,2026-09-05_175058185_orig.wav,clean_original,SPK009/proxima/2026-09-05_175058185_orig.wav
SPK009,proxima,2026-09-05_175058185.wav,2026-09-05_175058185_aug_shift.wav,time_shift,SPK009/proxima/2026-09-05_175058185_aug_shift.wav
SPK009,proxima,2026-09-05_175058185.wav,2026-09-05_175058185_aug_noise.wav,noise,SPK009/proxima/2026-09-05_175058185_aug_noise.wav
SPK009,proxima,2026-09-05_175058185.wav,2026-09-05_175058185_aug_gain.wav,gain,SPK009/proxima/2026-09-05_175058185_aug_gain.wav
SPK009,proxima,2026-09-05_175058185.wav,2026-09-05_175058185_aug_comp.wav,composite,SPK009/proxima/2026-09-05_175058185_aug_comp.wav
SPK009,proxima,2026-09-05_175106103.wav,2026-09-05_175106103_orig.wav,clean_original,SPK009/proxima/2026-09-05_175106103_orig.wav
SPK009,proxima,2026-09-05_175106103.wav,2026-09-05_175106103_aug_shift.wav,time_shift,SPK009/proxima/2026-09-05_175106103_aug_shift.wav
SPK009,proxima,2026-09-05_175106103.wav,2026-09-05_175106103_aug_noise.wav,noise,SPK009/proxima/2026-09-05_175106103_aug_noise.wav
SPK009,proxima,2026-09-05_175106103.wav,2026-09-05_175106103_aug_gain.wav,gain,SPK009/proxima/2026-09-05_175106103_aug_gain.wav
SPK009,proxima,2026-09-05_175106103.wav,2026-09-05_175106103_aug_comp.wav,composite,SPK009/proxima/2026-09-05_175106103_aug_comp.wav
SPK009,proxima,2026-09-05_175112247.wav,2026-09-05_175112247_orig.wav,clean_original,SPK009/proxima/2026-09-05_175112247_orig.wav
SPK009,proxima,2026-09-05_175112247.wav,2026-09-05_175112247_aug_shift.wav,time_shift,SPK009/proxima/2026-09-05_175112247_aug_shift.wav
SPK009,proxima,2026-09-05_175112247.wav,2026-09-05_175112247_aug_noise.wav,noise,SPK009/proxima/2026-09-05_175112247_aug_noise.wav
SPK009,proxima,2026-09-05_175112247.wav,2026-09-05_175112247_aug_gain.wav,gain,SPK009/proxima/2026-09-05_175112247_aug_gain.wav
SPK009,proxima,2026-09-05_175112247.wav,2026-09-05_175112247_aug_comp.wav,composite,SPK009/proxima/2026-09-05_175112247_aug_comp.wav
SPK009,proxima,2026-09-05_175120781.wav,2026-09-05_175120781_orig.wav,clean_original,SPK009/proxima/2026-09-05_175120781_orig.wav
SPK009,proxima,2026-09-05_175120781.wav,2026-09-05_175120781_aug_shift.wav,time_shift,SPK009/proxima/2026-09-05_175120781_aug_shift.wav
SPK009,proxima,2026-09-05_175120781.wav,2026-09-05_175120781_aug_noise.wav,noise,SPK009/proxima/2026-09-05_175120781_aug_noise.wav
SPK009,proxima,2026-09-05_175120781.wav,2026-09-05_175120781_aug_gain.wav,gain,SPK009/proxima/2026-09-05_175120781_aug_gain.wav
SPK009,proxima,2026-09-05_175120781.wav,2026-09-05_175120781_aug_comp.wav,composite,SPK009/proxima/2026-09-05_175120781_aug_comp.wav
SPK009,proxima,2026-09-05_175132455.wav,2026-09-05_175132455_orig.wav,clean_original,SPK009/proxima/2026-09-05_175132455_orig.wav
SPK009,proxima,2026-09-05_175132455.wav,2026-09-05_175132455_aug_shift.wav,time_shift,SPK009/proxima/2026-09-05_175132455_aug_shift.wav
SPK009,proxima,2026-09-05_175132455.wav,2026-09-05_175132455_aug_noise.wav,noise,SPK009/proxima/2026-09-05_175132455_aug_noise.wav
SPK009,proxima,2026-09-05_175132455.wav,2026-09-05_175132455_aug_gain.wav,gain,SPK009/proxima/2026-09-05_175132455_aug_gain.wav
SPK009,proxima,2026-09-05_175132455.wav,2026-09-05_175132455_aug_comp.wav,composite,SPK009/proxima/2026-09-05_175132455_aug_comp.wav
SPK009,proxima,2026-09-05_175136421.wav,2026-09-05_175136421_orig.wav,clean_original,SPK009/proxima/2026-09-05_175136421_orig.wav
SPK009,proxima,2026-09-05_175136421.wav,2026-09-05_175136421_aug_shift.wav,time_shift,SPK009/proxima/2026-09-05_175136421_aug_shift.wav
SPK009,proxima,2026-09-05_175136421.wav,2026-09-05_175136421_aug_noise.wav,noise,SPK009/proxima/2026-09-05_175136421_aug_noise.wav
SPK009,proxima,2026-09-05_175136421.wav,2026-09-05_175136421_aug_gain.wav,gain,SPK009/proxima/2026-09-05_175136421_aug_gain.wav
SPK009,proxima,2026-09-05_175136421.wav,2026-09-05_175136421_aug_comp.wav,composite,SPK009/proxima/2026-09-05_175136421_aug_comp.wav
SPK009,proxima,2026-09-05_175144000.wav,2026-09-05_175144000_orig.wav,clean_original,SPK009/proxima/2026-09-05_175144000_orig.wav
SPK009,proxima,2026-09-05_175144000.wav,2026-09-05_175144000_aug_shift.wav,time_shift,SPK009/proxima/2026-09-05_175144000_aug_shift.wav
SPK009,proxima,2026-09-05_175144000.wav,2026-09-05_175144000_aug_noise.wav,noise,SPK009/proxima/2026-09-05_175144000_aug_noise.wav
SPK009,proxima,2026-09-05_175144000.wav,2026-09-05_175144000_aug_gain.wav,gain,SPK009/proxima/2026-09-05_175144000_aug_gain.wav
SPK009,proxima,2026-09-05_175144000.wav,2026-09-05_175144000_aug_comp.wav,composite,SPK009/proxima/2026-09-05_175144000_aug_comp.wav
SPK009,proxima,2026-09-05_175238432.wav,2026-09-05_175238432_orig.wav,clean_original,SPK009/proxima/2026-09-05_175238432_orig.wav
SPK009,proxima,2026-09-05_175238432.wav,2026-09-05_175238432_aug_shift.wav,time_shift,SPK009/proxima/2026-09-05_175238432_aug_shift.wav
SPK009,proxima,2026-09-05_175238432.wav,2026-09-05_175238432_aug_noise.wav,noise,SPK009/proxima/2026-09-05_175238432_aug_noise.wav
SPK009,proxima,2026-09-05_175238432.wav,2026-09-05_175238432_aug_gain.wav,gain,SPK009/proxima/2026-09-05_175238432_aug_gain.wav
SPK009,proxima,2026-09-05_175238432.wav,2026-09-05_175238432_aug_comp.wav,composite,SPK009/proxima/2026-09-05_175238432_aug_comp.wav
SPK009,proxima,2026-09-05_175246530.wav,2026-09-05_175246530_orig.wav,clean_original,SPK009/proxima/2026-09-05_175246530_orig.wav
SPK009,proxima,2026-09-05_175246530.wav,2026-09-05_175246530_aug_shift.wav,time_shift,SPK009/proxima/2026-09-05_175246530_aug_shift.wav
SPK009,proxima,2026-09-05_175246530.wav,2026-09-05_175246530_aug_noise.wav,noise,SPK009/proxima/2026-09-05_175246530_aug_noise.wav
SPK009,proxima,2026-09-05_175246530.wav,2026-09-05_175246530_aug_gain.wav,gain,SPK009/proxima/2026-09-05_175246530_aug_gain.wav
SPK009,proxima,2026-09-05_175246530.wav,2026-09-05_175246530_aug_comp.wav,composite,SPK009/proxima/2026-09-05_175246530_aug_comp.wav
SPK009,proxima,2026-09-05_175321677.wav,2026-09-05_175321677_orig.wav,clean_original,SPK009/proxima/2026-09-05_175321677_orig.wav
SPK009,proxima,2026-09-05_175321677.wav,2026-09-05_175321677_aug_shift.wav,time_shift,SPK009/proxima/2026-09-05_175321677_aug_shift.wav
SPK009,proxima,2026-09-05_175321677.wav,2026-09-05_175321677_aug_noise.wav,noise,SPK009/proxima/2026-09-05_175321677_aug_noise.wav
SPK009,proxima,2026-09-05_175321677.wav,2026-09-05_175321677_aug_gain.wav,gain,SPK009/proxima/2026-09-05_175321677_aug_gain.wav
SPK009,proxima,2026-09-05_175321677.wav,2026-09-05_175321677_aug_comp.wav,composite,SPK009/proxima/2026-09-05_175321677_aug_comp.wav
SPK009,proxima,2026-09-05_175335211.wav,2026-09-05_175335211_orig.wav,clean_original,SPK009/proxima/2026-09-05_175335211_orig.wav
SPK009,proxima,2026-09-05_175335211.wav,2026-09-05_175335211_aug_shift.wav,time_shift,SPK009/proxima/2026-09-05_175335211_aug_shift.wav
SPK009,proxima,2026-09-05_175335211.wav,2026-09-05_175335211_aug_noise.wav,noise,SPK009/proxima/2026-09-05_175335211_aug_noise.wav
SPK009,proxima,2026-09-05_175335211.wav,2026-09-05_175335211_aug_gain.wav,gain,SPK009/proxima/2026-09-05_175335211_aug_gain.wav
SPK009,proxima,2026-09-05_175335211.wav,2026-09-05_175335211_aug_comp.wav,composite,SPK009/proxima/2026-09-05_175335211_aug_comp.wav
SPK009,proxima,2026-09-05_175509784.wav,2026-09-05_175509784_orig.wav,clean_original,SPK009/proxima/2026-09-05_175509784_orig.wav
SPK009,proxima,2026-09-05_175509784.wav,2026-09-05_175509784_aug_shift.wav,time_shift,SPK009/proxima/2026-09-05_175509784_aug_shift.wav
SPK009,proxima,2026-09-05_175509784.wav,2026-09-05_175509784_aug_noise.wav,noise,SPK009/proxima/2026-09-05_175509784_aug_noise.wav
SPK009,proxima,2026-09-05_175509784.wav,2026-09-05_175509784_aug_gain.wav,gain,SPK009/proxima/2026-09-05_175509784_aug_gain.wav
SPK009,proxima,2026-09-05_175509784.wav,2026-09-05_175509784_aug_comp.wav,composite,SPK009/proxima/2026-09-05_175509784_aug_comp.wav
SPK009,proxima,2026-09-05_175522693.wav,2026-09-05_175522693_orig.wav,clean_original,SPK009/proxima/2026-09-05_175522693_orig.wav
SPK009,proxima,2026-09-05_175522693.wav,2026-09-05_175522693_aug_shift.wav,time_shift,SPK009/proxima/2026-09-05_175522693_aug_shift.wav
SPK009,proxima,2026-09-05_175522693.wav,2026-09-05_175522693_aug_noise.wav,noise,SPK009/proxima/2026-09-05_175522693_aug_noise.wav
SPK009,proxima,2026-09-05_175522693.wav,2026-09-05_175522693_aug_gain.wav,gain,SPK009/proxima/2026-09-05_175522693_aug_gain.wav
SPK009,proxima,2026-09-05_175522693.wav,2026-09-05_175522693_aug_comp.wav,composite,SPK009/proxima/2026-09-05_175522693_aug_comp.wav
SPK009,proxima,2026-09-05_175549966.wav,2026-09-05_175549966_orig.wav,clean_original,SPK009/proxima/2026-09-05_175549966_orig.wav
SPK009,proxima,2026-09-05_175549966.wav,2026-09-05_175549966_aug_shift.wav,time_shift,SPK009/proxima/2026-09-05_175549966_aug_shift.wav
SPK009,proxima,2026-09-05_175549966.wav,2026-09-05_175549966_aug_noise.wav,noise,SPK009/proxima/2026-09-05_175549966_aug_noise.wav
SPK009,proxima,2026-09-05_175549966.wav,2026-09-05_175549966_aug_gain.wav,gain,SPK009/proxima/2026-09-05_175549966_aug_gain.wav
SPK009,proxima,2026-09-05_175549966.wav,2026-09-05_175549966_aug_comp.wav,composite,SPK009/proxima/2026-09-05_175549966_aug_comp.wav
SPK009,proxima,2026-09-05_175607880.wav,2026-09-05_175607880_orig.wav,clean_original,SPK009/proxima/2026-09-05_175607880_orig.wav
SPK009,proxima,2026-09-05_175607880.wav,2026-09-05_175607880_aug_shift.wav,time_shift,SPK009/proxima/2026-09-05_175607880_aug_shift.wav
SPK009,proxima,2026-09-05_175607880.wav,2026-09-05_175607880_aug_noise.wav,noise,SPK009/proxima/2026-09-05_175607880_aug_noise.wav
SPK009,proxima,2026-09-05_175607880.wav,2026-09-05_175607880_aug_gain.wav,gain,SPK009/proxima/2026-09-05_175607880_aug_gain.wav
SPK009,proxima,2026-09-05_175607880.wav,2026-09-05_175607880_aug_comp.wav,composite,SPK009/proxima/2026-09-05_175607880_aug_comp.wav
SPK009,proxima,2026-09-05_175626671.wav,2026-09-05_175626671_orig.wav,clean_original,SPK009/proxima/2026-09-05_175626671_orig.wav
SPK009,proxima,2026-09-05_175626671.wav,2026-09-05_175626671_aug_shift.wav,time_shift,SPK009/proxima/2026-09-05_175626671_aug_shift.wav
SPK009,proxima,2026-09-05_175626671.wav,2026-09-05_175626671_aug_noise.wav,noise,SPK009/proxima/2026-09-05_175626671_aug_noise.wav
SPK009,proxima,2026-09-05_175626671.wav,2026-09-05_175626671_aug_gain.wav,gain,SPK009/proxima/2026-09-05_175626671_aug_gain.wav
SPK009,proxima,2026-09-05_175626671.wav,2026-09-05_175626671_aug_comp.wav,composite,SPK009/proxima/2026-09-05_175626671_aug_comp.wav
SPK009,proxima,2026-09-05_175631798.wav,2026-09-05_175631798_orig.wav,clean_original,SPK009/proxima/2026-09-05_175631798_orig.wav
SPK009,proxima,2026-09-05_175631798.wav,2026-09-05_175631798_aug_shift.wav,time_shift,SPK009/proxima/2026-09-05_175631798_aug_shift.wav
SPK009,proxima,2026-09-05_175631798.wav,2026-09-05_175631798_aug_noise.wav,noise,SPK009/proxima/2026-09-05_175631798_aug_noise.wav
SPK009,proxima,2026-09-05_175631798.wav,2026-09-05_175631798_aug_gain.wav,gain,SPK009/proxima/2026-09-05_175631798_aug_gain.wav
SPK009,proxima,2026-09-05_175631798.wav,2026-09-05_175631798_aug_comp.wav,composite,SPK009/proxima/2026-09-05_175631798_aug_comp.wav
SPK009,proxima,2026-09-05_175638454.wav,2026-09-05_175638454_orig.wav,clean_original,SPK009/proxima/2026-09-05_175638454_orig.wav
SPK009,proxima,2026-09-05_175638454.wav,2026-09-05_175638454_aug_shift.wav,time_shift,SPK009/proxima/2026-09-05_175638454_aug_shift.wav
SPK009,proxima,2026-09-05_175638454.wav,2026-09-05_175638454_aug_noise.wav,noise,SPK009/proxima/2026-09-05_175638454_aug_noise.wav
SPK009,proxima,2026-09-05_175638454.wav,2026-09-05_175638454_aug_gain.wav,gain,SPK009/proxima/2026-09-05_175638454_aug_gain.wav
SPK009,proxima,2026-09-05_175638454.wav,2026-09-05_175638454_aug_comp.wav,composite,SPK009/proxima/2026-09-05_175638454_aug_comp.wav
SPK009,proxima,2026-09-05_175647100.wav,2026-09-05_175647100_orig.wav,clean_original,SPK009/proxima/2026-09-05_175647100_orig.wav
SPK009,proxima,2026-09-05_175647100.wav,2026-09-05_175647100_aug_shift.wav,time_shift,SPK009/proxima/2026-09-05_175647100_aug_shift.wav
SPK009,proxima,2026-09-05_175647100.wav,2026-09-05_175647100_aug_noise.wav,noise,SPK009/proxima/2026-09-05_175647100_aug_noise.wav
SPK009,proxima,2026-09-05_175647100.wav,2026-09-05_175647100_aug_gain.wav,gain,SPK009/proxima/2026-09-05_175647100_aug_gain.wav
SPK009,proxima,2026-09-05_175647100.wav,2026-09-05_175647100_aug_comp.wav,composite,SPK009/proxima/2026-09-05_175647100_aug_comp.wav
SPK009,proxima,2026-09-05_175652723.wav,2026-09-05_175652723_orig.wav,clean_original,SPK009/proxima/2026-09-05_175652723_orig.wav
SPK009,proxima,2026-09-05_175652723.wav,2026-09-05_175652723_aug_shift.wav,time_shift,SPK009/proxima/2026-09-05_175652723_aug_shift.wav
SPK009,proxima,2026-09-05_175652723.wav,2026-09-05_175652723_aug_noise.wav,noise,SPK009/proxima/2026-09-05_175652723_aug_noise.wav
SPK009,proxima,2026-09-05_175652723.wav,2026-09-05_175652723_aug_gain.wav,gain,SPK009/proxima/2026-09-05_175652723_aug_gain.wav
SPK009,proxima,2026-09-05_175652723.wav,2026-09-05_175652723_aug_comp.wav,composite,SPK009/proxima/2026-09-05_175652723_aug_comp.wav
SPK009,proxima,2026-09-05_175741421.wav,2026-09-05_175741421_orig.wav,clean_original,SPK009/proxima/2026-09-05_175741421_orig.wav
SPK009,proxima,2026-09-05_175741421.wav,2026-09-05_175741421_aug_shift.wav,time_shift,SPK009/proxima/2026-09-05_175741421_aug_shift.wav
SPK009,proxima,2026-09-05_175741421.wav,2026-09-05_175741421_aug_noise.wav,noise,SPK009/proxima/2026-09-05_175741421_aug_noise.wav
SPK009,proxima,2026-09-05_175741421.wav,2026-09-05_175741421_aug_gain.wav,gain,SPK009/proxima/2026-09-05_175741421_aug_gain.wav
SPK009,proxima,2026-09-05_175741421.wav,2026-09-05_175741421_aug_comp.wav,composite,SPK009/proxima/2026-09-05_175741421_aug_comp.wav
SPK009,proxima,2026-09-05_175755637.wav,2026-09-05_175755637_orig.wav,clean_original,SPK009/proxima/2026-09-05_175755637_orig.wav
SPK009,proxima,2026-09-05_175755637.wav,2026-09-05_175755637_aug_shift.wav,time_shift,SPK009/proxima/2026-09-05_175755637_aug_shift.wav
SPK009,proxima,2026-09-05_175755637.wav,2026-09-05_175755637_aug_noise.wav,noise,SPK009/proxima/2026-09-05_175755637_aug_noise.wav
SPK009,proxima,2026-09-05_175755637.wav,2026-09-05_175755637_aug_gain.wav,gain,SPK009/proxima/2026-09-05_175755637_aug_gain.wav
SPK009,proxima,2026-09-05_175755637.wav,2026-09-05_175755637_aug_comp.wav,composite,SPK009/proxima/2026-09-05_175755637_aug_comp.wav
SPK009,proxima,2026-09-05_175802611.wav,2026-09-05_175802611_orig.wav,clean_original,SPK009/proxima/2026-09-05_175802611_orig.wav
SPK009,proxima,2026-09-05_175802611.wav,2026-09-05_175802611_aug_shift.wav,time_shift,SPK009/proxima/2026-09-05_175802611_aug_shift.wav
SPK009,proxima,2026-09-05_175802611.wav,2026-09-05_175802611_aug_noise.wav,noise,SPK009/proxima/2026-09-05_175802611_aug_noise.wav
SPK009,proxima,2026-09-05_175802611.wav,2026-09-05_175802611_aug_gain.wav,gain,SPK009/proxima/2026-09-05_175802611_aug_gain.wav
SPK009,proxima,2026-09-05_175802611.wav,2026-09-05_175802611_aug_comp.wav,composite,SPK009/proxima/2026-09-05_175802611_aug_comp.wav
SPK009,proxima,2026-09-05_175807690.wav,2026-09-05_175807690_orig.wav,clean_original,SPK009/proxima/2026-09-05_175807690_orig.wav
SPK009,proxima,2026-09-05_175807690.wav,2026-09-05_175807690_aug_shift.wav,time_shift,SPK009/proxima/2026-09-05_175807690_aug_shift.wav
SPK009,proxima,2026-09-05_175807690.wav,2026-09-05_175807690_aug_noise.wav,noise,SPK009/proxima/2026-09-05_175807690_aug_noise.wav
SPK009,proxima,2026-09-05_175807690.wav,2026-09-05_175807690_aug_gain.wav,gain,SPK009/proxima/2026-09-05_175807690_aug_gain.wav
SPK009,proxima,2026-09-05_175807690.wav,2026-09-05_175807690_aug_comp.wav,composite,SPK009/proxima/2026-09-05_175807690_aug_comp.wav
SPK009,proxima,2026-09-05_175815590.wav,2026-09-05_175815590_orig.wav,clean_original,SPK009/proxima/2026-09-05_175815590_orig.wav
SPK009,proxima,2026-09-05_175815590.wav,2026-09-05_175815590_aug_shift.wav,time_shift,SPK009/proxima/2026-09-05_175815590_aug_shift.wav
SPK009,proxima,2026-09-05_175815590.wav,2026-09-05_175815590_aug_noise.wav,noise,SPK009/proxima/2026-09-05_175815590_aug_noise.wav
SPK009,proxima,2026-09-05_175815590.wav,2026-09-05_175815590_aug_gain.wav,gain,SPK009/proxima/2026-09-05_175815590_aug_gain.wav
SPK009,proxima,2026-09-05_175815590.wav,2026-09-05_175815590_aug_comp.wav,composite,SPK009/proxima/2026-09-05_175815590_aug_comp.wav
SPK011,proxima,07-09-2026 14.53(2).wav,07-09-2026 14.53(2)_orig.wav,clean_original,SPK011/proxima/07-09-2026 14.53(2)_orig.wav
SPK011,proxima,07-09-2026 14.53(2).wav,07-09-2026 14.53(2)_aug_shift.wav,time_shift,SPK011/proxima/07-09-2026 14.53(2)_aug_shift.wav
SPK011,proxima,07-09-2026 14.53(2).wav,07-09-2026 14.53(2)_aug_noise.wav,noise,SPK011/proxima/07-09-2026 14.53(2)_aug_noise.wav
SPK011,proxima,07-09-2026 14.53(2).wav,07-09-2026 14.53(2)_aug_gain.wav,gain,SPK011/proxima/07-09-2026 14.53(2)_aug_gain.wav
SPK011,proxima,07-09-2026 14.53(2).wav,07-09-2026 14.53(2)_aug_comp.wav,composite,SPK011/proxima/07-09-2026 14.53(2)_aug_comp.wav
SPK011,proxima,07-09-2026 14.53(3).wav,07-09-2026 14.53(3)_orig.wav,clean_original,SPK011/proxima/07-09-2026 14.53(3)_orig.wav
SPK011,proxima,07-09-2026 14.53(3).wav,07-09-2026 14.53(3)_aug_shift.wav,time_shift,SPK011/proxima/07-09-2026 14.53(3)_aug_shift.wav
SPK011,proxima,07-09-2026 14.53(3).wav,07-09-2026 14.53(3)_aug_noise.wav,noise,SPK011/proxima/07-09-2026 14.53(3)_aug_noise.wav
SPK011,proxima,07-09-2026 14.53(3).wav,07-09-2026 14.53(3)_aug_gain.wav,gain,SPK011/proxima/07-09-2026 14.53(3)_aug_gain.wav
SPK011,proxima,07-09-2026 14.53(3).wav,07-09-2026 14.53(3)_aug_comp.wav,composite,SPK011/proxima/07-09-2026 14.53(3)_aug_comp.wav
SPK011,proxima,07-09-2026 14.53(4).wav,07-09-2026 14.53(4)_orig.wav,clean_original,SPK011/proxima/07-09-2026 14.53(4)_orig.wav
SPK011,proxima,07-09-2026 14.53(4).wav,07-09-2026 14.53(4)_aug_shift.wav,time_shift,SPK011/proxima/07-09-2026 14.53(4)_aug_shift.wav
SPK011,proxima,07-09-2026 14.53(4).wav,07-09-2026 14.53(4)_aug_noise.wav,noise,SPK011/proxima/07-09-2026 14.53(4)_aug_noise.wav
SPK011,proxima,07-09-2026 14.53(4).wav,07-09-2026 14.53(4)_aug_gain.wav,gain,SPK011/proxima/07-09-2026 14.53(4)_aug_gain.wav
SPK011,proxima,07-09-2026 14.53(4).wav,07-09-2026 14.53(4)_aug_comp.wav,composite,SPK011/proxima/07-09-2026 14.53(4)_aug_comp.wav
SPK011,proxima,07-09-2026 14.53.wav,07-09-2026 14.53_orig.wav,clean_original,SPK011/proxima/07-09-2026 14.53_orig.wav
SPK011,proxima,07-09-2026 14.53.wav,07-09-2026 14.53_aug_shift.wav,time_shift,SPK011/proxima/07-09-2026 14.53_aug_shift.wav
SPK011,proxima,07-09-2026 14.53.wav,07-09-2026 14.53_aug_noise.wav,noise,SPK011/proxima/07-09-2026 14.53_aug_noise.wav
SPK011,proxima,07-09-2026 14.53.wav,07-09-2026 14.53_aug_gain.wav,gain,SPK011/proxima/07-09-2026 14.53_aug_gain.wav
SPK011,proxima,07-09-2026 14.53.wav,07-09-2026 14.53_aug_comp.wav,composite,SPK011/proxima/07-09-2026 14.53_aug_comp.wav
SPK011,proxima,07-09-2026 14.56(2).wav,07-09-2026 14.56(2)_orig.wav,clean_original,SPK011/proxima/07-09-2026 14.56(2)_orig.wav
SPK011,proxima,07-09-2026 14.56(2).wav,07-09-2026 14.56(2)_aug_shift.wav,time_shift,SPK011/proxima/07-09-2026 14.56(2)_aug_shift.wav
SPK011,proxima,07-09-2026 14.56(2).wav,07-09-2026 14.56(2)_aug_noise.wav,noise,SPK011/proxima/07-09-2026 14.56(2)_aug_noise.wav
SPK011,proxima,07-09-2026 14.56(2).wav,07-09-2026 14.56(2)_aug_gain.wav,gain,SPK011/proxima/07-09-2026 14.56(2)_aug_gain.wav
SPK011,proxima,07-09-2026 14.56(2).wav,07-09-2026 14.56(2)_aug_comp.wav,composite,SPK011/proxima/07-09-2026 14.56(2)_aug_comp.wav
SPK011,proxima,07-09-2026 14.56(3).wav,07-09-2026 14.56(3)_orig.wav,clean_original,SPK011/proxima/07-09-2026 14.56(3)_orig.wav
SPK011,proxima,07-09-2026 14.56(3).wav,07-09-2026 14.56(3)_aug_shift.wav,time_shift,SPK011/proxima/07-09-2026 14.56(3)_aug_shift.wav
SPK011,proxima,07-09-2026 14.56(3).wav,07-09-2026 14.56(3)_aug_noise.wav,noise,SPK011/proxima/07-09-2026 14.56(3)_aug_noise.wav
SPK011,proxima,07-09-2026 14.56(3).wav,07-09-2026 14.56(3)_aug_gain.wav,gain,SPK011/proxima/07-09-2026 14.56(3)_aug_gain.wav
SPK011,proxima,07-09-2026 14.56(3).wav,07-09-2026 14.56(3)_aug_comp.wav,composite,SPK011/proxima/07-09-2026 14.56(3)_aug_comp.wav
SPK011,proxima,07-09-2026 14.56(4).wav,07-09-2026 14.56(4)_orig.wav,clean_original,SPK011/proxima/07-09-2026 14.56(4)_orig.wav
SPK011,proxima,07-09-2026 14.56(4).wav,07-09-2026 14.56(4)_aug_shift.wav,time_shift,SPK011/proxima/07-09-2026 14.56(4)_aug_shift.wav
SPK011,proxima,07-09-2026 14.56(4).wav,07-09-2026 14.56(4)_aug_noise.wav,noise,SPK011/proxima/07-09-2026 14.56(4)_aug_noise.wav
SPK011,proxima,07-09-2026 14.56(4).wav,07-09-2026 14.56(4)_aug_gain.wav,gain,SPK011/proxima/07-09-2026 14.56(4)_aug_gain.wav
SPK011,proxima,07-09-2026 14.56(4).wav,07-09-2026 14.56(4)_aug_comp.wav,composite,SPK011/proxima/07-09-2026 14.56(4)_aug_comp.wav
SPK011,proxima,07-09-2026 14.56(5).wav,07-09-2026 14.56(5)_orig.wav,clean_original,SPK011/proxima/07-09-2026 14.56(5)_orig.wav
SPK011,proxima,07-09-2026 14.56(5).wav,07-09-2026 14.56(5)_aug_shift.wav,time_shift,SPK011/proxima/07-09-2026 14.56(5)_aug_shift.wav
SPK011,proxima,07-09-2026 14.56(5).wav,07-09-2026 14.56(5)_aug_noise.wav,noise,SPK011/proxima/07-09-2026 14.56(5)_aug_noise.wav
SPK011,proxima,07-09-2026 14.56(5).wav,07-09-2026 14.56(5)_aug_gain.wav,gain,SPK011/proxima/07-09-2026 14.56(5)_aug_gain.wav
SPK011,proxima,07-09-2026 14.56(5).wav,07-09-2026 14.56(5)_aug_comp.wav,composite,SPK011/proxima/07-09-2026 14.56(5)_aug_comp.wav
SPK011,proxima,07-09-2026 14.56.wav,07-09-2026 14.56_orig.wav,clean_original,SPK011/proxima/07-09-2026 14.56_orig.wav
SPK011,proxima,07-09-2026 14.56.wav,07-09-2026 14.56_aug_shift.wav,time_shift,SPK011/proxima/07-09-2026 14.56_aug_shift.wav
SPK011,proxima,07-09-2026 14.56.wav,07-09-2026 14.56_aug_noise.wav,noise,SPK011/proxima/07-09-2026 14.56_aug_noise.wav
SPK011,proxima,07-09-2026 14.56.wav,07-09-2026 14.56_aug_gain.wav,gain,SPK011/proxima/07-09-2026 14.56_aug_gain.wav
SPK011,proxima,07-09-2026 14.56.wav,07-09-2026 14.56_aug_comp.wav,composite,SPK011/proxima/07-09-2026 14.56_aug_comp.wav
SPK011,proxima,07-09-2026 14.57(2).wav,07-09-2026 14.57(2)_orig.wav,clean_original,SPK011/proxima/07-09-2026 14.57(2)_orig.wav
SPK011,proxima,07-09-2026 14.57(2).wav,07-09-2026 14.57(2)_aug_shift.wav,time_shift,SPK011/proxima/07-09-2026 14.57(2)_aug_shift.wav
SPK011,proxima,07-09-2026 14.57(2).wav,07-09-2026 14.57(2)_aug_noise.wav,noise,SPK011/proxima/07-09-2026 14.57(2)_aug_noise.wav
SPK011,proxima,07-09-2026 14.57(2).wav,07-09-2026 14.57(2)_aug_gain.wav,gain,SPK011/proxima/07-09-2026 14.57(2)_aug_gain.wav
SPK011,proxima,07-09-2026 14.57(2).wav,07-09-2026 14.57(2)_aug_comp.wav,composite,SPK011/proxima/07-09-2026 14.57(2)_aug_comp.wav
SPK011,proxima,07-09-2026 14.57(3).wav,07-09-2026 14.57(3)_orig.wav,clean_original,SPK011/proxima/07-09-2026 14.57(3)_orig.wav
SPK011,proxima,07-09-2026 14.57(3).wav,07-09-2026 14.57(3)_aug_shift.wav,time_shift,SPK011/proxima/07-09-2026 14.57(3)_aug_shift.wav
SPK011,proxima,07-09-2026 14.57(3).wav,07-09-2026 14.57(3)_aug_noise.wav,noise,SPK011/proxima/07-09-2026 14.57(3)_aug_noise.wav
SPK011,proxima,07-09-2026 14.57(3).wav,07-09-2026 14.57(3)_aug_gain.wav,gain,SPK011/proxima/07-09-2026 14.57(3)_aug_gain.wav
SPK011,proxima,07-09-2026 14.57(3).wav,07-09-2026 14.57(3)_aug_comp.wav,composite,SPK011/proxima/07-09-2026 14.57(3)_aug_comp.wav
SPK011,proxima,07-09-2026 14.57(4).wav,07-09-2026 14.57(4)_orig.wav,clean_original,SPK011/proxima/07-09-2026 14.57(4)_orig.wav
SPK011,proxima,07-09-2026 14.57(4).wav,07-09-2026 14.57(4)_aug_shift.wav,time_shift,SPK011/proxima/07-09-2026 14.57(4)_aug_shift.wav
SPK011,proxima,07-09-2026 14.57(4).wav,07-09-2026 14.57(4)_aug_noise.wav,noise,SPK011/proxima/07-09-2026 14.57(4)_aug_noise.wav
SPK011,proxima,07-09-2026 14.57(4).wav,07-09-2026 14.57(4)_aug_gain.wav,gain,SPK011/proxima/07-09-2026 14.57(4)_aug_gain.wav
SPK011,proxima,07-09-2026 14.57(4).wav,07-09-2026 14.57(4)_aug_comp.wav,composite,SPK011/proxima/07-09-2026 14.57(4)_aug_comp.wav
SPK011,proxima,07-09-2026 14.57(5).wav,07-09-2026 14.57(5)_orig.wav,clean_original,SPK011/proxima/07-09-2026 14.57(5)_orig.wav
SPK011,proxima,07-09-2026 14.57(5).wav,07-09-2026 14.57(5)_aug_shift.wav,time_shift,SPK011/proxima/07-09-2026 14.57(5)_aug_shift.wav
SPK011,proxima,07-09-2026 14.57(5).wav,07-09-2026 14.57(5)_aug_noise.wav,noise,SPK011/proxima/07-09-2026 14.57(5)_aug_noise.wav
SPK011,proxima,07-09-2026 14.57(5).wav,07-09-2026 14.57(5)_aug_gain.wav,gain,SPK011/proxima/07-09-2026 14.57(5)_aug_gain.wav
SPK011,proxima,07-09-2026 14.57(5).wav,07-09-2026 14.57(5)_aug_comp.wav,composite,SPK011/proxima/07-09-2026 14.57(5)_aug_comp.wav
SPK011,proxima,07-09-2026 14.57(6).wav,07-09-2026 14.57(6)_orig.wav,clean_original,SPK011/proxima/07-09-2026 14.57(6)_orig.wav
SPK011,proxima,07-09-2026 14.57(6).wav,07-09-2026 14.57(6)_aug_shift.wav,time_shift,SPK011/proxima/07-09-2026 14.57(6)_aug_shift.wav
SPK011,proxima,07-09-2026 14.57(6).wav,07-09-2026 14.57(6)_aug_noise.wav,noise,SPK011/proxima/07-09-2026 14.57(6)_aug_noise.wav
SPK011,proxima,07-09-2026 14.57(6).wav,07-09-2026 14.57(6)_aug_gain.wav,gain,SPK011/proxima/07-09-2026 14.57(6)_aug_gain.wav
SPK011,proxima,07-09-2026 14.57(6).wav,07-09-2026 14.57(6)_aug_comp.wav,composite,SPK011/proxima/07-09-2026 14.57(6)_aug_comp.wav
SPK011,proxima,07-09-2026 14.57(7).wav,07-09-2026 14.57(7)_orig.wav,clean_original,SPK011/proxima/07-09-2026 14.57(7)_orig.wav
SPK011,proxima,07-09-2026 14.57(7).wav,07-09-2026 14.57(7)_aug_shift.wav,time_shift,SPK011/proxima/07-09-2026 14.57(7)_aug_shift.wav
SPK011,proxima,07-09-2026 14.57(7).wav,07-09-2026 14.57(7)_aug_noise.wav,noise,SPK011/proxima/07-09-2026 14.57(7)_aug_noise.wav
SPK011,proxima,07-09-2026 14.57(7).wav,07-09-2026 14.57(7)_aug_gain.wav,gain,SPK011/proxima/07-09-2026 14.57(7)_aug_gain.wav
SPK011,proxima,07-09-2026 14.57(7).wav,07-09-2026 14.57(7)_aug_comp.wav,composite,SPK011/proxima/07-09-2026 14.57(7)_aug_comp.wav
SPK011,proxima,07-09-2026 14.57(8).wav,07-09-2026 14.57(8)_orig.wav,clean_original,SPK011/proxima/07-09-2026 14.57(8)_orig.wav
SPK011,proxima,07-09-2026 14.57(8).wav,07-09-2026 14.57(8)_aug_shift.wav,time_shift,SPK011/proxima/07-09-2026 14.57(8)_aug_shift.wav
SPK011,proxima,07-09-2026 14.57(8).wav,07-09-2026 14.57(8)_aug_noise.wav,noise,SPK011/proxima/07-09-2026 14.57(8)_aug_noise.wav
SPK011,proxima,07-09-2026 14.57(8).wav,07-09-2026 14.57(8)_aug_gain.wav,gain,SPK011/proxima/07-09-2026 14.57(8)_aug_gain.wav
SPK011,proxima,07-09-2026 14.57(8).wav,07-09-2026 14.57(8)_aug_comp.wav,composite,SPK011/proxima/07-09-2026 14.57(8)_aug_comp.wav
SPK011,proxima,07-09-2026 14.57(9).wav,07-09-2026 14.57(9)_orig.wav,clean_original,SPK011/proxima/07-09-2026 14.57(9)_orig.wav
SPK011,proxima,07-09-2026 14.57(9).wav,07-09-2026 14.57(9)_aug_shift.wav,time_shift,SPK011/proxima/07-09-2026 14.57(9)_aug_shift.wav
SPK011,proxima,07-09-2026 14.57(9).wav,07-09-2026 14.57(9)_aug_noise.wav,noise,SPK011/proxima/07-09-2026 14.57(9)_aug_noise.wav
SPK011,proxima,07-09-2026 14.57(9).wav,07-09-2026 14.57(9)_aug_gain.wav,gain,SPK011/proxima/07-09-2026 14.57(9)_aug_gain.wav
SPK011,proxima,07-09-2026 14.57(9).wav,07-09-2026 14.57(9)_aug_comp.wav,composite,SPK011/proxima/07-09-2026 14.57(9)_aug_comp.wav
SPK011,proxima,07-09-2026 14.57.wav,07-09-2026 14.57_orig.wav,clean_original,SPK011/proxima/07-09-2026 14.57_orig.wav
SPK011,proxima,07-09-2026 14.57.wav,07-09-2026 14.57_aug_shift.wav,time_shift,SPK011/proxima/07-09-2026 14.57_aug_shift.wav
SPK011,proxima,07-09-2026 14.57.wav,07-09-2026 14.57_aug_noise.wav,noise,SPK011/proxima/07-09-2026 14.57_aug_noise.wav
SPK011,proxima,07-09-2026 14.57.wav,07-09-2026 14.57_aug_gain.wav,gain,SPK011/proxima/07-09-2026 14.57_aug_gain.wav
SPK011,proxima,07-09-2026 14.57.wav,07-09-2026 14.57_aug_comp.wav,composite,SPK011/proxima/07-09-2026 14.57_aug_comp.wav
SPK011,proxima,07-09-2026 14.58(2).wav,07-09-2026 14.58(2)_orig.wav,clean_original,SPK011/proxima/07-09-2026 14.58(2)_orig.wav
SPK011,proxima,07-09-2026 14.58(2).wav,07-09-2026 14.58(2)_aug_shift.wav,time_shift,SPK011/proxima/07-09-2026 14.58(2)_aug_shift.wav
SPK011,proxima,07-09-2026 14.58(2).wav,07-09-2026 14.58(2)_aug_noise.wav,noise,SPK011/proxima/07-09-2026 14.58(2)_aug_noise.wav
SPK011,proxima,07-09-2026 14.58(2).wav,07-09-2026 14.58(2)_aug_gain.wav,gain,SPK011/proxima/07-09-2026 14.58(2)_aug_gain.wav
SPK011,proxima,07-09-2026 14.58(2).wav,07-09-2026 14.58(2)_aug_comp.wav,composite,SPK011/proxima/07-09-2026 14.58(2)_aug_comp.wav
SPK011,proxima,07-09-2026 14.58.wav,07-09-2026 14.58_orig.wav,clean_original,SPK011/proxima/07-09-2026 14.58_orig.wav
SPK011,proxima,07-09-2026 14.58.wav,07-09-2026 14.58_aug_shift.wav,time_shift,SPK011/proxima/07-09-2026 14.58_aug_shift.wav
SPK011,proxima,07-09-2026 14.58.wav,07-09-2026 14.58_aug_noise.wav,noise,SPK011/proxima/07-09-2026 14.58_aug_noise.wav
SPK011,proxima,07-09-2026 14.58.wav,07-09-2026 14.58_aug_gain.wav,gain,SPK011/proxima/07-09-2026 14.58_aug_gain.wav
SPK011,proxima,07-09-2026 14.58.wav,07-09-2026 14.58_aug_comp.wav,composite,SPK011/proxima/07-09-2026 14.58_aug_comp.wav
